{
    "C:\\TwinCAT\\CNC\\sub\\Field1.nc": 1750238664.0389724,
    "C:\\TwinCAT\\CNC\\sub\\Field12.nc": 1750233054.1365042,
    "C:\\TwinCAT\\CNC\\sub\\Field2.nc": 1750239429.3044436
}