{
    "C:\\TwinCAT\\CNC\\sub\\Field1.nc": 1750221653.8990998,
    "C:\\TwinCAT\\CNC\\sub\\Field12.nc": 1749823049.5744843,
    "C:\\TwinCAT\\CNC\\sub\\Field2.nc": 1749976138.0093718
}