2026-01-12 11:54:05.585 | INFO | ================================================================================
2026-01-12 11:54:05.585 | INFO | SESSION DEBUG LOGGER INITIALIZED
2026-01-12 11:54:05.585 | INFO | ================================================================================
2026-01-12 11:54:06.264 | INFO | ScannerPanel initialized - thread sync enabled
2026-01-12 11:55:50.804 | INFO | ============================================================
2026-01-12 11:55:50.804 | INFO | _start_session_for_excel_work CALLED
2026-01-12 11:55:50.804 | INFO |   excel_file_path: C:\ACCURA\MO08588_Dressing_(3-7)_20260112_115516.xlsx
2026-01-12 11:55:50.807 | INFO |   existing current_session_id: None
2026-01-12 11:55:50.807 | INFO |   existing api_session_id: None
2026-01-12 11:55:50.807 | INFO |   existing active_project: None
2026-01-12 11:55:50.807 | INFO |   existing active_user: ACCURA
2026-01-12 11:55:50.807 | INFO |   User source: active_user = ACCURA
2026-01-12 11:55:50.813 | INFO |   Project extracted and CACHED: MO08588_Dressing_(3-7)
2026-01-12 11:55:50.813 | INFO |   Checking for existing session: user=ACCURA, project=MO08588_Dressing_(3-7)
2026-01-12 11:55:52.829 | INFO |   No existing session found - creating NEW session
2026-01-12 11:55:52.829 | INFO |   NEW session created: ACCURA_MO08588_Dressing_(3-7)_20260112_115552
2026-01-12 11:55:52.829 | INFO |   (api_session_id will be set when API responds)
2026-01-12 11:55:52.829 | INFO |   API CALL: POST http://localhost:5001/session/xlsx_updated
2026-01-12 11:55:52.829 | INFO |   API DATA: {"event": "XLSX_UPDATED", "user": "ACCURA", "project": "MO08588_Dressing_(3-7)", "file_path": "C:\\ACCURA\\MO08588_Dressing_(3-7)_20260112_115516.xlsx", "item_count": 31, "timestamp": "2026-01-12T11:55:52.829149", "session_id": "ACCURA_MO08588_Dressing_(3-7)_20260112_115552"}
2026-01-12 11:55:54.879 | INFO |   API RESPONSE: session_id=ACCURA_MO08588_Dressing_(3-7)_20260112_115554
2026-01-12 11:55:54.880 | INFO |   SESSION IDs NOW: api=ACCURA_MO08588_Dressing_(3-7)_20260112_115554, local=ACCURA_MO08588_Dressing_(3-7)_20260112_115552
2026-01-12 11:56:03.564 | INFO | ============================================================
2026-01-12 11:56:03.564 | INFO | _pause_session CALLED
2026-01-12 11:56:03.564 | INFO |   blocking: False
2026-01-12 11:56:03.564 | INFO |   current_session_id: ACCURA_MO08588_Dressing_(3-7)_20260112_115552
2026-01-12 11:56:03.571 | INFO |   api_session_id: ACCURA_MO08588_Dressing_(3-7)_20260112_115554
2026-01-12 11:56:03.571 | INFO |   session_paused: False
2026-01-12 11:56:03.571 | INFO |   active_project (CACHED): MO08588_Dressing_(3-7)
2026-01-12 11:56:03.571 | INFO |   active_user (CACHED): ACCURA
2026-01-12 11:56:03.571 | INFO |   Session marked as paused at 2026-01-12 11:56:03.571367
2026-01-12 11:56:03.571 | INFO |   Using CACHED user: ACCURA
2026-01-12 11:56:03.571 | INFO |   Using CACHED project: MO08588_Dressing_(3-7)
2026-01-12 11:56:03.573 | INFO |   Using session_id for API: ACCURA_MO08588_Dressing_(3-7)_20260112_115554
2026-01-12 11:56:03.573 | INFO |   PAUSE API data: {"session_id": "ACCURA_MO08588_Dressing_(3-7)_20260112_115554", "timestamp": "2026-01-12T11:56:03.571367", "user": "ACCURA", "project": "MO08588_Dressing_(3-7)"}
2026-01-12 11:56:03.573 | INFO |   PAUSE API CALL: POST http://localhost:5001/session/pause
2026-01-12 11:56:05.617 | INFO |   PAUSE API RESPONSE: 200
2026-01-12 11:56:05.620 | INFO |   Session pause SUCCESSFUL
2026-01-12 11:56:06.647 | INFO |   SESSION_PAUSE log event: {"event": "SESSION_PAUSE", "user": "ACCURA", "project": "MO08588_Dressing_(3-7)", "session_id": "ACCURA_MO08588_Dressing_(3-7)_20260112_115554", "details": "Session paused - panel hidden", "status": "PAUZE", "timestamp": "2026-01-12T11:56:03.571367"}
2026-01-12 11:56:08.723 | INFO |   SESSION_PAUSE log response: 201
2026-01-12 11:56:08.723 | INFO |   PAUSE COMPLETE - _pause_complete_event SET
2026-01-12 11:56:31.197 | INFO | ============================================================
2026-01-12 11:56:31.198 | INFO | _start_session_for_excel_work CALLED
2026-01-12 11:56:31.198 | INFO |   excel_file_path: C:\ACCURA\MO08588_Dressing_(3-7)_20260112_115516.xlsx
2026-01-12 11:56:31.198 | INFO |   existing current_session_id: ACCURA_MO08588_Dressing_(3-7)_20260112_115552
2026-01-12 11:56:31.198 | INFO |   existing api_session_id: ACCURA_MO08588_Dressing_(3-7)_20260112_115554
2026-01-12 11:56:31.198 | INFO |   existing active_project: MO08588_Dressing_(3-7)
2026-01-12 11:56:31.198 | INFO |   existing active_user: ACCURA
2026-01-12 11:56:31.198 | INFO |   User source: active_user = ACCURA
2026-01-12 11:56:31.206 | INFO |   Project extracted and CACHED: MO08588_Dressing_(3-7)
2026-01-12 11:56:31.206 | INFO | ============================================================
2026-01-12 11:56:31.206 | INFO | _resume_session CALLED
2026-01-12 11:56:31.206 | INFO |   current_session_id: ACCURA_MO08588_Dressing_(3-7)_20260112_115552
2026-01-12 11:56:31.206 | INFO |   api_session_id: ACCURA_MO08588_Dressing_(3-7)_20260112_115554
2026-01-12 11:56:31.206 | INFO |   session_paused: True
2026-01-12 11:56:31.206 | INFO |   active_project (CACHED): MO08588_Dressing_(3-7)
2026-01-12 11:56:31.206 | INFO |   active_user (CACHED): ACCURA
2026-01-12 11:56:31.206 | INFO |   Session marked as resumed
2026-01-12 11:56:31.207 | INFO |   Using CACHED user: ACCURA
2026-01-12 11:56:31.207 | INFO |   Using CACHED project: MO08588_Dressing_(3-7)
2026-01-12 11:56:31.207 | INFO |   Using session_id for API: ACCURA_MO08588_Dressing_(3-7)_20260112_115554
2026-01-12 11:56:31.207 | INFO |   RESUME API data: {"session_id": "ACCURA_MO08588_Dressing_(3-7)_20260112_115554", "timestamp": "2026-01-12T11:56:31.207516", "total_pause_duration": 0, "user": "ACCURA", "project": "MO08588_Dressing_(3-7)"}
2026-01-12 11:56:31.208 | INFO |   RESUME API CALL: POST http://localhost:5001/session/resume
2026-01-12 11:56:32.239 | INFO |   RESUME API RESPONSE: 200
2026-01-12 11:56:33.261 | INFO |   SESSION_RESUME log event: {"event": "SESSION_RESUME", "user": "ACCURA", "project": "MO08588_Dressing_(3-7)", "session_id": "ACCURA_MO08588_Dressing_(3-7)_20260112_115554", "details": "Session resumed - pause duration: 0.5 minutes", "status": "BEZIG", "timestamp": "2026-01-12T11:56:33.261490"}
2026-01-12 11:56:34.283 | INFO |   SESSION_RESUME log response: 201
2026-01-12 11:56:41.346 | INFO | ============================================================
2026-01-12 11:56:41.346 | INFO | _pause_session CALLED
2026-01-12 11:56:41.346 | INFO |   blocking: False
2026-01-12 11:56:41.346 | INFO |   current_session_id: ACCURA_MO08588_Dressing_(3-7)_20260112_115552
2026-01-12 11:56:41.346 | INFO |   api_session_id: ACCURA_MO08588_Dressing_(3-7)_20260112_115554
2026-01-12 11:56:41.346 | INFO |   session_paused: False
2026-01-12 11:56:41.346 | INFO |   active_project (CACHED): MO08588_Dressing_(3-7)
2026-01-12 11:56:41.346 | INFO |   active_user (CACHED): ACCURA
2026-01-12 11:56:41.346 | INFO |   Session marked as paused at 2026-01-12 11:56:41.346267
2026-01-12 11:56:41.346 | INFO |   Using CACHED user: ACCURA
2026-01-12 11:56:41.346 | INFO |   Using CACHED project: MO08588_Dressing_(3-7)
2026-01-12 11:56:41.346 | INFO |   Using session_id for API: ACCURA_MO08588_Dressing_(3-7)_20260112_115554
2026-01-12 11:56:41.346 | INFO |   PAUSE API data: {"session_id": "ACCURA_MO08588_Dressing_(3-7)_20260112_115554", "timestamp": "2026-01-12T11:56:41.346267", "user": "ACCURA", "project": "MO08588_Dressing_(3-7)"}
2026-01-12 11:56:41.346 | INFO |   PAUSE API CALL: POST http://localhost:5001/session/pause
2026-01-12 11:56:43.424 | INFO |   PAUSE API RESPONSE: 200
2026-01-12 11:56:43.426 | INFO |   Session pause SUCCESSFUL
2026-01-12 11:56:44.446 | INFO |   SESSION_PAUSE log event: {"event": "SESSION_PAUSE", "user": "ACCURA", "project": "MO08588_Dressing_(3-7)", "session_id": "ACCURA_MO08588_Dressing_(3-7)_20260112_115554", "details": "Session paused - panel hidden", "status": "PAUZE", "timestamp": "2026-01-12T11:56:41.346267"}
2026-01-12 11:56:46.498 | INFO |   SESSION_PAUSE log response: 201
2026-01-12 11:56:46.498 | INFO |   PAUSE COMPLETE - _pause_complete_event SET
2026-01-12 12:45:36.310 | INFO | ================================================================================
2026-01-12 12:45:36.310 | INFO | SESSION DEBUG LOGGER INITIALIZED
2026-01-12 12:45:36.310 | INFO | ================================================================================
2026-01-12 12:45:36.887 | INFO | ScannerPanel initialized - thread sync enabled
2026-01-12 12:55:24.190 | INFO | ============================================================
2026-01-12 12:55:24.190 | INFO | _start_session_for_excel_work CALLED
2026-01-12 12:55:24.190 | INFO |   excel_file_path: C:\ACCURA\MO08586_Lage_kast_(1-7)_20260112_125326.xlsx
2026-01-12 12:55:24.190 | INFO |   existing current_session_id: None
2026-01-12 12:55:24.190 | INFO |   existing api_session_id: None
2026-01-12 12:55:24.190 | INFO |   existing active_project: None
2026-01-12 12:55:24.190 | INFO |   existing active_user: ACCURA
2026-01-12 12:55:24.190 | INFO |   User source: active_user = ACCURA
2026-01-12 12:55:24.200 | INFO |   Project extracted and CACHED: MO08586_Lage_kast_(1-7)
2026-01-12 12:55:24.200 | INFO |   Checking for existing session: user=ACCURA, project=MO08586_Lage_kast_(1-7)
2026-01-12 12:55:26.206 | INFO |   FOUND existing session from API:
2026-01-12 12:55:26.206 | INFO |     session_id: ACCURA_MO08586_Lage_kast_(1-7)_20260109_205450
2026-01-12 12:55:26.206 | INFO |     is_paused: True
2026-01-12 12:55:26.206 | INFO |   Session IDs synchronized: api=ACCURA_MO08586_Lage_kast_(1-7)_20260109_205450, local=ACCURA_MO08586_Lage_kast_(1-7)_20260109_205450
2026-01-12 12:55:26.206 | INFO |   Session IS paused - will call _resume_session()
2026-01-12 12:55:26.206 | INFO | ============================================================
2026-01-12 12:55:26.206 | INFO | _resume_session CALLED
2026-01-12 12:55:26.206 | INFO |   current_session_id: ACCURA_MO08586_Lage_kast_(1-7)_20260109_205450
2026-01-12 12:55:26.206 | INFO |   api_session_id: ACCURA_MO08586_Lage_kast_(1-7)_20260109_205450
2026-01-12 12:55:26.206 | INFO |   session_paused: True
2026-01-12 12:55:26.206 | INFO |   active_project (CACHED): MO08586_Lage_kast_(1-7)
2026-01-12 12:55:26.206 | INFO |   active_user (CACHED): ACCURA
2026-01-12 12:55:26.206 | INFO |   Session marked as resumed
2026-01-12 12:55:26.206 | INFO |   Using CACHED user: ACCURA
2026-01-12 12:55:26.206 | INFO |   Using CACHED project: MO08586_Lage_kast_(1-7)
2026-01-12 12:55:26.208 | INFO |   Using session_id for API: ACCURA_MO08586_Lage_kast_(1-7)_20260109_205450
2026-01-12 12:55:26.208 | INFO |   RESUME API data: {"session_id": "ACCURA_MO08586_Lage_kast_(1-7)_20260109_205450", "timestamp": "2026-01-12T12:55:26.208061", "total_pause_duration": 2.92, "user": "ACCURA", "project": "MO08586_Lage_kast_(1-7)"}
2026-01-12 12:55:26.208 | INFO |   RESUME API CALL: POST http://localhost:5001/session/resume
2026-01-12 12:55:27.237 | INFO |   RESUME API RESPONSE: 200
2026-01-12 12:55:28.258 | INFO |   SESSION_RESUME log event: {"event": "SESSION_RESUME", "user": "ACCURA", "project": "MO08586_Lage_kast_(1-7)", "session_id": "ACCURA_MO08586_Lage_kast_(1-7)_20260109_205450", "details": "Session resumed - pause duration: 0.0 minutes", "status": "BEZIG", "timestamp": "2026-01-12T12:55:28.258554"}
2026-01-12 12:55:29.285 | INFO |   SESSION_RESUME log response: 201
2026-01-12 12:56:24.823 | INFO | ============================================================
2026-01-12 12:56:24.823 | INFO | _pause_session CALLED
2026-01-12 12:56:24.823 | INFO |   blocking: False
2026-01-12 12:56:24.823 | INFO |   current_session_id: ACCURA_MO08586_Lage_kast_(1-7)_20260109_205450
2026-01-12 12:56:24.823 | INFO |   api_session_id: ACCURA_MO08586_Lage_kast_(1-7)_20260109_205450
2026-01-12 12:56:24.823 | INFO |   session_paused: False
2026-01-12 12:56:24.823 | INFO |   active_project (CACHED): MO08586_Lage_kast_(1-7)
2026-01-12 12:56:24.823 | INFO |   active_user (CACHED): ACCURA
2026-01-12 12:56:24.823 | INFO |   Session marked as paused at 2026-01-12 12:56:24.823937
2026-01-12 12:56:24.823 | INFO |   Using CACHED user: ACCURA
2026-01-12 12:56:24.823 | INFO |   Using CACHED project: MO08586_Lage_kast_(1-7)
2026-01-12 12:56:24.823 | INFO |   Using session_id for API: ACCURA_MO08586_Lage_kast_(1-7)_20260109_205450
2026-01-12 12:56:24.823 | INFO |   PAUSE API data: {"session_id": "ACCURA_MO08586_Lage_kast_(1-7)_20260109_205450", "timestamp": "2026-01-12T12:56:24.823937", "user": "ACCURA", "project": "MO08586_Lage_kast_(1-7)"}
2026-01-12 12:56:24.823 | INFO |   PAUSE API CALL: POST http://localhost:5001/session/pause
2026-01-12 12:56:26.885 | INFO |   PAUSE API RESPONSE: 200
2026-01-12 12:56:26.885 | INFO |   Session pause SUCCESSFUL
2026-01-12 12:56:27.918 | INFO |   SESSION_PAUSE log event: {"event": "SESSION_PAUSE", "user": "ACCURA", "project": "MO08586_Lage_kast_(1-7)", "session_id": "ACCURA_MO08586_Lage_kast_(1-7)_20260109_205450", "details": "Session paused - panel hidden", "status": "PAUZE", "timestamp": "2026-01-12T12:56:24.823937"}
2026-01-12 12:56:29.983 | INFO |   SESSION_PAUSE log response: 201
2026-01-12 12:56:29.984 | INFO |   PAUSE COMPLETE - _pause_complete_event SET
2026-01-12 13:01:22.282 | INFO | ================================================================================
2026-01-12 13:01:22.283 | INFO | SESSION DEBUG LOGGER INITIALIZED
2026-01-12 13:01:22.283 | INFO | ================================================================================
2026-01-12 13:01:22.807 | INFO | ScannerPanel initialized - thread sync enabled
2026-01-12 13:08:26.935 | INFO | ============================================================
2026-01-12 13:08:26.935 | INFO | _start_session_for_excel_work CALLED
2026-01-12 13:08:26.935 | INFO |   excel_file_path: C:\ACCURA\MO08586_Lage_kast_(1-7)_20260112_130249.xlsx
2026-01-12 13:08:26.935 | INFO |   existing current_session_id: None
2026-01-12 13:08:26.935 | INFO |   existing api_session_id: None
2026-01-12 13:08:26.935 | INFO |   existing active_project: None
2026-01-12 13:08:26.935 | INFO |   existing active_user: ACCURA
2026-01-12 13:08:26.936 | INFO |   User source: active_user = ACCURA
2026-01-12 13:08:26.942 | INFO |   Project extracted and CACHED: MO08586_Lage_kast_(1-7)
2026-01-12 13:08:26.942 | INFO |   Checking for existing session: user=ACCURA, project=MO08586_Lage_kast_(1-7)
2026-01-12 13:08:28.975 | INFO |   No existing session found - creating NEW session
2026-01-12 13:08:28.975 | INFO |   NEW session created: ACCURA_MO08586_Lage_kast_(1-7)_20260112_130828
2026-01-12 13:08:28.975 | INFO |   (api_session_id will be set when API responds)
2026-01-12 13:08:28.975 | INFO |   API CALL: POST http://localhost:5001/session/xlsx_updated
2026-01-12 13:08:28.975 | INFO |   API DATA: {"event": "XLSX_UPDATED", "user": "ACCURA", "project": "MO08586_Lage_kast_(1-7)", "file_path": "C:\\ACCURA\\MO08586_Lage_kast_(1-7)_20260112_130249.xlsx", "item_count": 19, "timestamp": "2026-01-12T13:08:28.975406", "session_id": "ACCURA_MO08586_Lage_kast_(1-7)_20260112_130828"}
2026-01-12 13:08:31.058 | INFO |   API RESPONSE: session_id=ACCURA_MO08586_Lage_kast_(1-7)_20260112_130831
2026-01-12 13:08:31.058 | INFO |   SESSION IDs NOW: api=ACCURA_MO08586_Lage_kast_(1-7)_20260112_130831, local=ACCURA_MO08586_Lage_kast_(1-7)_20260112_130828
2026-01-12 13:08:52.510 | INFO | ============================================================
2026-01-12 13:08:52.510 | INFO | _pause_session CALLED
2026-01-12 13:08:52.511 | INFO |   blocking: False
2026-01-12 13:08:52.511 | INFO |   current_session_id: ACCURA_MO08586_Lage_kast_(1-7)_20260112_130828
2026-01-12 13:08:52.511 | INFO |   api_session_id: ACCURA_MO08586_Lage_kast_(1-7)_20260112_130831
2026-01-12 13:08:52.511 | INFO |   session_paused: False
2026-01-12 13:08:52.511 | INFO |   active_project (CACHED): MO08586_Lage_kast_(1-7)
2026-01-12 13:08:52.511 | INFO |   active_user (CACHED): ACCURA
2026-01-12 13:08:52.511 | INFO |   Session marked as paused at 2026-01-12 13:08:52.511862
2026-01-12 13:08:52.511 | INFO |   Using CACHED user: ACCURA
2026-01-12 13:08:52.511 | INFO |   Using CACHED project: MO08586_Lage_kast_(1-7)
2026-01-12 13:08:52.513 | INFO |   Using session_id for API: ACCURA_MO08586_Lage_kast_(1-7)_20260112_130831
2026-01-12 13:08:52.513 | INFO |   PAUSE API data: {"session_id": "ACCURA_MO08586_Lage_kast_(1-7)_20260112_130831", "timestamp": "2026-01-12T13:08:52.511862", "user": "ACCURA", "project": "MO08586_Lage_kast_(1-7)"}
2026-01-12 13:08:52.513 | INFO |   PAUSE API CALL: POST http://localhost:5001/session/pause
2026-01-12 13:08:54.561 | INFO |   PAUSE API RESPONSE: 200
2026-01-12 13:08:54.561 | INFO |   Session pause SUCCESSFUL
2026-01-12 13:08:55.626 | INFO |   SESSION_PAUSE log event: {"event": "SESSION_PAUSE", "user": "ACCURA", "project": "MO08586_Lage_kast_(1-7)", "session_id": "ACCURA_MO08586_Lage_kast_(1-7)_20260112_130831", "details": "Session paused - panel hidden", "status": "PAUZE", "timestamp": "2026-01-12T13:08:52.511862"}
2026-01-12 13:08:57.666 | INFO |   SESSION_PAUSE log response: 201
2026-01-12 13:08:57.666 | INFO |   PAUSE COMPLETE - _pause_complete_event SET
2026-01-12 13:10:13.542 | INFO | ============================================================
2026-01-12 13:10:13.542 | INFO | _start_session_for_excel_work CALLED
2026-01-12 13:10:13.542 | INFO |   excel_file_path: C:\ACCURA\MO08586_Lage_kast_(1-7)_20260112_130249.xlsx
2026-01-12 13:10:13.542 | INFO |   existing current_session_id: ACCURA_MO08586_Lage_kast_(1-7)_20260112_130828
2026-01-12 13:10:13.542 | INFO |   existing api_session_id: ACCURA_MO08586_Lage_kast_(1-7)_20260112_130831
2026-01-12 13:10:13.542 | INFO |   existing active_project: MO08586_Lage_kast_(1-7)
2026-01-12 13:10:13.542 | INFO |   existing active_user: ACCURA
2026-01-12 13:10:13.542 | INFO |   User source: active_user = ACCURA
2026-01-12 13:10:13.547 | INFO |   Project extracted and CACHED: MO08586_Lage_kast_(1-7)
2026-01-12 13:10:13.547 | INFO | ============================================================
2026-01-12 13:10:13.547 | INFO | _resume_session CALLED
2026-01-12 13:10:13.547 | INFO |   current_session_id: ACCURA_MO08586_Lage_kast_(1-7)_20260112_130828
2026-01-12 13:10:13.547 | INFO |   api_session_id: ACCURA_MO08586_Lage_kast_(1-7)_20260112_130831
2026-01-12 13:10:13.547 | INFO |   session_paused: True
2026-01-12 13:10:13.547 | INFO |   active_project (CACHED): MO08586_Lage_kast_(1-7)
2026-01-12 13:10:13.547 | INFO |   active_user (CACHED): ACCURA
2026-01-12 13:10:13.547 | INFO |   Session marked as resumed
2026-01-12 13:10:13.547 | INFO |   Using CACHED user: ACCURA
2026-01-12 13:10:13.550 | INFO |   Using CACHED project: MO08586_Lage_kast_(1-7)
2026-01-12 13:10:13.550 | INFO |   Using session_id for API: ACCURA_MO08586_Lage_kast_(1-7)_20260112_130831
2026-01-12 13:10:13.550 | INFO |   RESUME API data: {"session_id": "ACCURA_MO08586_Lage_kast_(1-7)_20260112_130831", "timestamp": "2026-01-12T13:10:13.550474", "total_pause_duration": 0, "user": "ACCURA", "project": "MO08586_Lage_kast_(1-7)"}
2026-01-12 13:10:13.550 | INFO |   RESUME API CALL: POST http://localhost:5001/session/resume
2026-01-12 13:10:14.579 | INFO |   RESUME API RESPONSE: 200
2026-01-12 13:10:15.600 | INFO |   SESSION_RESUME log event: {"event": "SESSION_RESUME", "user": "ACCURA", "project": "MO08586_Lage_kast_(1-7)", "session_id": "ACCURA_MO08586_Lage_kast_(1-7)_20260112_130831", "details": "Session resumed - pause duration: 1.4 minutes", "status": "BEZIG", "timestamp": "2026-01-12T13:10:15.600972"}
2026-01-12 13:10:16.644 | INFO |   SESSION_RESUME log response: 201
2026-01-12 13:10:24.552 | INFO | _save_updated_excel: Session already exists (api=ACCURA_MO08586_Lage_kast_(1-7)_20260112_130831), skipping XLSX_UPDATED
2026-01-12 13:10:30.818 | INFO | ============================================================
2026-01-12 13:10:30.818 | INFO | _pause_session CALLED
2026-01-12 13:10:30.818 | INFO |   blocking: False
2026-01-12 13:10:30.818 | INFO |   current_session_id: ACCURA_MO08586_Lage_kast_(1-7)_20260112_130828
2026-01-12 13:10:30.818 | INFO |   api_session_id: ACCURA_MO08586_Lage_kast_(1-7)_20260112_130831
2026-01-12 13:10:30.820 | INFO |   session_paused: False
2026-01-12 13:10:30.820 | INFO |   active_project (CACHED): MO08586_Lage_kast_(1-7)
2026-01-12 13:10:30.820 | INFO |   active_user (CACHED): ACCURA
2026-01-12 13:10:30.820 | INFO |   Session marked as paused at 2026-01-12 13:10:30.820183
2026-01-12 13:10:30.820 | INFO |   Using CACHED user: ACCURA
2026-01-12 13:10:30.820 | INFO |   Using CACHED project: MO08586_Lage_kast_(1-7)
2026-01-12 13:10:30.821 | INFO |   Using session_id for API: ACCURA_MO08586_Lage_kast_(1-7)_20260112_130831
2026-01-12 13:10:30.821 | INFO |   PAUSE API data: {"session_id": "ACCURA_MO08586_Lage_kast_(1-7)_20260112_130831", "timestamp": "2026-01-12T13:10:30.820183", "user": "ACCURA", "project": "MO08586_Lage_kast_(1-7)"}
2026-01-12 13:10:30.821 | INFO |   PAUSE API CALL: POST http://localhost:5001/session/pause
2026-01-12 13:10:32.904 | INFO |   PAUSE API RESPONSE: 200
2026-01-12 13:10:32.904 | INFO |   Session pause SUCCESSFUL
2026-01-12 13:10:33.917 | INFO |   SESSION_PAUSE log event: {"event": "SESSION_PAUSE", "user": "ACCURA", "project": "MO08586_Lage_kast_(1-7)", "session_id": "ACCURA_MO08586_Lage_kast_(1-7)_20260112_130831", "details": "Session paused - panel hidden", "status": "PAUZE", "timestamp": "2026-01-12T13:10:30.820183"}
2026-01-12 13:10:35.995 | INFO |   SESSION_PAUSE log response: 201
2026-01-12 13:10:35.995 | INFO |   PAUSE COMPLETE - _pause_complete_event SET
2026-01-12 13:10:46.606 | INFO | ============================================================
2026-01-12 13:10:46.606 | INFO | _start_session_for_excel_work CALLED
2026-01-12 13:10:46.606 | INFO |   excel_file_path: C:\ACCURA\MO08586_Lage_kast_(1-7)_20260112_130249.xlsx
2026-01-12 13:10:46.606 | INFO |   existing current_session_id: ACCURA_MO08586_Lage_kast_(1-7)_20260112_130828
2026-01-12 13:10:46.606 | INFO |   existing api_session_id: ACCURA_MO08586_Lage_kast_(1-7)_20260112_130831
2026-01-12 13:10:46.606 | INFO |   existing active_project: MO08586_Lage_kast_(1-7)
2026-01-12 13:10:46.606 | INFO |   existing active_user: ACCURA
2026-01-12 13:10:46.606 | INFO |   User source: active_user = ACCURA
2026-01-12 13:10:46.613 | INFO |   Project extracted and CACHED: MO08586_Lage_kast_(1-7)
2026-01-12 13:10:46.613 | INFO | ============================================================
2026-01-12 13:10:46.613 | INFO | _resume_session CALLED
2026-01-12 13:10:46.613 | INFO |   current_session_id: ACCURA_MO08586_Lage_kast_(1-7)_20260112_130828
2026-01-12 13:10:46.613 | INFO |   api_session_id: ACCURA_MO08586_Lage_kast_(1-7)_20260112_130831
2026-01-12 13:10:46.613 | INFO |   session_paused: True
2026-01-12 13:10:46.613 | INFO |   active_project (CACHED): MO08586_Lage_kast_(1-7)
2026-01-12 13:10:46.613 | INFO |   active_user (CACHED): ACCURA
2026-01-12 13:10:46.613 | INFO |   Session marked as resumed
2026-01-12 13:10:46.613 | INFO |   Using CACHED user: ACCURA
2026-01-12 13:10:46.613 | INFO |   Using CACHED project: MO08586_Lage_kast_(1-7)
2026-01-12 13:10:46.613 | INFO |   Using session_id for API: ACCURA_MO08586_Lage_kast_(1-7)_20260112_130831
2026-01-12 13:10:46.613 | INFO |   RESUME API data: {"session_id": "ACCURA_MO08586_Lage_kast_(1-7)_20260112_130831", "timestamp": "2026-01-12T13:10:46.613545", "total_pause_duration": 0, "user": "ACCURA", "project": "MO08586_Lage_kast_(1-7)"}
2026-01-12 13:10:46.613 | INFO |   RESUME API CALL: POST http://localhost:5001/session/resume
2026-01-12 13:10:47.639 | INFO |   RESUME API RESPONSE: 200
2026-01-12 13:10:48.651 | INFO |   SESSION_RESUME log event: {"event": "SESSION_RESUME", "user": "ACCURA", "project": "MO08586_Lage_kast_(1-7)", "session_id": "ACCURA_MO08586_Lage_kast_(1-7)_20260112_130831", "details": "Session resumed - pause duration: 0.3 minutes", "status": "BEZIG", "timestamp": "2026-01-12T13:10:48.651665"}
2026-01-12 13:10:49.672 | INFO |   SESSION_RESUME log response: 201
2026-01-12 13:12:00.420 | INFO | ============================================================
2026-01-12 13:12:00.420 | INFO | _pause_session CALLED
2026-01-12 13:12:00.420 | INFO |   blocking: False
2026-01-12 13:12:00.420 | INFO |   current_session_id: ACCURA_MO08586_Lage_kast_(1-7)_20260112_130828
2026-01-12 13:12:00.420 | INFO |   api_session_id: ACCURA_MO08586_Lage_kast_(1-7)_20260112_130831
2026-01-12 13:12:00.420 | INFO |   session_paused: False
2026-01-12 13:12:00.420 | INFO |   active_project (CACHED): MO08586_Lage_kast_(1-7)
2026-01-12 13:12:00.420 | INFO |   active_user (CACHED): ACCURA
2026-01-12 13:12:00.420 | INFO |   Session marked as paused at 2026-01-12 13:12:00.420019
2026-01-12 13:12:00.420 | INFO |   Using CACHED user: ACCURA
2026-01-12 13:12:00.420 | INFO |   Using CACHED project: MO08586_Lage_kast_(1-7)
2026-01-12 13:12:00.420 | INFO |   Using session_id for API: ACCURA_MO08586_Lage_kast_(1-7)_20260112_130831
2026-01-12 13:12:00.420 | INFO |   PAUSE API data: {"session_id": "ACCURA_MO08586_Lage_kast_(1-7)_20260112_130831", "timestamp": "2026-01-12T13:12:00.420019", "user": "ACCURA", "project": "MO08586_Lage_kast_(1-7)"}
2026-01-12 13:12:00.420 | INFO |   PAUSE API CALL: POST http://localhost:5001/session/pause
2026-01-12 13:12:02.484 | INFO |   PAUSE API RESPONSE: 200
2026-01-12 13:12:02.484 | INFO |   Session pause SUCCESSFUL
2026-01-12 13:12:03.507 | INFO |   SESSION_PAUSE log event: {"event": "SESSION_PAUSE", "user": "ACCURA", "project": "MO08586_Lage_kast_(1-7)", "session_id": "ACCURA_MO08586_Lage_kast_(1-7)_20260112_130831", "details": "Session paused - panel hidden", "status": "PAUZE", "timestamp": "2026-01-12T13:12:00.420019"}
2026-01-12 13:12:05.564 | INFO |   SESSION_PAUSE log response: 201
2026-01-12 13:12:05.564 | INFO |   PAUSE COMPLETE - _pause_complete_event SET
2026-01-12 13:17:30.134 | INFO | ============================================================
2026-01-12 13:17:30.134 | INFO | _start_session_for_excel_work CALLED
2026-01-12 13:17:30.134 | INFO |   excel_file_path: C:\ACCURA\MO08587_TV-wand_(2-7)_20260112_131438.xlsx
2026-01-12 13:17:30.134 | INFO |   existing current_session_id: ACCURA_MO08586_Lage_kast_(1-7)_20260112_130828
2026-01-12 13:17:30.134 | INFO |   existing api_session_id: ACCURA_MO08586_Lage_kast_(1-7)_20260112_130831
2026-01-12 13:17:30.134 | INFO |   existing active_project: MO08586_Lage_kast_(1-7)
2026-01-12 13:17:30.134 | INFO |   existing active_user: ACCURA
2026-01-12 13:17:30.134 | INFO |   User source: active_user = ACCURA
2026-01-12 13:17:30.145 | INFO |   Project extracted and CACHED: MO08587_TV-wand_(2-7)
2026-01-12 13:17:30.145 | INFO |   Checking for existing session: user=ACCURA, project=MO08587_TV-wand_(2-7)
2026-01-12 13:17:32.157 | INFO |   No existing session found - creating NEW session
2026-01-12 13:17:32.157 | INFO |   NEW session created: ACCURA_MO08587_TV-wand_(2-7)_20260112_131732
2026-01-12 13:17:32.157 | INFO |   (api_session_id will be set when API responds)
2026-01-12 13:17:32.158 | INFO |   API CALL: POST http://localhost:5001/session/xlsx_updated
2026-01-12 13:17:32.158 | INFO |   API DATA: {"event": "XLSX_UPDATED", "user": "ACCURA", "project": "MO08587_TV-wand_(2-7)", "file_path": "C:\\ACCURA\\MO08587_TV-wand_(2-7)_20260112_131438.xlsx", "item_count": 53, "timestamp": "2026-01-12T13:17:32.157621", "session_id": "ACCURA_MO08587_TV-wand_(2-7)_20260112_131732"}
2026-01-12 13:17:34.193 | INFO |   API RESPONSE: session_id=ACCURA_MO08587_TV-wand_(2-7)_20260112_131734
2026-01-12 13:17:34.193 | INFO |   SESSION IDs NOW: api=ACCURA_MO08587_TV-wand_(2-7)_20260112_131734, local=ACCURA_MO08587_TV-wand_(2-7)_20260112_131732
2026-01-12 13:17:38.970 | INFO | ============================================================
2026-01-12 13:17:38.970 | INFO | _pause_session CALLED
2026-01-12 13:17:38.970 | INFO |   blocking: False
2026-01-12 13:17:38.970 | INFO |   current_session_id: ACCURA_MO08587_TV-wand_(2-7)_20260112_131732
2026-01-12 13:17:38.970 | INFO |   api_session_id: ACCURA_MO08587_TV-wand_(2-7)_20260112_131734
2026-01-12 13:17:38.970 | INFO |   session_paused: False
2026-01-12 13:17:38.970 | INFO |   active_project (CACHED): MO08587_TV-wand_(2-7)
2026-01-12 13:17:38.970 | INFO |   active_user (CACHED): ACCURA
2026-01-12 13:17:38.970 | INFO |   Session marked as paused at 2026-01-12 13:17:38.970915
2026-01-12 13:17:38.970 | INFO |   Using CACHED user: ACCURA
2026-01-12 13:17:38.970 | INFO |   Using CACHED project: MO08587_TV-wand_(2-7)
2026-01-12 13:17:38.970 | INFO |   Using session_id for API: ACCURA_MO08587_TV-wand_(2-7)_20260112_131734
2026-01-12 13:17:38.970 | INFO |   PAUSE API data: {"session_id": "ACCURA_MO08587_TV-wand_(2-7)_20260112_131734", "timestamp": "2026-01-12T13:17:38.970915", "user": "ACCURA", "project": "MO08587_TV-wand_(2-7)"}
2026-01-12 13:17:38.970 | INFO |   PAUSE API CALL: POST http://localhost:5001/session/pause
2026-01-12 13:17:41.030 | INFO |   PAUSE API RESPONSE: 200
2026-01-12 13:17:41.032 | INFO |   Session pause SUCCESSFUL
2026-01-12 13:17:42.054 | INFO |   SESSION_PAUSE log event: {"event": "SESSION_PAUSE", "user": "ACCURA", "project": "MO08587_TV-wand_(2-7)", "session_id": "ACCURA_MO08587_TV-wand_(2-7)_20260112_131734", "details": "Session paused - panel hidden", "status": "PAUZE", "timestamp": "2026-01-12T13:17:38.970915"}
2026-01-12 13:17:44.100 | INFO |   SESSION_PAUSE log response: 201
2026-01-12 13:17:44.100 | INFO |   PAUSE COMPLETE - _pause_complete_event SET
2026-01-12 13:18:32.802 | INFO | ============================================================
2026-01-12 13:18:32.802 | INFO | _start_session_for_excel_work CALLED
2026-01-12 13:18:32.802 | INFO |   excel_file_path: C:\ACCURA\MO08586_Lage_kast_(1-7)_20260112_130249.xlsx
2026-01-12 13:18:32.802 | INFO |   existing current_session_id: ACCURA_MO08587_TV-wand_(2-7)_20260112_131732
2026-01-12 13:18:32.802 | INFO |   existing api_session_id: ACCURA_MO08587_TV-wand_(2-7)_20260112_131734
2026-01-12 13:18:32.802 | INFO |   existing active_project: MO08587_TV-wand_(2-7)
2026-01-12 13:18:32.802 | INFO |   existing active_user: ACCURA
2026-01-12 13:18:32.802 | INFO |   User source: active_user = ACCURA
2026-01-12 13:18:32.808 | INFO |   Project extracted and CACHED: MO08586_Lage_kast_(1-7)
2026-01-12 13:18:32.808 | INFO |   Checking for existing session: user=ACCURA, project=MO08586_Lage_kast_(1-7)
2026-01-12 13:18:34.822 | INFO |   FOUND existing session from API:
2026-01-12 13:18:34.822 | INFO |     session_id: ACCURA_MO08586_Lage_kast_(1-7)_20260112_130831
2026-01-12 13:18:34.822 | INFO |     is_paused: True
2026-01-12 13:18:34.822 | INFO |   Session IDs synchronized: api=ACCURA_MO08586_Lage_kast_(1-7)_20260112_130831, local=ACCURA_MO08586_Lage_kast_(1-7)_20260112_130831
2026-01-12 13:18:34.822 | INFO |   Session IS paused - will call _resume_session()
2026-01-12 13:18:34.822 | INFO | ============================================================
2026-01-12 13:18:34.822 | INFO | _resume_session CALLED
2026-01-12 13:18:34.822 | INFO |   current_session_id: ACCURA_MO08586_Lage_kast_(1-7)_20260112_130831
2026-01-12 13:18:34.822 | INFO |   api_session_id: ACCURA_MO08586_Lage_kast_(1-7)_20260112_130831
2026-01-12 13:18:34.822 | INFO |   session_paused: True
2026-01-12 13:18:34.822 | INFO |   active_project (CACHED): MO08586_Lage_kast_(1-7)
2026-01-12 13:18:34.822 | INFO |   active_user (CACHED): ACCURA
2026-01-12 13:18:34.822 | INFO |   Session marked as resumed
2026-01-12 13:18:34.822 | INFO |   Using CACHED user: ACCURA
2026-01-12 13:18:34.822 | INFO |   Using CACHED project: MO08586_Lage_kast_(1-7)
2026-01-12 13:18:34.822 | INFO |   Using session_id for API: ACCURA_MO08586_Lage_kast_(1-7)_20260112_130831
2026-01-12 13:18:34.822 | INFO |   RESUME API data: {"session_id": "ACCURA_MO08586_Lage_kast_(1-7)_20260112_130831", "timestamp": "2026-01-12T13:18:34.822869", "total_pause_duration": 1.61, "user": "ACCURA", "project": "MO08586_Lage_kast_(1-7)"}
2026-01-12 13:18:34.822 | INFO |   RESUME API CALL: POST http://localhost:5001/session/resume
2026-01-12 13:18:35.857 | INFO |   RESUME API RESPONSE: 200
2026-01-12 13:18:36.881 | INFO |   SESSION_RESUME log event: {"event": "SESSION_RESUME", "user": "ACCURA", "project": "MO08586_Lage_kast_(1-7)", "session_id": "ACCURA_MO08586_Lage_kast_(1-7)_20260112_130831", "details": "Session resumed - pause duration: 0.0 minutes", "status": "BEZIG", "timestamp": "2026-01-12T13:18:36.881645"}
2026-01-12 13:18:37.919 | INFO |   SESSION_RESUME log response: 201
2026-01-12 14:06:04.647 | INFO | ============================================================
2026-01-12 14:06:04.647 | INFO | _start_session_for_excel_work CALLED
2026-01-12 14:06:04.647 | INFO |   excel_file_path: C:\BOERE\MO08586_Lage_kast_(1-7)_20260112_130254.xlsx
2026-01-12 14:06:04.647 | INFO |   existing current_session_id: None
2026-01-12 14:06:04.647 | INFO |   existing api_session_id: None
2026-01-12 14:06:04.647 | INFO |   existing active_project: MO08586_Lage_kast_(1-7)
2026-01-12 14:06:04.647 | INFO |   existing active_user: BOERE
2026-01-12 14:06:04.647 | INFO |   User source: active_user = BOERE
2026-01-12 14:06:04.656 | INFO |   Project extracted and CACHED: MO08586_Lage_kast_(1-7)
2026-01-12 14:06:04.656 | INFO |   Checking for existing session: user=BOERE, project=MO08586_Lage_kast_(1-7)
2026-01-12 14:06:06.679 | INFO |   No existing session found - creating NEW session
2026-01-12 14:06:06.680 | INFO |   NEW session created: BOERE_MO08586_Lage_kast_(1-7)_20260112_140606
2026-01-12 14:06:06.680 | INFO |   (api_session_id will be set when API responds)
2026-01-12 14:06:06.681 | INFO |   API CALL: POST http://localhost:5001/session/xlsx_updated
2026-01-12 14:06:06.681 | INFO |   API DATA: {"event": "XLSX_UPDATED", "user": "BOERE", "project": "MO08586_Lage_kast_(1-7)", "file_path": "C:\\BOERE\\MO08586_Lage_kast_(1-7)_20260112_130254.xlsx", "item_count": 33, "timestamp": "2026-01-12T14:06:06.680266", "session_id": "BOERE_MO08586_Lage_kast_(1-7)_20260112_140606"}
2026-01-12 14:06:08.753 | INFO |   API RESPONSE: session_id=BOERE_MO08586_Lage_kast_(1-7)_20260112_140608
2026-01-12 14:06:08.753 | INFO |   SESSION IDs NOW: api=BOERE_MO08586_Lage_kast_(1-7)_20260112_140608, local=BOERE_MO08586_Lage_kast_(1-7)_20260112_140606
2026-01-12 14:30:34.345 | INFO | ============================================================
2026-01-12 14:30:34.345 | INFO | _pause_session CALLED
2026-01-12 14:30:34.345 | INFO |   blocking: True
2026-01-12 14:30:34.345 | INFO |   current_session_id: BOERE_MO08586_Lage_kast_(1-7)_20260112_140606
2026-01-12 14:30:34.345 | INFO |   api_session_id: BOERE_MO08586_Lage_kast_(1-7)_20260112_140608
2026-01-12 14:30:34.345 | INFO |   session_paused: False
2026-01-12 14:30:34.345 | INFO |   active_project (CACHED): MO08586_Lage_kast_(1-7)
2026-01-12 14:30:34.345 | INFO |   active_user (CACHED): BOERE
2026-01-12 14:30:34.345 | INFO |   Session marked as paused at 2026-01-12 14:30:34.345841
2026-01-12 14:30:34.345 | INFO |   Using CACHED user: BOERE
2026-01-12 14:30:34.345 | INFO |   Using CACHED project: MO08586_Lage_kast_(1-7)
2026-01-12 14:30:34.348 | INFO |   Using session_id for API: BOERE_MO08586_Lage_kast_(1-7)_20260112_140608
2026-01-12 14:30:34.348 | INFO |   PAUSE API data: {"session_id": "BOERE_MO08586_Lage_kast_(1-7)_20260112_140608", "timestamp": "2026-01-12T14:30:34.345841", "user": "BOERE", "project": "MO08586_Lage_kast_(1-7)"}
2026-01-12 14:30:34.348 | INFO |   PAUSE API CALL: POST http://localhost:5001/session/pause
2026-01-12 14:30:36.399 | INFO |   PAUSE API RESPONSE: 200
2026-01-12 14:30:36.399 | INFO |   Session pause SUCCESSFUL
2026-01-12 14:31:46.250 | INFO | ================================================================================
2026-01-12 14:31:46.250 | INFO | SESSION DEBUG LOGGER INITIALIZED
2026-01-12 14:31:46.251 | INFO | ================================================================================
2026-01-12 14:31:46.802 | INFO | ScannerPanel initialized - thread sync enabled
2026-01-12 14:32:12.397 | INFO | ============================================================
2026-01-12 14:32:12.397 | INFO | _start_session_for_excel_work CALLED
2026-01-12 14:32:12.397 | INFO |   excel_file_path: C:\BOERE\MO08586_Lage_kast_(1-7)_20260112_130254.xlsx
2026-01-12 14:32:12.397 | INFO |   existing current_session_id: None
2026-01-12 14:32:12.399 | INFO |   existing api_session_id: None
2026-01-12 14:32:12.399 | INFO |   existing active_project: None
2026-01-12 14:32:12.399 | INFO |   existing active_user: BOERE
2026-01-12 14:32:12.399 | INFO |   User source: active_user = BOERE
2026-01-12 14:32:12.407 | INFO |   Project extracted and CACHED: MO08586_Lage_kast_(1-7)
2026-01-12 14:32:12.407 | INFO |   Checking for existing session: user=BOERE, project=MO08586_Lage_kast_(1-7)
2026-01-12 14:32:14.426 | INFO |   FOUND existing session from API:
2026-01-12 14:32:14.426 | INFO |     session_id: BOERE_MO08586_Lage_kast_(1-7)_20260112_140608
2026-01-12 14:32:14.426 | INFO |     is_paused: True
2026-01-12 14:32:14.426 | INFO |   Session IDs synchronized: api=BOERE_MO08586_Lage_kast_(1-7)_20260112_140608, local=BOERE_MO08586_Lage_kast_(1-7)_20260112_140608
2026-01-12 14:32:14.426 | INFO |   Session IS paused - will call _resume_session()
2026-01-12 14:32:14.426 | INFO | ============================================================
2026-01-12 14:32:14.426 | INFO | _resume_session CALLED
2026-01-12 14:32:14.426 | INFO |   current_session_id: BOERE_MO08586_Lage_kast_(1-7)_20260112_140608
2026-01-12 14:32:14.426 | INFO |   api_session_id: BOERE_MO08586_Lage_kast_(1-7)_20260112_140608
2026-01-12 14:32:14.426 | INFO |   session_paused: True
2026-01-12 14:32:14.426 | INFO |   active_project (CACHED): MO08586_Lage_kast_(1-7)
2026-01-12 14:32:14.426 | INFO |   active_user (CACHED): BOERE
2026-01-12 14:32:14.426 | INFO |   Session marked as resumed
2026-01-12 14:32:14.426 | INFO |   Using CACHED user: BOERE
2026-01-12 14:32:14.426 | INFO |   Using CACHED project: MO08586_Lage_kast_(1-7)
2026-01-12 14:32:14.427 | INFO |   Using session_id for API: BOERE_MO08586_Lage_kast_(1-7)_20260112_140608
2026-01-12 14:32:14.427 | INFO |   RESUME API data: {"session_id": "BOERE_MO08586_Lage_kast_(1-7)_20260112_140608", "timestamp": "2026-01-12T14:32:14.427154", "total_pause_duration": 0, "user": "BOERE", "project": "MO08586_Lage_kast_(1-7)"}
2026-01-12 14:32:14.427 | INFO |   RESUME API CALL: POST http://localhost:5001/session/resume
2026-01-12 14:32:15.450 | INFO |   RESUME API RESPONSE: 200
2026-01-12 14:32:16.471 | INFO |   SESSION_RESUME log event: {"event": "SESSION_RESUME", "user": "BOERE", "project": "MO08586_Lage_kast_(1-7)", "session_id": "BOERE_MO08586_Lage_kast_(1-7)_20260112_140608", "details": "Session resumed - pause duration: 0.0 minutes", "status": "BEZIG", "timestamp": "2026-01-12T14:32:16.471255"}
2026-01-12 14:32:17.496 | INFO |   SESSION_RESUME log response: 201
2026-01-12 19:22:48.733 | INFO | ============================================================
2026-01-12 19:22:48.733 | INFO | _pause_session CALLED
2026-01-12 19:22:48.733 | INFO |   blocking: False
2026-01-12 19:22:48.733 | INFO |   current_session_id: BOERE_MO08586_Lage_kast_(1-7)_20260112_140608
2026-01-12 19:22:48.733 | INFO |   api_session_id: BOERE_MO08586_Lage_kast_(1-7)_20260112_140608
2026-01-12 19:22:48.733 | INFO |   session_paused: False
2026-01-12 19:22:48.733 | INFO |   active_project (CACHED): MO08586_Lage_kast_(1-7)
2026-01-12 19:22:48.733 | INFO |   active_user (CACHED): BOERE
2026-01-12 19:22:48.733 | INFO |   Session marked as paused at 2026-01-12 19:22:48.733054
2026-01-12 19:22:48.733 | INFO |   Using CACHED user: BOERE
2026-01-12 19:22:48.733 | INFO |   Using CACHED project: MO08586_Lage_kast_(1-7)
2026-01-12 19:22:48.735 | INFO |   Using session_id for API: BOERE_MO08586_Lage_kast_(1-7)_20260112_140608
2026-01-12 19:22:48.735 | INFO |   PAUSE API data: {"session_id": "BOERE_MO08586_Lage_kast_(1-7)_20260112_140608", "timestamp": "2026-01-12T19:22:48.733054", "user": "BOERE", "project": "MO08586_Lage_kast_(1-7)"}
2026-01-12 19:22:48.735 | INFO |   PAUSE API CALL: POST http://localhost:5001/session/pause
2026-01-12 19:22:50.817 | INFO |   PAUSE API RESPONSE: 200
2026-01-12 19:22:50.817 | INFO |   Session pause SUCCESSFUL
2026-01-12 19:22:51.863 | INFO |   SESSION_PAUSE log event: {"event": "SESSION_PAUSE", "user": "BOERE", "project": "MO08586_Lage_kast_(1-7)", "session_id": "BOERE_MO08586_Lage_kast_(1-7)_20260112_140608", "details": "Session paused - panel hidden", "status": "PAUZE", "timestamp": "2026-01-12T19:22:48.733054"}
2026-01-12 19:22:53.941 | INFO |   SESSION_PAUSE log response: 201
2026-01-12 19:22:53.941 | INFO |   PAUSE COMPLETE - _pause_complete_event SET
2026-01-12 19:22:59.713 | INFO | ============================================================
2026-01-12 19:22:59.715 | INFO | _start_session_for_excel_work CALLED
2026-01-12 19:22:59.715 | INFO |   excel_file_path: C:\BOERE\MO08586_Lage_kast_(1-7)_20260112_130254.xlsx
2026-01-12 19:22:59.715 | INFO |   existing current_session_id: BOERE_MO08586_Lage_kast_(1-7)_20260112_140608
2026-01-12 19:22:59.715 | INFO |   existing api_session_id: BOERE_MO08586_Lage_kast_(1-7)_20260112_140608
2026-01-12 19:22:59.715 | INFO |   existing active_project: MO08586_Lage_kast_(1-7)
2026-01-12 19:22:59.715 | INFO |   existing active_user: BOERE
2026-01-12 19:22:59.716 | INFO |   User source: active_user = BOERE
2026-01-12 19:22:59.720 | INFO |   Project extracted and CACHED: MO08586_Lage_kast_(1-7)
2026-01-12 19:22:59.720 | INFO | ============================================================
2026-01-12 19:22:59.720 | INFO | _resume_session CALLED
2026-01-12 19:22:59.720 | INFO |   current_session_id: BOERE_MO08586_Lage_kast_(1-7)_20260112_140608
2026-01-12 19:22:59.720 | INFO |   api_session_id: BOERE_MO08586_Lage_kast_(1-7)_20260112_140608
2026-01-12 19:22:59.720 | INFO |   session_paused: True
2026-01-12 19:22:59.720 | INFO |   active_project (CACHED): MO08586_Lage_kast_(1-7)
2026-01-12 19:22:59.720 | INFO |   active_user (CACHED): BOERE
2026-01-12 19:22:59.720 | INFO |   Session marked as resumed
2026-01-12 19:22:59.720 | INFO |   Using CACHED user: BOERE
2026-01-12 19:22:59.720 | INFO |   Using CACHED project: MO08586_Lage_kast_(1-7)
2026-01-12 19:22:59.726 | INFO |   Using session_id for API: BOERE_MO08586_Lage_kast_(1-7)_20260112_140608
2026-01-12 19:22:59.726 | INFO |   RESUME API data: {"session_id": "BOERE_MO08586_Lage_kast_(1-7)_20260112_140608", "timestamp": "2026-01-12T19:22:59.726083", "total_pause_duration": 0, "user": "BOERE", "project": "MO08586_Lage_kast_(1-7)"}
2026-01-12 19:22:59.726 | INFO |   RESUME API CALL: POST http://localhost:5001/session/resume
2026-01-12 19:23:00.768 | INFO |   RESUME API RESPONSE: 200
2026-01-12 19:23:01.786 | INFO |   SESSION_RESUME log event: {"event": "SESSION_RESUME", "user": "BOERE", "project": "MO08586_Lage_kast_(1-7)", "session_id": "BOERE_MO08586_Lage_kast_(1-7)_20260112_140608", "details": "Session resumed - pause duration: 0.2 minutes", "status": "BEZIG", "timestamp": "2026-01-12T19:23:01.786171"}
2026-01-12 19:23:02.805 | INFO |   SESSION_RESUME log response: 201
2026-01-12 19:23:03.930 | INFO | _save_updated_excel: Session already exists (api=BOERE_MO08586_Lage_kast_(1-7)_20260112_140608), skipping XLSX_UPDATED
2026-01-12 19:23:05.754 | INFO | ============================================================
2026-01-12 19:23:05.754 | INFO | _pause_session CALLED
2026-01-12 19:23:05.754 | INFO |   blocking: False
2026-01-12 19:23:05.754 | INFO |   current_session_id: BOERE_MO08586_Lage_kast_(1-7)_20260112_140608
2026-01-12 19:23:05.754 | INFO |   api_session_id: BOERE_MO08586_Lage_kast_(1-7)_20260112_140608
2026-01-12 19:23:05.754 | INFO |   session_paused: False
2026-01-12 19:23:05.754 | INFO |   active_project (CACHED): MO08586_Lage_kast_(1-7)
2026-01-12 19:23:05.754 | INFO |   active_user (CACHED): BOERE
2026-01-12 19:23:05.754 | INFO |   Session marked as paused at 2026-01-12 19:23:05.754928
2026-01-12 19:23:05.754 | INFO |   Using CACHED user: BOERE
2026-01-12 19:23:05.754 | INFO |   Using CACHED project: MO08586_Lage_kast_(1-7)
2026-01-12 19:23:05.754 | INFO |   Using session_id for API: BOERE_MO08586_Lage_kast_(1-7)_20260112_140608
2026-01-12 19:23:05.758 | INFO |   PAUSE API data: {"session_id": "BOERE_MO08586_Lage_kast_(1-7)_20260112_140608", "timestamp": "2026-01-12T19:23:05.754928", "user": "BOERE", "project": "MO08586_Lage_kast_(1-7)"}
2026-01-12 19:23:05.758 | INFO |   PAUSE API CALL: POST http://localhost:5001/session/pause
2026-01-12 19:23:07.831 | INFO |   PAUSE API RESPONSE: 200
2026-01-12 19:23:07.832 | INFO |   Session pause SUCCESSFUL
2026-01-12 19:23:08.843 | INFO |   SESSION_PAUSE log event: {"event": "SESSION_PAUSE", "user": "BOERE", "project": "MO08586_Lage_kast_(1-7)", "session_id": "BOERE_MO08586_Lage_kast_(1-7)_20260112_140608", "details": "Session paused - panel hidden", "status": "PAUZE", "timestamp": "2026-01-12T19:23:05.754928"}
2026-01-12 19:23:10.919 | INFO |   SESSION_PAUSE log response: 201
2026-01-12 19:23:10.919 | INFO |   PAUSE COMPLETE - _pause_complete_event SET
2026-01-12 19:23:14.998 | INFO | ============================================================
2026-01-12 19:23:15.002 | INFO | _start_session_for_excel_work CALLED
2026-01-12 19:23:15.002 | INFO |   excel_file_path: C:\BOERE\MO08586_Lage_kast_(1-7)_20260112_130254.xlsx
2026-01-12 19:23:15.002 | INFO |   existing current_session_id: BOERE_MO08586_Lage_kast_(1-7)_20260112_140608
2026-01-12 19:23:15.002 | INFO |   existing api_session_id: BOERE_MO08586_Lage_kast_(1-7)_20260112_140608
2026-01-12 19:23:15.002 | INFO |   existing active_project: MO08586_Lage_kast_(1-7)
2026-01-12 19:23:15.002 | INFO |   existing active_user: BOERE
2026-01-12 19:23:15.002 | INFO |   User source: active_user = BOERE
2026-01-12 19:23:15.008 | INFO |   Project extracted and CACHED: MO08586_Lage_kast_(1-7)
2026-01-12 19:23:15.008 | INFO | ============================================================
2026-01-12 19:23:15.008 | INFO | _resume_session CALLED
2026-01-12 19:23:15.008 | INFO |   current_session_id: BOERE_MO08586_Lage_kast_(1-7)_20260112_140608
2026-01-12 19:23:15.008 | INFO |   api_session_id: BOERE_MO08586_Lage_kast_(1-7)_20260112_140608
2026-01-12 19:23:15.008 | INFO |   session_paused: True
2026-01-12 19:23:15.008 | INFO |   active_project (CACHED): MO08586_Lage_kast_(1-7)
2026-01-12 19:23:15.008 | INFO |   active_user (CACHED): BOERE
2026-01-12 19:23:15.008 | INFO |   Session marked as resumed
2026-01-12 19:23:15.008 | INFO |   Using CACHED user: BOERE
2026-01-12 19:23:15.008 | INFO |   Using CACHED project: MO08586_Lage_kast_(1-7)
2026-01-12 19:23:15.008 | INFO |   Using session_id for API: BOERE_MO08586_Lage_kast_(1-7)_20260112_140608
2026-01-12 19:23:15.008 | INFO |   RESUME API data: {"session_id": "BOERE_MO08586_Lage_kast_(1-7)_20260112_140608", "timestamp": "2026-01-12T19:23:15.008172", "total_pause_duration": 0, "user": "BOERE", "project": "MO08586_Lage_kast_(1-7)"}
2026-01-12 19:23:15.008 | INFO |   RESUME API CALL: POST http://localhost:5001/session/resume
2026-01-12 19:23:16.053 | INFO |   RESUME API RESPONSE: 200
2026-01-12 19:23:17.063 | INFO |   SESSION_RESUME log event: {"event": "SESSION_RESUME", "user": "BOERE", "project": "MO08586_Lage_kast_(1-7)", "session_id": "BOERE_MO08586_Lage_kast_(1-7)_20260112_140608", "details": "Session resumed - pause duration: 0.2 minutes", "status": "BEZIG", "timestamp": "2026-01-12T19:23:17.063429"}
2026-01-12 19:23:18.098 | INFO |   SESSION_RESUME log response: 201
2026-01-13 09:17:46.526 | INFO | ================================================================================
2026-01-13 09:17:46.526 | INFO | SESSION DEBUG LOGGER INITIALIZED
2026-01-13 09:17:46.527 | INFO | ================================================================================
2026-01-13 09:17:47.879 | INFO | ScannerPanel initialized - thread sync enabled
2026-01-13 09:37:32.356 | INFO | ============================================================
2026-01-13 09:37:32.356 | INFO | _start_session_for_excel_work CALLED
2026-01-13 09:37:32.356 | INFO |   excel_file_path: Y:\OPUS\KORPUS\1120_MO09121_NT19_(1-2)\1120_MO09121_NT19_(1-2).xlsx
2026-01-13 09:37:32.356 | INFO |   existing current_session_id: None
2026-01-13 09:37:32.356 | INFO |   existing api_session_id: None
2026-01-13 09:37:32.356 | INFO |   existing active_project: None
2026-01-13 09:37:32.356 | INFO |   existing active_user: OPUS
2026-01-13 09:37:32.357 | INFO |   User source: active_user = OPUS
2026-01-13 09:37:32.397 | INFO |   Project extracted and CACHED: MO09121_NT19_(1-2)
2026-01-13 09:37:32.397 | INFO |   Checking for existing session: user=OPUS, project=MO09121_NT19_(1-2)
2026-01-13 09:37:32.416 | INFO |   FOUND existing session from API:
2026-01-13 09:37:32.417 | INFO |     session_id: OPUS_MO09121_NT19_(1-2)_20260109_123152
2026-01-13 09:37:32.417 | INFO |     is_paused: True
2026-01-13 09:37:32.417 | INFO |   Session IDs synchronized: api=OPUS_MO09121_NT19_(1-2)_20260109_123152, local=OPUS_MO09121_NT19_(1-2)_20260109_123152
2026-01-13 09:37:32.417 | INFO |   Session IS paused - will call _resume_session()
2026-01-13 09:37:32.417 | INFO | ============================================================
2026-01-13 09:37:32.417 | INFO | _resume_session CALLED
2026-01-13 09:37:32.417 | INFO |   current_session_id: OPUS_MO09121_NT19_(1-2)_20260109_123152
2026-01-13 09:37:32.417 | INFO |   api_session_id: OPUS_MO09121_NT19_(1-2)_20260109_123152
2026-01-13 09:37:32.417 | INFO |   session_paused: True
2026-01-13 09:37:32.417 | INFO |   active_project (CACHED): MO09121_NT19_(1-2)
2026-01-13 09:37:32.417 | INFO |   active_user (CACHED): OPUS
2026-01-13 09:37:32.417 | INFO |   Session marked as resumed
2026-01-13 09:37:32.417 | INFO |   Using CACHED user: OPUS
2026-01-13 09:37:32.417 | INFO |   Using CACHED project: MO09121_NT19_(1-2)
2026-01-13 09:37:32.418 | INFO |   Using session_id for API: OPUS_MO09121_NT19_(1-2)_20260109_123152
2026-01-13 09:37:32.418 | INFO |   RESUME API data: {"session_id": "OPUS_MO09121_NT19_(1-2)_20260109_123152", "timestamp": "2026-01-13T09:37:32.418219", "total_pause_duration": 0, "user": "OPUS", "project": "MO09121_NT19_(1-2)"}
2026-01-13 09:37:32.418 | INFO |   RESUME API CALL: POST http://192.168.244.160:5001/session/resume
2026-01-13 09:37:32.459 | INFO |   RESUME API RESPONSE: 200
2026-01-13 09:37:32.525 | INFO |   SESSION_RESUME log event: {"event": "SESSION_RESUME", "user": "OPUS", "project": "MO09121_NT19_(1-2)", "session_id": "OPUS_MO09121_NT19_(1-2)_20260109_123152", "details": "Session resumed - pause duration: 0.0 minutes", "status": "BEZIG", "timestamp": "2026-01-13T09:37:32.525066"}
2026-01-13 09:37:32.558 | INFO |   SESSION_RESUME log response: 201
2026-01-13 09:44:29.529 | INFO | ============================================================
2026-01-13 09:44:29.529 | INFO | _pause_session CALLED
2026-01-13 09:44:29.529 | INFO |   blocking: False
2026-01-13 09:44:29.529 | INFO |   current_session_id: OPUS_MO09121_NT19_(1-2)_20260109_123152
2026-01-13 09:44:29.529 | INFO |   api_session_id: OPUS_MO09121_NT19_(1-2)_20260109_123152
2026-01-13 09:44:29.529 | INFO |   session_paused: False
2026-01-13 09:44:29.529 | INFO |   active_project (CACHED): MO09121_NT19_(1-2)
2026-01-13 09:44:29.529 | INFO |   active_user (CACHED): OPUS
2026-01-13 09:44:29.530 | INFO |   Session marked as paused at 2026-01-13 09:44:29.530000
2026-01-13 09:44:29.530 | INFO |   Using CACHED user: OPUS
2026-01-13 09:44:29.530 | INFO |   Using CACHED project: MO09121_NT19_(1-2)
2026-01-13 09:44:29.532 | INFO |   Using session_id for API: OPUS_MO09121_NT19_(1-2)_20260109_123152
2026-01-13 09:44:29.532 | INFO |   PAUSE API data: {"session_id": "OPUS_MO09121_NT19_(1-2)_20260109_123152", "timestamp": "2026-01-13T09:44:29.530000", "user": "OPUS", "project": "MO09121_NT19_(1-2)"}
2026-01-13 09:44:29.532 | INFO |   PAUSE API CALL: POST http://192.168.244.160:5001/session/pause
2026-01-13 09:44:29.570 | INFO |   PAUSE API RESPONSE: 200
2026-01-13 09:44:29.571 | INFO |   Session pause SUCCESSFUL
2026-01-13 09:44:29.615 | INFO |   SESSION_PAUSE log event: {"event": "SESSION_PAUSE", "user": "OPUS", "project": "MO09121_NT19_(1-2)", "session_id": "OPUS_MO09121_NT19_(1-2)_20260109_123152", "details": "Session paused - panel hidden", "status": "PAUZE", "timestamp": "2026-01-13T09:44:29.530000"}
2026-01-13 09:44:29.650 | INFO |   SESSION_PAUSE log response: 201
2026-01-13 09:44:29.650 | INFO |   PAUSE COMPLETE - _pause_complete_event SET
2026-01-13 09:44:52.258 | INFO | ============================================================
2026-01-13 09:44:52.258 | INFO | _start_session_for_excel_work CALLED
2026-01-13 09:44:52.258 | INFO |   excel_file_path: Y:\OPUS\KORPUS\1120_MO09121_NT19_(1-2)\1120_MO09121_NT19_(1-2).xlsx
2026-01-13 09:44:52.258 | INFO |   existing current_session_id: OPUS_MO09121_NT19_(1-2)_20260109_123152
2026-01-13 09:44:52.258 | INFO |   existing api_session_id: OPUS_MO09121_NT19_(1-2)_20260109_123152
2026-01-13 09:44:52.258 | INFO |   existing active_project: MO09121_NT19_(1-2)
2026-01-13 09:44:52.258 | INFO |   existing active_user: OPUS
2026-01-13 09:44:52.273 | INFO |   User source: active_user = OPUS
2026-01-13 09:44:52.297 | INFO |   Project extracted and CACHED: MO09121_NT19_(1-2)
2026-01-13 09:44:52.297 | INFO | ============================================================
2026-01-13 09:44:52.298 | INFO | _resume_session CALLED
2026-01-13 09:44:52.298 | INFO |   current_session_id: OPUS_MO09121_NT19_(1-2)_20260109_123152
2026-01-13 09:44:52.298 | INFO |   api_session_id: OPUS_MO09121_NT19_(1-2)_20260109_123152
2026-01-13 09:44:52.298 | INFO |   session_paused: True
2026-01-13 09:44:52.298 | INFO |   active_project (CACHED): MO09121_NT19_(1-2)
2026-01-13 09:44:52.298 | INFO |   active_user (CACHED): OPUS
2026-01-13 09:44:52.298 | INFO |   Session marked as resumed
2026-01-13 09:44:52.298 | INFO |   Using CACHED user: OPUS
2026-01-13 09:44:52.298 | INFO |   Using CACHED project: MO09121_NT19_(1-2)
2026-01-13 09:44:52.299 | INFO |   Using session_id for API: OPUS_MO09121_NT19_(1-2)_20260109_123152
2026-01-13 09:44:52.299 | INFO |   RESUME API data: {"session_id": "OPUS_MO09121_NT19_(1-2)_20260109_123152", "timestamp": "2026-01-13T09:44:52.299626", "total_pause_duration": 0, "user": "OPUS", "project": "MO09121_NT19_(1-2)"}
2026-01-13 09:44:52.301 | INFO |   RESUME API CALL: POST http://192.168.244.160:5001/session/resume
2026-01-13 09:44:52.344 | INFO |   RESUME API RESPONSE: 200
2026-01-13 09:44:52.373 | INFO |   SESSION_RESUME log event: {"event": "SESSION_RESUME", "user": "OPUS", "project": "MO09121_NT19_(1-2)", "session_id": "OPUS_MO09121_NT19_(1-2)_20260109_123152", "details": "Session resumed - pause duration: 0.4 minutes", "status": "BEZIG", "timestamp": "2026-01-13T09:44:52.373275"}
2026-01-13 09:44:52.399 | INFO |   SESSION_RESUME log response: 201
2026-01-13 10:45:34.783 | INFO | ============================================================
2026-01-13 10:45:34.784 | INFO | _start_session_for_excel_work CALLED
2026-01-13 10:45:34.784 | INFO |   excel_file_path: Y:\OPUS\KORPUS\1120_MO09128_nachtkastje_(2-3)\1120_MO09128_nachtkastje_(2-3).xlsx
2026-01-13 10:45:34.784 | INFO |   existing current_session_id: None
2026-01-13 10:45:34.784 | INFO |   existing api_session_id: None
2026-01-13 10:45:34.784 | INFO |   existing active_project: MO09121_NT19_(1-2)
2026-01-13 10:45:34.784 | INFO |   existing active_user: OPUS
2026-01-13 10:45:34.784 | INFO |   User source: active_user = OPUS
2026-01-13 10:45:34.794 | INFO |   Project extracted and CACHED: MO09128_nachtkastje_(2-3)
2026-01-13 10:45:34.794 | INFO |   Checking for existing session: user=OPUS, project=MO09128_nachtkastje_(2-3)
2026-01-13 10:45:34.807 | INFO |   No existing session found - creating NEW session
2026-01-13 10:45:34.807 | INFO |   NEW session created: OPUS_MO09128_nachtkastje_(2-3)_20260113_104534
2026-01-13 10:45:34.807 | INFO |   (api_session_id will be set when API responds)
2026-01-13 10:45:34.811 | INFO |   API CALL: POST http://192.168.244.160:5001/session/xlsx_updated
2026-01-13 10:45:34.811 | INFO |   API DATA: {"event": "XLSX_UPDATED", "user": "OPUS", "project": "MO09128_nachtkastje_(2-3)", "file_path": "Y:\\OPUS\\KORPUS\\1120_MO09128_nachtkastje_(2-3)\\1120_MO09128_nachtkastje_(2-3).xlsx", "item_count": 7, "timestamp": "2026-01-13T10:45:34.807916", "session_id": "OPUS_MO09128_nachtkastje_(2-3)_20260113_104534"}
2026-01-13 10:45:34.837 | INFO |   API RESPONSE: session_id=OPUS_MO09128_nachtkastje_(2-3)_20260113_104534
2026-01-13 10:45:34.837 | INFO |   SESSION IDs NOW: api=OPUS_MO09128_nachtkastje_(2-3)_20260113_104534, local=OPUS_MO09128_nachtkastje_(2-3)_20260113_104534
2026-01-13 10:46:14.129 | INFO | _save_updated_excel: Session already exists (api=OPUS_MO09128_nachtkastje_(2-3)_20260113_104534), skipping XLSX_UPDATED
2026-01-13 11:27:18.714 | INFO | ============================================================
2026-01-13 11:27:18.714 | INFO | _pause_session CALLED
2026-01-13 11:27:18.714 | INFO |   blocking: False
2026-01-13 11:27:18.714 | INFO |   current_session_id: OPUS_MO09128_nachtkastje_(2-3)_20260113_104534
2026-01-13 11:27:18.714 | INFO |   api_session_id: OPUS_MO09128_nachtkastje_(2-3)_20260113_104534
2026-01-13 11:27:18.714 | INFO |   session_paused: False
2026-01-13 11:27:18.714 | INFO |   active_project (CACHED): MO09128_nachtkastje_(2-3)
2026-01-13 11:27:18.714 | INFO |   active_user (CACHED): OPUS
2026-01-13 11:27:18.715 | INFO |   Session marked as paused at 2026-01-13 11:27:18.714997
2026-01-13 11:27:18.715 | INFO |   Using CACHED user: OPUS
2026-01-13 11:27:18.715 | INFO |   Using CACHED project: MO09128_nachtkastje_(2-3)
2026-01-13 11:27:18.716 | INFO |   Using session_id for API: OPUS_MO09128_nachtkastje_(2-3)_20260113_104534
2026-01-13 11:27:18.716 | INFO |   PAUSE API data: {"session_id": "OPUS_MO09128_nachtkastje_(2-3)_20260113_104534", "timestamp": "2026-01-13T11:27:18.714997", "user": "OPUS", "project": "MO09128_nachtkastje_(2-3)"}
2026-01-13 11:27:18.717 | INFO |   PAUSE API CALL: POST http://192.168.244.160:5001/session/pause
2026-01-13 11:27:18.739 | INFO |   PAUSE API RESPONSE: 200
2026-01-13 11:27:18.740 | INFO |   Session pause SUCCESSFUL
2026-01-13 11:27:18.796 | INFO |   SESSION_PAUSE log event: {"event": "SESSION_PAUSE", "user": "OPUS", "project": "MO09128_nachtkastje_(2-3)", "session_id": "OPUS_MO09128_nachtkastje_(2-3)_20260113_104534", "details": "Session paused - panel hidden", "status": "PAUZE", "timestamp": "2026-01-13T11:27:18.714997"}
2026-01-13 11:27:18.828 | INFO |   SESSION_PAUSE log response: 201
2026-01-13 11:27:18.828 | INFO |   PAUSE COMPLETE - _pause_complete_event SET
2026-01-13 11:48:55.584 | INFO | ============================================================
2026-01-13 11:48:55.584 | INFO | _start_session_for_excel_work CALLED
2026-01-13 11:48:55.584 | INFO |   excel_file_path: Y:\OPUS\KORPUS\1120_MO09128_nachtkastje_(2-3)\1120_MO09128_nachtkastje_(2-3).xlsx
2026-01-13 11:48:55.584 | INFO |   existing current_session_id: OPUS_MO09128_nachtkastje_(2-3)_20260113_104534
2026-01-13 11:48:55.584 | INFO |   existing api_session_id: OPUS_MO09128_nachtkastje_(2-3)_20260113_104534
2026-01-13 11:48:55.585 | INFO |   existing active_project: MO09128_nachtkastje_(2-3)
2026-01-13 11:48:55.585 | INFO |   existing active_user: OPUS
2026-01-13 11:48:55.585 | INFO |   User source: active_user = OPUS
2026-01-13 11:48:55.607 | INFO |   Project extracted and CACHED: MO09128_nachtkastje_(2-3)
2026-01-13 11:48:55.608 | INFO | ============================================================
2026-01-13 11:48:55.608 | INFO | _resume_session CALLED
2026-01-13 11:48:55.608 | INFO |   current_session_id: OPUS_MO09128_nachtkastje_(2-3)_20260113_104534
2026-01-13 11:48:55.608 | INFO |   api_session_id: OPUS_MO09128_nachtkastje_(2-3)_20260113_104534
2026-01-13 11:48:55.608 | INFO |   session_paused: True
2026-01-13 11:48:55.608 | INFO |   active_project (CACHED): MO09128_nachtkastje_(2-3)
2026-01-13 11:48:55.608 | INFO |   active_user (CACHED): OPUS
2026-01-13 11:48:55.608 | INFO |   Session marked as resumed
2026-01-13 11:48:55.608 | INFO |   Using CACHED user: OPUS
2026-01-13 11:48:55.608 | INFO |   Using CACHED project: MO09128_nachtkastje_(2-3)
2026-01-13 11:48:55.608 | INFO |   Using session_id for API: OPUS_MO09128_nachtkastje_(2-3)_20260113_104534
2026-01-13 11:48:55.609 | INFO |   RESUME API data: {"session_id": "OPUS_MO09128_nachtkastje_(2-3)_20260113_104534", "timestamp": "2026-01-13T11:48:55.608987", "total_pause_duration": 0, "user": "OPUS", "project": "MO09128_nachtkastje_(2-3)"}
2026-01-13 11:48:55.609 | INFO |   RESUME API CALL: POST http://192.168.244.160:5001/session/resume
2026-01-13 11:48:55.641 | INFO |   RESUME API RESPONSE: 200
2026-01-13 11:48:55.682 | INFO |   SESSION_RESUME log event: {"event": "SESSION_RESUME", "user": "OPUS", "project": "MO09128_nachtkastje_(2-3)", "session_id": "OPUS_MO09128_nachtkastje_(2-3)_20260113_104534", "details": "Session resumed - pause duration: 21.6 minutes", "status": "BEZIG", "timestamp": "2026-01-13T11:48:55.682068"}
2026-01-13 11:48:55.711 | INFO |   SESSION_RESUME log response: 201
2026-01-13 12:53:33.661 | INFO | ============================================================
2026-01-13 12:53:33.661 | INFO | _start_session_for_excel_work CALLED
2026-01-13 12:53:33.661 | INFO |   excel_file_path: Y:\OPUS\KORPUS\1120_MO09129_nachtkastje_(3-3)\1120_MO09129_nachtkastje_(3-3).xlsx
2026-01-13 12:53:33.661 | INFO |   existing current_session_id: None
2026-01-13 12:53:33.661 | INFO |   existing api_session_id: None
2026-01-13 12:53:33.661 | INFO |   existing active_project: MO09128_nachtkastje_(2-3)
2026-01-13 12:53:33.661 | INFO |   existing active_user: OPUS
2026-01-13 12:53:33.661 | INFO |   User source: active_user = OPUS
2026-01-13 12:53:33.675 | INFO |   Project extracted and CACHED: MO09129_nachtkastje_(3-3)
2026-01-13 12:53:33.675 | INFO |   Checking for existing session: user=OPUS, project=MO09129_nachtkastje_(3-3)
2026-01-13 12:53:33.693 | INFO |   No existing session found - creating NEW session
2026-01-13 12:53:33.693 | INFO |   NEW session created: OPUS_MO09129_nachtkastje_(3-3)_20260113_125333
2026-01-13 12:53:33.693 | INFO |   (api_session_id will be set when API responds)
2026-01-13 12:53:33.697 | INFO |   API CALL: POST http://192.168.244.160:5001/session/xlsx_updated
2026-01-13 12:53:33.697 | INFO |   API DATA: {"event": "XLSX_UPDATED", "user": "OPUS", "project": "MO09129_nachtkastje_(3-3)", "file_path": "Y:\\OPUS\\KORPUS\\1120_MO09129_nachtkastje_(3-3)\\1120_MO09129_nachtkastje_(3-3).xlsx", "item_count": 7, "timestamp": "2026-01-13T12:53:33.693740", "session_id": "OPUS_MO09129_nachtkastje_(3-3)_20260113_125333"}
2026-01-13 12:53:33.739 | INFO |   API RESPONSE: session_id=OPUS_MO09129_nachtkastje_(3-3)_20260113_125333
2026-01-13 12:53:33.740 | INFO |   SESSION IDs NOW: api=OPUS_MO09129_nachtkastje_(3-3)_20260113_125333, local=OPUS_MO09129_nachtkastje_(3-3)_20260113_125333
2026-01-13 12:53:58.422 | INFO | _save_updated_excel: Session already exists (api=OPUS_MO09129_nachtkastje_(3-3)_20260113_125333), skipping XLSX_UPDATED
2026-01-13 13:18:56.459 | INFO | ============================================================
2026-01-13 13:18:56.459 | INFO | _start_session_for_excel_work CALLED
2026-01-13 13:18:56.459 | INFO |   excel_file_path: Y:\OPUS\KORPUS\1120_MO09122_Maatwerk_(2-2)\1120_MO09122_Maatwerk_(2-2).xlsx
2026-01-13 13:18:56.459 | INFO |   existing current_session_id: None
2026-01-13 13:18:56.459 | INFO |   existing api_session_id: None
2026-01-13 13:18:56.459 | INFO |   existing active_project: MO09129_nachtkastje_(3-3)
2026-01-13 13:18:56.459 | INFO |   existing active_user: OPUS
2026-01-13 13:18:56.459 | INFO |   User source: active_user = OPUS
2026-01-13 13:18:56.467 | INFO |   Project extracted and CACHED: MO09122_Maatwerk_(2-2)
2026-01-13 13:18:56.467 | INFO |   Checking for existing session: user=OPUS, project=MO09122_Maatwerk_(2-2)
2026-01-13 13:18:56.486 | INFO |   No existing session found - creating NEW session
2026-01-13 13:18:56.487 | INFO |   NEW session created: OPUS_MO09122_Maatwerk_(2-2)_20260113_131856
2026-01-13 13:18:56.487 | INFO |   (api_session_id will be set when API responds)
2026-01-13 13:18:56.488 | INFO |   API CALL: POST http://192.168.244.160:5001/session/xlsx_updated
2026-01-13 13:18:56.489 | INFO |   API DATA: {"event": "XLSX_UPDATED", "user": "OPUS", "project": "MO09122_Maatwerk_(2-2)", "file_path": "Y:\\OPUS\\KORPUS\\1120_MO09122_Maatwerk_(2-2)\\1120_MO09122_Maatwerk_(2-2).xlsx", "item_count": 8, "timestamp": "2026-01-13T13:18:56.486998", "session_id": "OPUS_MO09122_Maatwerk_(2-2)_20260113_131856"}
2026-01-13 13:18:56.540 | INFO |   API RESPONSE: session_id=OPUS_MO09122_Maatwerk_(2-2)_20260113_131856
2026-01-13 13:18:56.540 | INFO |   SESSION IDs NOW: api=OPUS_MO09122_Maatwerk_(2-2)_20260113_131856, local=OPUS_MO09122_Maatwerk_(2-2)_20260113_131856
2026-01-13 13:19:15.933 | INFO | _save_updated_excel: Session already exists (api=OPUS_MO09122_Maatwerk_(2-2)_20260113_131856), skipping XLSX_UPDATED
2026-01-13 15:47:05.164 | INFO | ============================================================
2026-01-13 15:47:05.164 | INFO | _start_session_for_excel_work CALLED
2026-01-13 15:47:05.164 | INFO |   excel_file_path: Y:/OPUS/KORPUS/1105_MO08919_Nachtkastje_R (3-3)/1105_MO08919_Nachtkastje_R (3-3).xlsx
2026-01-13 15:47:05.164 | INFO |   existing current_session_id: None
2026-01-13 15:47:05.164 | INFO |   existing api_session_id: None
2026-01-13 15:47:05.164 | INFO |   existing active_project: MO09122_Maatwerk_(2-2)
2026-01-13 15:47:05.164 | INFO |   existing active_user: OPUS
2026-01-13 15:47:05.165 | INFO |   User source: active_user = OPUS
2026-01-13 15:47:05.173 | INFO |   Project extracted and CACHED: MO08919_Nachtkastje_R (3-3)
2026-01-13 15:47:05.173 | INFO |   Checking for existing session: user=OPUS, project=MO08919_Nachtkastje_R (3-3)
2026-01-13 15:47:05.193 | INFO |   No existing session found - creating NEW session
2026-01-13 15:47:05.193 | INFO |   NEW session created: OPUS_MO08919_Nachtkastje_R (3-3)_20260113_154705
2026-01-13 15:47:05.193 | INFO |   (api_session_id will be set when API responds)
2026-01-13 15:47:05.194 | INFO |   API CALL: POST http://192.168.244.160:5001/session/xlsx_updated
2026-01-13 15:47:05.194 | INFO |   API DATA: {"event": "XLSX_UPDATED", "user": "OPUS", "project": "MO08919_Nachtkastje_R (3-3)", "file_path": "Y:/OPUS/KORPUS/1105_MO08919_Nachtkastje_R (3-3)/1105_MO08919_Nachtkastje_R (3-3).xlsx", "item_count": 9, "timestamp": "2026-01-13T15:47:05.193098", "session_id": "OPUS_MO08919_Nachtkastje_R (3-3)_20260113_154705"}
2026-01-13 15:47:05.258 | INFO |   API RESPONSE: session_id=OPUS_MO08919_Nachtkastje_R (3-3)_20260113_154704
2026-01-13 15:47:05.258 | INFO |   SESSION IDs NOW: api=OPUS_MO08919_Nachtkastje_R (3-3)_20260113_154704, local=OPUS_MO08919_Nachtkastje_R (3-3)_20260113_154705
2026-01-13 15:51:25.643 | INFO | _save_updated_excel: Session already exists (api=OPUS_MO08919_Nachtkastje_R (3-3)_20260113_154704), skipping XLSX_UPDATED
2026-01-13 16:00:22.423 | INFO | ============================================================
2026-01-13 16:00:22.423 | INFO | _pause_session CALLED
2026-01-13 16:00:22.423 | INFO |   blocking: True
2026-01-13 16:00:22.423 | INFO |   current_session_id: OPUS_MO08919_Nachtkastje_R (3-3)_20260113_154705
2026-01-13 16:00:22.423 | INFO |   api_session_id: OPUS_MO08919_Nachtkastje_R (3-3)_20260113_154704
2026-01-13 16:00:22.423 | INFO |   session_paused: False
2026-01-13 16:00:22.424 | INFO |   active_project (CACHED): MO08919_Nachtkastje_R (3-3)
2026-01-13 16:00:22.424 | INFO |   active_user (CACHED): OPUS
2026-01-13 16:00:22.424 | INFO |   Session marked as paused at 2026-01-13 16:00:22.424298
2026-01-13 16:00:22.424 | INFO |   Using CACHED user: OPUS
2026-01-13 16:00:22.424 | INFO |   Using CACHED project: MO08919_Nachtkastje_R (3-3)
2026-01-13 16:00:22.426 | INFO |   Using session_id for API: OPUS_MO08919_Nachtkastje_R (3-3)_20260113_154704
2026-01-13 16:00:22.426 | INFO |   PAUSE API data: {"session_id": "OPUS_MO08919_Nachtkastje_R (3-3)_20260113_154704", "timestamp": "2026-01-13T16:00:22.424298", "user": "OPUS", "project": "MO08919_Nachtkastje_R (3-3)"}
2026-01-13 16:00:22.426 | INFO |   PAUSE API CALL: POST http://192.168.244.160:5001/session/pause
2026-01-13 16:00:22.470 | INFO |   PAUSE API RESPONSE: 200
2026-01-13 16:00:22.471 | INFO |   Session pause SUCCESSFUL
2026-01-14 07:39:43.795 | INFO | ================================================================================
2026-01-14 07:39:43.795 | INFO | SESSION DEBUG LOGGER INITIALIZED
2026-01-14 07:39:43.795 | INFO | ================================================================================
2026-01-14 07:39:44.472 | INFO | ScannerPanel initialized - thread sync enabled
2026-01-14 07:41:22.990 | INFO | ============================================================
2026-01-14 07:41:22.990 | INFO | _start_session_for_excel_work CALLED
2026-01-14 07:41:22.990 | INFO |   excel_file_path: Y:\OPUS\KORPUS\1105_MO08918_Nachtkastje_L (2-3)\1105_MO08918_Nachtkastje_L (2-3).xlsx
2026-01-14 07:41:22.990 | INFO |   existing current_session_id: None
2026-01-14 07:41:22.990 | INFO |   existing api_session_id: None
2026-01-14 07:41:22.990 | INFO |   existing active_project: None
2026-01-14 07:41:22.991 | INFO |   existing active_user: OPUS
2026-01-14 07:41:22.991 | INFO |   User source: active_user = OPUS
2026-01-14 07:41:22.999 | INFO |   Project extracted and CACHED: MO08918_Nachtkastje_L (2-3)
2026-01-14 07:41:22.999 | INFO |   Checking for existing session: user=OPUS, project=MO08918_Nachtkastje_L (2-3)
2026-01-14 07:41:23.027 | INFO |   No existing session found - creating NEW session
2026-01-14 07:41:23.028 | INFO |   NEW session created: OPUS_MO08918_Nachtkastje_L (2-3)_20260114_074123
2026-01-14 07:41:23.028 | INFO |   (api_session_id will be set when API responds)
2026-01-14 07:41:23.030 | INFO |   API CALL: POST http://192.168.244.160:5001/session/xlsx_updated
2026-01-14 07:41:23.030 | INFO |   API DATA: {"event": "XLSX_UPDATED", "user": "OPUS", "project": "MO08918_Nachtkastje_L (2-3)", "file_path": "Y:\\OPUS\\KORPUS\\1105_MO08918_Nachtkastje_L (2-3)\\1105_MO08918_Nachtkastje_L (2-3).xlsx", "item_count": 9, "timestamp": "2026-01-14T07:41:23.028076", "session_id": "OPUS_MO08918_Nachtkastje_L (2-3)_20260114_074123"}
2026-01-14 07:41:23.071 | INFO |   API RESPONSE: session_id=OPUS_MO08918_Nachtkastje_L (2-3)_20260114_074122
2026-01-14 07:41:23.072 | INFO |   SESSION IDs NOW: api=OPUS_MO08918_Nachtkastje_L (2-3)_20260114_074122, local=OPUS_MO08918_Nachtkastje_L (2-3)_20260114_074123
2026-01-14 07:42:01.034 | INFO | _save_updated_excel: Session already exists (api=OPUS_MO08918_Nachtkastje_L (2-3)_20260114_074122), skipping XLSX_UPDATED
2026-01-14 08:39:32.266 | INFO | ============================================================
2026-01-14 08:39:32.267 | INFO | _start_session_for_excel_work CALLED
2026-01-14 08:39:32.267 | INFO |   excel_file_path: Y:\OPUS\KORPUS\1105_MO08781_Dressing (1-3)\1105_MO08781_Dressing (1-3).xlsx
2026-01-14 08:39:32.267 | INFO |   existing current_session_id: None
2026-01-14 08:39:32.267 | INFO |   existing api_session_id: None
2026-01-14 08:39:32.267 | INFO |   existing active_project: MO08918_Nachtkastje_L (2-3)
2026-01-14 08:39:32.267 | INFO |   existing active_user: OPUS
2026-01-14 08:39:32.268 | INFO |   User source: active_user = OPUS
2026-01-14 08:39:32.276 | INFO |   Project extracted and CACHED: MO08781_Dressing (1-3)
2026-01-14 08:39:32.276 | INFO |   Checking for existing session: user=OPUS, project=MO08781_Dressing (1-3)
2026-01-14 08:39:32.285 | INFO |   No existing session found - creating NEW session
2026-01-14 08:39:32.285 | INFO |   NEW session created: OPUS_MO08781_Dressing (1-3)_20260114_083932
2026-01-14 08:39:32.285 | INFO |   (api_session_id will be set when API responds)
2026-01-14 08:39:32.288 | INFO |   API CALL: POST http://192.168.244.160:5001/session/xlsx_updated
2026-01-14 08:39:32.288 | INFO |   API DATA: {"event": "XLSX_UPDATED", "user": "OPUS", "project": "MO08781_Dressing (1-3)", "file_path": "Y:\\OPUS\\KORPUS\\1105_MO08781_Dressing (1-3)\\1105_MO08781_Dressing (1-3).xlsx", "item_count": 22, "timestamp": "2026-01-14T08:39:32.285230", "session_id": "OPUS_MO08781_Dressing (1-3)_20260114_083932"}
2026-01-14 08:39:32.318 | INFO |   API RESPONSE: session_id=OPUS_MO08781_Dressing (1-3)_20260114_083931
2026-01-14 08:39:32.318 | INFO |   SESSION IDs NOW: api=OPUS_MO08781_Dressing (1-3)_20260114_083931, local=OPUS_MO08781_Dressing (1-3)_20260114_083932
2026-01-14 08:40:30.319 | INFO | _save_updated_excel: Session already exists (api=OPUS_MO08781_Dressing (1-3)_20260114_083931), skipping XLSX_UPDATED
2026-01-14 10:24:46.201 | INFO | ============================================================
2026-01-14 10:24:46.202 | INFO | _start_session_for_excel_work CALLED
2026-01-14 10:24:46.202 | INFO |   excel_file_path: Y:\OPUS\KORPUS\1114_MO08588_Dressing_(3-7)\1114_MO08588_Dressing_(3-7).xlsx
2026-01-14 10:24:46.202 | INFO |   existing current_session_id: None
2026-01-14 10:24:46.202 | INFO |   existing api_session_id: None
2026-01-14 10:24:46.202 | INFO |   existing active_project: MO08781_Dressing (1-3)
2026-01-14 10:24:46.202 | INFO |   existing active_user: OPUS
2026-01-14 10:24:46.202 | INFO |   User source: active_user = OPUS
2026-01-14 10:24:46.211 | INFO |   Project extracted and CACHED: MO08588_Dressing_(3-7)
2026-01-14 10:24:46.211 | INFO |   Checking for existing session: user=OPUS, project=MO08588_Dressing_(3-7)
2026-01-14 10:24:46.235 | INFO |   No existing session found - creating NEW session
2026-01-14 10:24:46.235 | INFO |   NEW session created: OPUS_MO08588_Dressing_(3-7)_20260114_102446
2026-01-14 10:24:46.235 | INFO |   (api_session_id will be set when API responds)
2026-01-14 10:24:46.238 | INFO |   API CALL: POST http://192.168.244.160:5001/session/xlsx_updated
2026-01-14 10:24:46.238 | INFO |   API DATA: {"event": "XLSX_UPDATED", "user": "OPUS", "project": "MO08588_Dressing_(3-7)", "file_path": "Y:\\OPUS\\KORPUS\\1114_MO08588_Dressing_(3-7)\\1114_MO08588_Dressing_(3-7).xlsx", "item_count": 19, "timestamp": "2026-01-14T10:24:46.235610", "session_id": "OPUS_MO08588_Dressing_(3-7)_20260114_102446"}
2026-01-14 10:24:46.287 | INFO |   API RESPONSE: session_id=OPUS_MO08588_Dressing_(3-7)_20260114_102446
2026-01-14 10:24:46.287 | INFO |   SESSION IDs NOW: api=OPUS_MO08588_Dressing_(3-7)_20260114_102446, local=OPUS_MO08588_Dressing_(3-7)_20260114_102446
2026-01-14 10:26:29.209 | INFO | _save_updated_excel: Session already exists (api=OPUS_MO08588_Dressing_(3-7)_20260114_102446), skipping XLSX_UPDATED
2026-01-14 10:26:53.062 | INFO | ============================================================
2026-01-14 10:26:53.062 | INFO | _pause_session CALLED
2026-01-14 10:26:53.062 | INFO |   blocking: False
2026-01-14 10:26:53.062 | INFO |   current_session_id: OPUS_MO08588_Dressing_(3-7)_20260114_102446
2026-01-14 10:26:53.062 | INFO |   api_session_id: OPUS_MO08588_Dressing_(3-7)_20260114_102446
2026-01-14 10:26:53.062 | INFO |   session_paused: False
2026-01-14 10:26:53.062 | INFO |   active_project (CACHED): MO08588_Dressing_(3-7)
2026-01-14 10:26:53.063 | INFO |   active_user (CACHED): OPUS
2026-01-14 10:26:53.063 | INFO |   Session marked as paused at 2026-01-14 10:26:53.063163
2026-01-14 10:26:53.063 | INFO |   Using CACHED user: OPUS
2026-01-14 10:26:53.063 | INFO |   Using CACHED project: MO08588_Dressing_(3-7)
2026-01-14 10:26:53.065 | INFO |   Using session_id for API: OPUS_MO08588_Dressing_(3-7)_20260114_102446
2026-01-14 10:26:53.065 | INFO |   PAUSE API data: {"session_id": "OPUS_MO08588_Dressing_(3-7)_20260114_102446", "timestamp": "2026-01-14T10:26:53.063163", "user": "OPUS", "project": "MO08588_Dressing_(3-7)"}
2026-01-14 10:26:53.066 | INFO |   PAUSE API CALL: POST http://192.168.244.160:5001/session/pause
2026-01-14 10:26:53.095 | INFO |   PAUSE API RESPONSE: 200
2026-01-14 10:26:53.095 | INFO |   Session pause SUCCESSFUL
2026-01-14 10:26:53.138 | INFO |   SESSION_PAUSE log event: {"event": "SESSION_PAUSE", "user": "OPUS", "project": "MO08588_Dressing_(3-7)", "session_id": "OPUS_MO08588_Dressing_(3-7)_20260114_102446", "details": "Session paused - panel hidden", "status": "PAUZE", "timestamp": "2026-01-14T10:26:53.063163"}
2026-01-14 10:26:53.175 | INFO |   SESSION_PAUSE log response: 201
2026-01-14 10:26:53.175 | INFO |   PAUSE COMPLETE - _pause_complete_event SET
2026-01-14 10:27:19.236 | INFO | ================================================================================
2026-01-14 10:27:19.236 | INFO | SESSION DEBUG LOGGER INITIALIZED
2026-01-14 10:27:19.236 | INFO | ================================================================================
2026-01-14 10:27:20.578 | INFO | ScannerPanel initialized - thread sync enabled
2026-01-14 10:27:36.399 | INFO | ============================================================
2026-01-14 10:27:36.399 | INFO | _start_session_for_excel_work CALLED
2026-01-14 10:27:36.399 | INFO |   excel_file_path: Y:\OPUS\KORPUS\1114_MO08588_Dressing_(3-7)\1114_MO08588_Dressing_(3-7).xlsx
2026-01-14 10:27:36.399 | INFO |   existing current_session_id: None
2026-01-14 10:27:36.399 | INFO |   existing api_session_id: None
2026-01-14 10:27:36.399 | INFO |   existing active_project: None
2026-01-14 10:27:36.399 | INFO |   existing active_user: OPUS
2026-01-14 10:27:36.400 | INFO |   User source: active_user = OPUS
2026-01-14 10:27:36.414 | INFO |   Project extracted and CACHED: MO08588_Dressing_(3-7)
2026-01-14 10:27:36.414 | INFO |   Checking for existing session: user=OPUS, project=MO08588_Dressing_(3-7)
2026-01-14 10:27:36.438 | INFO |   FOUND existing session from API:
2026-01-14 10:27:36.438 | INFO |     session_id: OPUS_MO08588_Dressing_(3-7)_20260114_102446
2026-01-14 10:27:36.438 | INFO |     is_paused: True
2026-01-14 10:27:36.438 | INFO |   Session IDs synchronized: api=OPUS_MO08588_Dressing_(3-7)_20260114_102446, local=OPUS_MO08588_Dressing_(3-7)_20260114_102446
2026-01-14 10:27:36.438 | INFO |   Session IS paused - will call _resume_session()
2026-01-14 10:27:36.438 | INFO | ============================================================
2026-01-14 10:27:36.438 | INFO | _resume_session CALLED
2026-01-14 10:27:36.438 | INFO |   current_session_id: OPUS_MO08588_Dressing_(3-7)_20260114_102446
2026-01-14 10:27:36.438 | INFO |   api_session_id: OPUS_MO08588_Dressing_(3-7)_20260114_102446
2026-01-14 10:27:36.438 | INFO |   session_paused: True
2026-01-14 10:27:36.438 | INFO |   active_project (CACHED): MO08588_Dressing_(3-7)
2026-01-14 10:27:36.438 | INFO |   active_user (CACHED): OPUS
2026-01-14 10:27:36.438 | INFO |   Session marked as resumed
2026-01-14 10:27:36.438 | INFO |   Using CACHED user: OPUS
2026-01-14 10:27:36.438 | INFO |   Using CACHED project: MO08588_Dressing_(3-7)
2026-01-14 10:27:36.439 | INFO |   Using session_id for API: OPUS_MO08588_Dressing_(3-7)_20260114_102446
2026-01-14 10:27:36.439 | INFO |   RESUME API data: {"session_id": "OPUS_MO08588_Dressing_(3-7)_20260114_102446", "timestamp": "2026-01-14T10:27:36.439470", "total_pause_duration": 0, "user": "OPUS", "project": "MO08588_Dressing_(3-7)"}
2026-01-14 10:27:36.440 | INFO |   RESUME API CALL: POST http://192.168.244.160:5001/session/resume
2026-01-14 10:27:36.484 | INFO |   RESUME API RESPONSE: 200
2026-01-14 10:27:36.520 | INFO |   SESSION_RESUME log event: {"event": "SESSION_RESUME", "user": "OPUS", "project": "MO08588_Dressing_(3-7)", "session_id": "OPUS_MO08588_Dressing_(3-7)_20260114_102446", "details": "Session resumed - pause duration: 0.0 minutes", "status": "BEZIG", "timestamp": "2026-01-14T10:27:36.520885"}
2026-01-14 10:27:36.544 | INFO |   SESSION_RESUME log response: 201
2026-01-14 10:27:47.454 | INFO | ============================================================
2026-01-14 10:27:47.454 | INFO | _pause_session CALLED
2026-01-14 10:27:47.454 | INFO |   blocking: True
2026-01-14 10:27:47.454 | INFO |   current_session_id: OPUS_MO08588_Dressing_(3-7)_20260114_102446
2026-01-14 10:27:47.455 | INFO |   api_session_id: OPUS_MO08588_Dressing_(3-7)_20260114_102446
2026-01-14 10:27:47.455 | INFO |   session_paused: False
2026-01-14 10:27:47.455 | INFO |   active_project (CACHED): MO08588_Dressing_(3-7)
2026-01-14 10:27:47.455 | INFO |   active_user (CACHED): OPUS
2026-01-14 10:27:47.455 | INFO |   Session marked as paused at 2026-01-14 10:27:47.455348
2026-01-14 10:27:47.455 | INFO |   Using CACHED user: OPUS
2026-01-14 10:27:47.455 | INFO |   Using CACHED project: MO08588_Dressing_(3-7)
2026-01-14 10:27:47.458 | INFO |   Using session_id for API: OPUS_MO08588_Dressing_(3-7)_20260114_102446
2026-01-14 10:27:47.458 | INFO |   PAUSE API data: {"session_id": "OPUS_MO08588_Dressing_(3-7)_20260114_102446", "timestamp": "2026-01-14T10:27:47.455348", "user": "OPUS", "project": "MO08588_Dressing_(3-7)"}
2026-01-14 10:27:47.458 | INFO |   PAUSE API CALL: POST http://192.168.244.160:5001/session/pause
2026-01-14 10:27:47.495 | INFO |   PAUSE API RESPONSE: 200
2026-01-14 10:27:47.496 | INFO |   Session pause SUCCESSFUL
2026-01-14 10:29:58.851 | INFO | ================================================================================
2026-01-14 10:29:58.851 | INFO | SESSION DEBUG LOGGER INITIALIZED
2026-01-14 10:29:58.851 | INFO | ================================================================================
2026-01-14 10:29:59.497 | INFO | ScannerPanel initialized - thread sync enabled
2026-01-14 10:30:14.837 | INFO | ============================================================
2026-01-14 10:30:14.837 | INFO | _start_session_for_excel_work CALLED
2026-01-14 10:30:14.837 | INFO |   excel_file_path: Y:\OPUS\KORPUS\1114_MO08588_Dressing_(3-7)\1114_MO08588_Dressing_(3-7).xlsx
2026-01-14 10:30:14.837 | INFO |   existing current_session_id: None
2026-01-14 10:30:14.837 | INFO |   existing api_session_id: None
2026-01-14 10:30:14.837 | INFO |   existing active_project: None
2026-01-14 10:30:14.837 | INFO |   existing active_user: OPUS
2026-01-14 10:30:14.837 | INFO |   User source: active_user = OPUS
2026-01-14 10:30:14.851 | INFO |   Project extracted and CACHED: MO08588_Dressing_(3-7)
2026-01-14 10:30:14.851 | INFO |   Checking for existing session: user=OPUS, project=MO08588_Dressing_(3-7)
2026-01-14 10:30:14.867 | INFO |   FOUND existing session from API:
2026-01-14 10:30:14.868 | INFO |     session_id: OPUS_MO08588_Dressing_(3-7)_20260114_102446
2026-01-14 10:30:14.868 | INFO |     is_paused: True
2026-01-14 10:30:14.868 | INFO |   Session IDs synchronized: api=OPUS_MO08588_Dressing_(3-7)_20260114_102446, local=OPUS_MO08588_Dressing_(3-7)_20260114_102446
2026-01-14 10:30:14.868 | INFO |   Session IS paused - will call _resume_session()
2026-01-14 10:30:14.868 | INFO | ============================================================
2026-01-14 10:30:14.868 | INFO | _resume_session CALLED
2026-01-14 10:30:14.868 | INFO |   current_session_id: OPUS_MO08588_Dressing_(3-7)_20260114_102446
2026-01-14 10:30:14.868 | INFO |   api_session_id: OPUS_MO08588_Dressing_(3-7)_20260114_102446
2026-01-14 10:30:14.868 | INFO |   session_paused: True
2026-01-14 10:30:14.868 | INFO |   active_project (CACHED): MO08588_Dressing_(3-7)
2026-01-14 10:30:14.868 | INFO |   active_user (CACHED): OPUS
2026-01-14 10:30:14.868 | INFO |   Session marked as resumed
2026-01-14 10:30:14.868 | INFO |   Using CACHED user: OPUS
2026-01-14 10:30:14.868 | INFO |   Using CACHED project: MO08588_Dressing_(3-7)
2026-01-14 10:30:14.869 | INFO |   Using session_id for API: OPUS_MO08588_Dressing_(3-7)_20260114_102446
2026-01-14 10:30:14.869 | INFO |   RESUME API data: {"session_id": "OPUS_MO08588_Dressing_(3-7)_20260114_102446", "timestamp": "2026-01-14T10:30:14.869325", "total_pause_duration": 0.72, "user": "OPUS", "project": "MO08588_Dressing_(3-7)"}
2026-01-14 10:30:14.869 | INFO |   RESUME API CALL: POST http://192.168.244.160:5001/session/resume
2026-01-14 10:30:14.898 | INFO |   RESUME API RESPONSE: 200
2026-01-14 10:30:14.922 | INFO |   SESSION_RESUME log event: {"event": "SESSION_RESUME", "user": "OPUS", "project": "MO08588_Dressing_(3-7)", "session_id": "OPUS_MO08588_Dressing_(3-7)_20260114_102446", "details": "Session resumed - pause duration: 0.0 minutes", "status": "BEZIG", "timestamp": "2026-01-14T10:30:14.922026"}
2026-01-14 10:30:14.948 | INFO |   SESSION_RESUME log response: 201
2026-01-14 10:30:33.565 | INFO | ============================================================
2026-01-14 10:30:33.565 | INFO | _pause_session CALLED
2026-01-14 10:30:33.565 | INFO |   blocking: False
2026-01-14 10:30:33.565 | INFO |   current_session_id: OPUS_MO08588_Dressing_(3-7)_20260114_102446
2026-01-14 10:30:33.565 | INFO |   api_session_id: OPUS_MO08588_Dressing_(3-7)_20260114_102446
2026-01-14 10:30:33.565 | INFO |   session_paused: False
2026-01-14 10:30:33.565 | INFO |   active_project (CACHED): MO08588_Dressing_(3-7)
2026-01-14 10:30:33.565 | INFO |   active_user (CACHED): OPUS
2026-01-14 10:30:33.566 | INFO |   Session marked as paused at 2026-01-14 10:30:33.566004
2026-01-14 10:30:33.566 | INFO |   Using CACHED user: OPUS
2026-01-14 10:30:33.566 | INFO |   Using CACHED project: MO08588_Dressing_(3-7)
2026-01-14 10:30:33.569 | INFO |   Using session_id for API: OPUS_MO08588_Dressing_(3-7)_20260114_102446
2026-01-14 10:30:33.569 | INFO |   PAUSE API data: {"session_id": "OPUS_MO08588_Dressing_(3-7)_20260114_102446", "timestamp": "2026-01-14T10:30:33.566004", "user": "OPUS", "project": "MO08588_Dressing_(3-7)"}
2026-01-14 10:30:33.569 | INFO |   PAUSE API CALL: POST http://192.168.244.160:5001/session/pause
2026-01-14 10:30:33.588 | INFO |   PAUSE API RESPONSE: 200
2026-01-14 10:30:33.589 | INFO |   Session pause SUCCESSFUL
2026-01-14 10:30:33.618 | INFO |   SESSION_PAUSE log event: {"event": "SESSION_PAUSE", "user": "OPUS", "project": "MO08588_Dressing_(3-7)", "session_id": "OPUS_MO08588_Dressing_(3-7)_20260114_102446", "details": "Session paused - panel hidden", "status": "PAUZE", "timestamp": "2026-01-14T10:30:33.566004"}
2026-01-14 10:30:33.662 | INFO |   SESSION_PAUSE log response: 201
2026-01-14 10:30:33.663 | INFO |   PAUSE COMPLETE - _pause_complete_event SET
2026-01-14 10:30:57.900 | INFO | ================================================================================
2026-01-14 10:30:57.900 | INFO | SESSION DEBUG LOGGER INITIALIZED
2026-01-14 10:30:57.901 | INFO | ================================================================================
2026-01-14 10:30:58.488 | INFO | ScannerPanel initialized - thread sync enabled
2026-01-14 10:31:07.173 | INFO | ============================================================
2026-01-14 10:31:07.173 | INFO | _start_session_for_excel_work CALLED
2026-01-14 10:31:07.173 | INFO |   excel_file_path: Y:\OPUS\KORPUS\1114_MO08588_Dressing_(3-7)\1114_MO08588_Dressing_(3-7).xlsx
2026-01-14 10:31:07.173 | INFO |   existing current_session_id: None
2026-01-14 10:31:07.173 | INFO |   existing api_session_id: None
2026-01-14 10:31:07.174 | INFO |   existing active_project: None
2026-01-14 10:31:07.174 | INFO |   existing active_user: OPUS
2026-01-14 10:31:07.174 | INFO |   User source: active_user = OPUS
2026-01-14 10:31:07.187 | INFO |   Project extracted and CACHED: MO08588_Dressing_(3-7)
2026-01-14 10:31:07.187 | INFO |   Checking for existing session: user=OPUS, project=MO08588_Dressing_(3-7)
2026-01-14 10:31:07.209 | INFO |   FOUND existing session from API:
2026-01-14 10:31:07.209 | INFO |     session_id: OPUS_MO08588_Dressing_(3-7)_20260114_102446
2026-01-14 10:31:07.209 | INFO |     is_paused: True
2026-01-14 10:31:07.209 | INFO |   Session IDs synchronized: api=OPUS_MO08588_Dressing_(3-7)_20260114_102446, local=OPUS_MO08588_Dressing_(3-7)_20260114_102446
2026-01-14 10:31:07.209 | INFO |   Session IS paused - will call _resume_session()
2026-01-14 10:31:07.209 | INFO | ============================================================
2026-01-14 10:31:07.209 | INFO | _resume_session CALLED
2026-01-14 10:31:07.209 | INFO |   current_session_id: OPUS_MO08588_Dressing_(3-7)_20260114_102446
2026-01-14 10:31:07.209 | INFO |   api_session_id: OPUS_MO08588_Dressing_(3-7)_20260114_102446
2026-01-14 10:31:07.209 | INFO |   session_paused: True
2026-01-14 10:31:07.209 | INFO |   active_project (CACHED): MO08588_Dressing_(3-7)
2026-01-14 10:31:07.209 | INFO |   active_user (CACHED): OPUS
2026-01-14 10:31:07.209 | INFO |   Session marked as resumed
2026-01-14 10:31:07.209 | INFO |   Using CACHED user: OPUS
2026-01-14 10:31:07.209 | INFO |   Using CACHED project: MO08588_Dressing_(3-7)
2026-01-14 10:31:07.210 | INFO |   Using session_id for API: OPUS_MO08588_Dressing_(3-7)_20260114_102446
2026-01-14 10:31:07.210 | INFO |   RESUME API data: {"session_id": "OPUS_MO08588_Dressing_(3-7)_20260114_102446", "timestamp": "2026-01-14T10:31:07.210486", "total_pause_duration": 3.1799999999999997, "user": "OPUS", "project": "MO08588_Dressing_(3-7)"}
2026-01-14 10:31:07.211 | INFO |   RESUME API CALL: POST http://192.168.244.160:5001/session/resume
2026-01-14 10:31:07.246 | INFO |   RESUME API RESPONSE: 200
2026-01-14 10:31:07.259 | INFO |   SESSION_RESUME log event: {"event": "SESSION_RESUME", "user": "OPUS", "project": "MO08588_Dressing_(3-7)", "session_id": "OPUS_MO08588_Dressing_(3-7)_20260114_102446", "details": "Session resumed - pause duration: 0.0 minutes", "status": "BEZIG", "timestamp": "2026-01-14T10:31:07.259282"}
2026-01-14 10:31:07.276 | INFO |   SESSION_RESUME log response: 201
2026-01-14 10:31:43.772 | INFO | ============================================================
2026-01-14 10:31:43.772 | INFO | _pause_session CALLED
2026-01-14 10:31:43.773 | INFO |   blocking: False
2026-01-14 10:31:43.773 | INFO |   current_session_id: OPUS_MO08588_Dressing_(3-7)_20260114_102446
2026-01-14 10:31:43.773 | INFO |   api_session_id: OPUS_MO08588_Dressing_(3-7)_20260114_102446
2026-01-14 10:31:43.773 | INFO |   session_paused: False
2026-01-14 10:31:43.773 | INFO |   active_project (CACHED): MO08588_Dressing_(3-7)
2026-01-14 10:31:43.773 | INFO |   active_user (CACHED): OPUS
2026-01-14 10:31:43.773 | INFO |   Session marked as paused at 2026-01-14 10:31:43.773393
2026-01-14 10:31:43.773 | INFO |   Using CACHED user: OPUS
2026-01-14 10:31:43.773 | INFO |   Using CACHED project: MO08588_Dressing_(3-7)
2026-01-14 10:31:43.775 | INFO |   Using session_id for API: OPUS_MO08588_Dressing_(3-7)_20260114_102446
2026-01-14 10:31:43.775 | INFO |   PAUSE API data: {"session_id": "OPUS_MO08588_Dressing_(3-7)_20260114_102446", "timestamp": "2026-01-14T10:31:43.773393", "user": "OPUS", "project": "MO08588_Dressing_(3-7)"}
2026-01-14 10:31:43.776 | INFO |   PAUSE API CALL: POST http://192.168.244.160:5001/session/pause
2026-01-14 10:31:43.808 | INFO |   PAUSE API RESPONSE: 200
2026-01-14 10:31:43.808 | INFO |   Session pause SUCCESSFUL
2026-01-14 10:31:43.863 | INFO |   SESSION_PAUSE log event: {"event": "SESSION_PAUSE", "user": "OPUS", "project": "MO08588_Dressing_(3-7)", "session_id": "OPUS_MO08588_Dressing_(3-7)_20260114_102446", "details": "Session paused - panel hidden", "status": "PAUZE", "timestamp": "2026-01-14T10:31:43.773393"}
2026-01-14 10:31:43.898 | INFO |   SESSION_PAUSE log response: 201
2026-01-14 10:31:43.899 | INFO |   PAUSE COMPLETE - _pause_complete_event SET
2026-01-14 10:46:54.076 | INFO | ================================================================================
2026-01-14 10:46:54.076 | INFO | SESSION DEBUG LOGGER INITIALIZED
2026-01-14 10:46:54.076 | INFO | ================================================================================
2026-01-14 10:46:54.720 | INFO | ScannerPanel initialized - thread sync enabled
2026-01-14 10:47:02.852 | INFO | ============================================================
2026-01-14 10:47:02.853 | INFO | _start_session_for_excel_work CALLED
2026-01-14 10:47:02.853 | INFO |   excel_file_path: Y:\OPUS\KORPUS\1114_MO08588_Dressing_(3-7)\1114_MO08588_Dressing_(3-7).xlsx
2026-01-14 10:47:02.853 | INFO |   existing current_session_id: None
2026-01-14 10:47:02.853 | INFO |   existing api_session_id: None
2026-01-14 10:47:02.853 | INFO |   existing active_project: None
2026-01-14 10:47:02.853 | INFO |   existing active_user: OPUS
2026-01-14 10:47:02.853 | INFO |   User source: active_user = OPUS
2026-01-14 10:47:02.866 | INFO |   Project extracted and CACHED: MO08588_Dressing_(3-7)
2026-01-14 10:47:02.866 | INFO |   Checking for existing session: user=OPUS, project=MO08588_Dressing_(3-7)
2026-01-14 10:47:02.881 | INFO |   FOUND existing session from API:
2026-01-14 10:47:02.881 | INFO |     session_id: OPUS_MO08588_Dressing_(3-7)_20260114_102446
2026-01-14 10:47:02.881 | INFO |     is_paused: True
2026-01-14 10:47:02.881 | INFO |   Session IDs synchronized: api=OPUS_MO08588_Dressing_(3-7)_20260114_102446, local=OPUS_MO08588_Dressing_(3-7)_20260114_102446
2026-01-14 10:47:02.882 | INFO |   Session IS paused - will call _resume_session()
2026-01-14 10:47:02.882 | INFO | ============================================================
2026-01-14 10:47:02.882 | INFO | _resume_session CALLED
2026-01-14 10:47:02.882 | INFO |   current_session_id: OPUS_MO08588_Dressing_(3-7)_20260114_102446
2026-01-14 10:47:02.882 | INFO |   api_session_id: OPUS_MO08588_Dressing_(3-7)_20260114_102446
2026-01-14 10:47:02.882 | INFO |   session_paused: True
2026-01-14 10:47:02.882 | INFO |   active_project (CACHED): MO08588_Dressing_(3-7)
2026-01-14 10:47:02.882 | INFO |   active_user (CACHED): OPUS
2026-01-14 10:47:02.882 | INFO |   Session marked as resumed
2026-01-14 10:47:02.882 | INFO |   Using CACHED user: OPUS
2026-01-14 10:47:02.882 | INFO |   Using CACHED project: MO08588_Dressing_(3-7)
2026-01-14 10:47:02.882 | INFO |   Using session_id for API: OPUS_MO08588_Dressing_(3-7)_20260114_102446
2026-01-14 10:47:02.883 | INFO |   RESUME API data: {"session_id": "OPUS_MO08588_Dressing_(3-7)_20260114_102446", "timestamp": "2026-01-14T10:47:02.883098", "total_pause_duration": 3.7399999999999998, "user": "OPUS", "project": "MO08588_Dressing_(3-7)"}
2026-01-14 10:47:02.883 | INFO |   RESUME API CALL: POST http://192.168.244.160:5001/session/resume
2026-01-14 10:47:02.927 | INFO |   RESUME API RESPONSE: 200
2026-01-14 10:47:02.966 | INFO |   SESSION_RESUME log event: {"event": "SESSION_RESUME", "user": "OPUS", "project": "MO08588_Dressing_(3-7)", "session_id": "OPUS_MO08588_Dressing_(3-7)_20260114_102446", "details": "Session resumed - pause duration: 0.0 minutes", "status": "BEZIG", "timestamp": "2026-01-14T10:47:02.966765"}
2026-01-14 10:47:02.998 | INFO |   SESSION_RESUME log response: 201
2026-01-14 10:48:50.006 | INFO | ============================================================
2026-01-14 10:48:50.006 | INFO | _pause_session CALLED
2026-01-14 10:48:50.006 | INFO |   blocking: False
2026-01-14 10:48:50.006 | INFO |   current_session_id: OPUS_MO08588_Dressing_(3-7)_20260114_102446
2026-01-14 10:48:50.006 | INFO |   api_session_id: OPUS_MO08588_Dressing_(3-7)_20260114_102446
2026-01-14 10:48:50.006 | INFO |   session_paused: False
2026-01-14 10:48:50.006 | INFO |   active_project (CACHED): MO08588_Dressing_(3-7)
2026-01-14 10:48:50.006 | INFO |   active_user (CACHED): OPUS
2026-01-14 10:48:50.006 | INFO |   Session marked as paused at 2026-01-14 10:48:50.006657
2026-01-14 10:48:50.006 | INFO |   Using CACHED user: OPUS
2026-01-14 10:48:50.006 | INFO |   Using CACHED project: MO08588_Dressing_(3-7)
2026-01-14 10:48:50.008 | INFO |   Using session_id for API: OPUS_MO08588_Dressing_(3-7)_20260114_102446
2026-01-14 10:48:50.008 | INFO |   PAUSE API data: {"session_id": "OPUS_MO08588_Dressing_(3-7)_20260114_102446", "timestamp": "2026-01-14T10:48:50.006657", "user": "OPUS", "project": "MO08588_Dressing_(3-7)"}
2026-01-14 10:48:50.008 | INFO |   PAUSE API CALL: POST http://192.168.244.160:5001/session/pause
2026-01-14 10:48:50.049 | INFO |   PAUSE API RESPONSE: 200
2026-01-14 10:48:50.050 | INFO |   Session pause SUCCESSFUL
2026-01-14 10:48:50.082 | INFO |   SESSION_PAUSE log event: {"event": "SESSION_PAUSE", "user": "OPUS", "project": "MO08588_Dressing_(3-7)", "session_id": "OPUS_MO08588_Dressing_(3-7)_20260114_102446", "details": "Session paused - panel hidden", "status": "PAUZE", "timestamp": "2026-01-14T10:48:50.006657"}
2026-01-14 10:48:50.115 | INFO |   SESSION_PAUSE log response: 201
2026-01-14 10:48:50.115 | INFO |   PAUSE COMPLETE - _pause_complete_event SET
2026-01-14 10:48:59.190 | INFO | ================================================================================
2026-01-14 10:48:59.190 | INFO | SESSION DEBUG LOGGER INITIALIZED
2026-01-14 10:48:59.190 | INFO | ================================================================================
2026-01-14 10:48:59.790 | INFO | ScannerPanel initialized - thread sync enabled
2026-01-14 10:49:07.028 | INFO | ============================================================
2026-01-14 10:49:07.028 | INFO | _start_session_for_excel_work CALLED
2026-01-14 10:49:07.028 | INFO |   excel_file_path: Y:\OPUS\KORPUS\1114_MO08588_Dressing_(3-7)\1114_MO08588_Dressing_(3-7).xlsx
2026-01-14 10:49:07.029 | INFO |   existing current_session_id: None
2026-01-14 10:49:07.029 | INFO |   existing api_session_id: None
2026-01-14 10:49:07.029 | INFO |   existing active_project: None
2026-01-14 10:49:07.029 | INFO |   existing active_user: OPUS
2026-01-14 10:49:07.029 | INFO |   User source: active_user = OPUS
2026-01-14 10:49:07.043 | INFO |   Project extracted and CACHED: MO08588_Dressing_(3-7)
2026-01-14 10:49:07.043 | INFO |   Checking for existing session: user=OPUS, project=MO08588_Dressing_(3-7)
2026-01-14 10:49:07.061 | INFO |   FOUND existing session from API:
2026-01-14 10:49:07.061 | INFO |     session_id: OPUS_MO08588_Dressing_(3-7)_20260114_102446
2026-01-14 10:49:07.061 | INFO |     is_paused: True
2026-01-14 10:49:07.061 | INFO |   Session IDs synchronized: api=OPUS_MO08588_Dressing_(3-7)_20260114_102446, local=OPUS_MO08588_Dressing_(3-7)_20260114_102446
2026-01-14 10:49:07.061 | INFO |   Session IS paused - will call _resume_session()
2026-01-14 10:49:07.061 | INFO | ============================================================
2026-01-14 10:49:07.061 | INFO | _resume_session CALLED
2026-01-14 10:49:07.061 | INFO |   current_session_id: OPUS_MO08588_Dressing_(3-7)_20260114_102446
2026-01-14 10:49:07.062 | INFO |   api_session_id: OPUS_MO08588_Dressing_(3-7)_20260114_102446
2026-01-14 10:49:07.062 | INFO |   session_paused: True
2026-01-14 10:49:07.062 | INFO |   active_project (CACHED): MO08588_Dressing_(3-7)
2026-01-14 10:49:07.062 | INFO |   active_user (CACHED): OPUS
2026-01-14 10:49:07.062 | INFO |   Session marked as resumed
2026-01-14 10:49:07.062 | INFO |   Using CACHED user: OPUS
2026-01-14 10:49:07.062 | INFO |   Using CACHED project: MO08588_Dressing_(3-7)
2026-01-14 10:49:07.062 | INFO |   Using session_id for API: OPUS_MO08588_Dressing_(3-7)_20260114_102446
2026-01-14 10:49:07.062 | INFO |   RESUME API data: {"session_id": "OPUS_MO08588_Dressing_(3-7)_20260114_102446", "timestamp": "2026-01-14T10:49:07.062958", "total_pause_duration": 19.06, "user": "OPUS", "project": "MO08588_Dressing_(3-7)"}
2026-01-14 10:49:07.063 | INFO |   RESUME API CALL: POST http://192.168.244.160:5001/session/resume
2026-01-14 10:49:07.093 | INFO |   RESUME API RESPONSE: 200
2026-01-14 10:49:07.131 | INFO |   SESSION_RESUME log event: {"event": "SESSION_RESUME", "user": "OPUS", "project": "MO08588_Dressing_(3-7)", "session_id": "OPUS_MO08588_Dressing_(3-7)_20260114_102446", "details": "Session resumed - pause duration: 0.0 minutes", "status": "BEZIG", "timestamp": "2026-01-14T10:49:07.131396"}
2026-01-14 10:49:07.167 | INFO |   SESSION_RESUME log response: 201
2026-01-14 14:35:16.085 | INFO | ============================================================
2026-01-14 14:35:16.086 | INFO | _start_session_for_excel_work CALLED
2026-01-14 14:35:16.086 | INFO |   excel_file_path: Y:\OPUS\KORPUS\0109_MO08843_Hoekdressing_REP_VL\0109_MO08843_Hoekdressing_REP_VL.xlsx
2026-01-14 14:35:16.086 | INFO |   existing current_session_id: None
2026-01-14 14:35:16.086 | INFO |   existing api_session_id: None
2026-01-14 14:35:16.086 | INFO |   existing active_project: MO08588_Dressing_(3-7)
2026-01-14 14:35:16.086 | INFO |   existing active_user: OPUS
2026-01-14 14:35:16.087 | INFO |   User source: active_user = OPUS
2026-01-14 14:35:16.095 | INFO |   Project extracted and CACHED: MO08843_Hoekdressing_REP_VL
2026-01-14 14:35:16.095 | INFO |   Checking for existing session: user=OPUS, project=MO08843_Hoekdressing_REP_VL
2026-01-14 14:35:16.113 | INFO |   No existing session found - creating NEW session
2026-01-14 14:35:16.113 | INFO |   NEW session created: OPUS_MO08843_Hoekdressing_REP_VL_20260114_143516
2026-01-14 14:35:16.113 | INFO |   (api_session_id will be set when API responds)
2026-01-14 14:35:16.116 | INFO |   API CALL: POST http://192.168.244.160:5001/session/xlsx_updated
2026-01-14 14:35:16.116 | INFO |   API DATA: {"event": "XLSX_UPDATED", "user": "OPUS", "project": "MO08843_Hoekdressing_REP_VL", "file_path": "Y:\\OPUS\\KORPUS\\0109_MO08843_Hoekdressing_REP_VL\\0109_MO08843_Hoekdressing_REP_VL.xlsx", "item_count": 1, "timestamp": "2026-01-14T14:35:16.113489", "session_id": "OPUS_MO08843_Hoekdressing_REP_VL_20260114_143516"}
2026-01-14 14:35:16.164 | INFO |   API RESPONSE: session_id=OPUS_MO08843_Hoekdressing_REP_VL_20260114_143516
2026-01-14 14:35:16.164 | INFO |   SESSION IDs NOW: api=OPUS_MO08843_Hoekdressing_REP_VL_20260114_143516, local=OPUS_MO08843_Hoekdressing_REP_VL_20260114_143516
2026-01-14 14:36:07.068 | INFO | _save_updated_excel: Session already exists (api=OPUS_MO08843_Hoekdressing_REP_VL_20260114_143516), skipping XLSX_UPDATED
2026-01-14 14:37:46.395 | INFO | ============================================================
2026-01-14 14:37:46.395 | INFO | _start_session_for_excel_work CALLED
2026-01-14 14:37:46.395 | INFO |   excel_file_path: Y:\OPUS\KORPUS\0114_MO08843_Hoekdressing_(3-4)_REP_BC-TZ\0114_MO08843_Hoekdressing_(3-4)_REP_BC-TZ.xlsx
2026-01-14 14:37:46.395 | INFO |   existing current_session_id: None
2026-01-14 14:37:46.395 | INFO |   existing api_session_id: None
2026-01-14 14:37:46.395 | INFO |   existing active_project: MO08843_Hoekdressing_REP_VL
2026-01-14 14:37:46.395 | INFO |   existing active_user: OPUS
2026-01-14 14:37:46.396 | INFO |   User source: active_user = OPUS
2026-01-14 14:37:46.403 | INFO |   Project extracted and CACHED: MO08843_Hoekdressing_(3-4)_REP_BC-TZ
2026-01-14 14:37:46.403 | INFO |   Checking for existing session: user=OPUS, project=MO08843_Hoekdressing_(3-4)_REP_BC-TZ
2026-01-14 14:37:46.421 | INFO |   No existing session found - creating NEW session
2026-01-14 14:37:46.421 | INFO |   NEW session created: OPUS_MO08843_Hoekdressing_(3-4)_REP_BC-TZ_20260114_143746
2026-01-14 14:37:46.421 | INFO |   (api_session_id will be set when API responds)
2026-01-14 14:37:46.423 | INFO |   API CALL: POST http://192.168.244.160:5001/session/xlsx_updated
2026-01-14 14:37:46.423 | INFO |   API DATA: {"event": "XLSX_UPDATED", "user": "OPUS", "project": "MO08843_Hoekdressing_(3-4)_REP_BC-TZ", "file_path": "Y:\\OPUS\\KORPUS\\0114_MO08843_Hoekdressing_(3-4)_REP_BC-TZ\\0114_MO08843_Hoekdressing_(3-4)_REP_BC-TZ.xlsx", "item_count": 3, "timestamp": "2026-01-14T14:37:46.421876", "session_id": "OPUS_MO08843_Hoekdressing_(3-4)_REP_BC-TZ_20260114_143746"}
2026-01-14 14:37:46.446 | INFO |   API RESPONSE: session_id=OPUS_MO08843_Hoekdressing_(3-4)_REP_BC-TZ_20260114_143746
2026-01-14 14:37:46.446 | INFO |   SESSION IDs NOW: api=OPUS_MO08843_Hoekdressing_(3-4)_REP_BC-TZ_20260114_143746, local=OPUS_MO08843_Hoekdressing_(3-4)_REP_BC-TZ_20260114_143746
2026-01-14 14:39:39.541 | INFO | _save_updated_excel: Session already exists (api=OPUS_MO08843_Hoekdressing_(3-4)_REP_BC-TZ_20260114_143746), skipping XLSX_UPDATED
2026-01-15 11:33:28.952 | INFO | ================================================================================
2026-01-15 11:33:28.952 | INFO | SESSION DEBUG LOGGER INITIALIZED
2026-01-15 11:33:28.952 | INFO | ================================================================================
2026-01-15 11:33:30.213 | INFO | ScannerPanel initialized - thread sync enabled
2026-01-15 11:33:48.006 | INFO | ============================================================
2026-01-15 11:33:48.007 | INFO | _start_session_for_excel_work CALLED
2026-01-15 11:33:48.007 | INFO |   excel_file_path: Y:\OPUS\KORPUS\0115_MO00000_Wandkast_SPOED_Magneet\0115_MO00000_Wandkast_SPOED_Magneet.xlsx
2026-01-15 11:33:48.007 | INFO |   existing current_session_id: None
2026-01-15 11:33:48.007 | INFO |   existing api_session_id: None
2026-01-15 11:33:48.007 | INFO |   existing active_project: None
2026-01-15 11:33:48.007 | INFO |   existing active_user: OPUS
2026-01-15 11:33:48.007 | INFO |   User source: active_user = OPUS
2026-01-15 11:33:48.015 | INFO |   Project extracted and CACHED: MO00000_Wandkast_SPOED_Magneet
2026-01-15 11:33:48.016 | INFO |   Checking for existing session: user=OPUS, project=MO00000_Wandkast_SPOED_Magneet
2026-01-15 11:33:48.028 | INFO |   No existing session found - creating NEW session
2026-01-15 11:33:48.028 | INFO |   NEW session created: OPUS_MO00000_Wandkast_SPOED_Magneet_20260115_113348
2026-01-15 11:33:48.028 | INFO |   (api_session_id will be set when API responds)
2026-01-15 11:33:48.031 | INFO |   API CALL: POST http://192.168.244.160:5001/session/xlsx_updated
2026-01-15 11:33:48.031 | INFO |   API DATA: {"event": "XLSX_UPDATED", "user": "OPUS", "project": "MO00000_Wandkast_SPOED_Magneet", "file_path": "Y:\\OPUS\\KORPUS\\0115_MO00000_Wandkast_SPOED_Magneet\\0115_MO00000_Wandkast_SPOED_Magneet.xlsx", "item_count": 2, "timestamp": "2026-01-15T11:33:48.028624", "session_id": "OPUS_MO00000_Wandkast_SPOED_Magneet_20260115_113348"}
2026-01-15 11:33:48.053 | INFO |   API RESPONSE: session_id=OPUS_MO00000_Wandkast_SPOED_Magneet_20260115_113347
2026-01-15 11:33:48.053 | INFO |   SESSION IDs NOW: api=OPUS_MO00000_Wandkast_SPOED_Magneet_20260115_113347, local=OPUS_MO00000_Wandkast_SPOED_Magneet_20260115_113348
2026-01-15 11:34:18.782 | INFO | _save_updated_excel: Session already exists (api=OPUS_MO00000_Wandkast_SPOED_Magneet_20260115_113347), skipping XLSX_UPDATED
2026-01-15 13:57:14.617 | INFO | ============================================================
2026-01-15 13:57:14.617 | INFO | _start_session_for_excel_work CALLED
2026-01-15 13:57:14.617 | INFO |   excel_file_path: Y:\OPUS\KORPUS\1114_MO08586_Lage_kast_(1-7)\1114_MO08586_Lage_kast_(1-7).xlsx
2026-01-15 13:57:14.617 | INFO |   existing current_session_id: None
2026-01-15 13:57:14.617 | INFO |   existing api_session_id: None
2026-01-15 13:57:14.617 | INFO |   existing active_project: MO00000_Wandkast_SPOED_Magneet
2026-01-15 13:57:14.617 | INFO |   existing active_user: OPUS
2026-01-15 13:57:14.618 | INFO |   User source: active_user = OPUS
2026-01-15 13:57:14.626 | INFO |   Project extracted and CACHED: MO08586_Lage_kast_(1-7)
2026-01-15 13:57:14.627 | INFO |   Checking for existing session: user=OPUS, project=MO08586_Lage_kast_(1-7)
2026-01-15 13:57:14.645 | INFO |   No existing session found - creating NEW session
2026-01-15 13:57:14.645 | INFO |   NEW session created: OPUS_MO08586_Lage_kast_(1-7)_20260115_135714
2026-01-15 13:57:14.645 | INFO |   (api_session_id will be set when API responds)
2026-01-15 13:57:14.647 | INFO |   API CALL: POST http://192.168.244.160:5001/session/xlsx_updated
2026-01-15 13:57:14.647 | INFO |   API DATA: {"event": "XLSX_UPDATED", "user": "OPUS", "project": "MO08586_Lage_kast_(1-7)", "file_path": "Y:\\OPUS\\KORPUS\\1114_MO08586_Lage_kast_(1-7)\\1114_MO08586_Lage_kast_(1-7).xlsx", "item_count": 14, "timestamp": "2026-01-15T13:57:14.645165", "session_id": "OPUS_MO08586_Lage_kast_(1-7)_20260115_135714"}
2026-01-15 13:57:14.690 | INFO |   API RESPONSE: session_id=OPUS_MO08586_Lage_kast_(1-7)_20260115_135714
2026-01-15 13:57:14.690 | INFO |   SESSION IDs NOW: api=OPUS_MO08586_Lage_kast_(1-7)_20260115_135714, local=OPUS_MO08586_Lage_kast_(1-7)_20260115_135714
2026-01-15 13:58:16.966 | INFO | _save_updated_excel: Session already exists (api=OPUS_MO08586_Lage_kast_(1-7)_20260115_135714), skipping XLSX_UPDATED
2026-01-15 14:54:55.733 | INFO | ============================================================
2026-01-15 14:54:55.734 | INFO | _start_session_for_excel_work CALLED
2026-01-15 14:54:55.734 | INFO |   excel_file_path: Y:\OPUS\KORPUS\1114_MO08592_Tablet_L_vorm_(7-7)\1114_MO08592_Tablet_L_vorm_(7-7).xlsx
2026-01-15 14:54:55.734 | INFO |   existing current_session_id: None
2026-01-15 14:54:55.734 | INFO |   existing api_session_id: None
2026-01-15 14:54:55.734 | INFO |   existing active_project: MO08586_Lage_kast_(1-7)
2026-01-15 14:54:55.734 | INFO |   existing active_user: OPUS
2026-01-15 14:54:55.734 | INFO |   User source: active_user = OPUS
2026-01-15 14:54:55.742 | INFO |   Project extracted and CACHED: MO08592_Tablet_L_vorm_(7-7)
2026-01-15 14:54:55.743 | INFO |   Checking for existing session: user=OPUS, project=MO08592_Tablet_L_vorm_(7-7)
2026-01-15 14:54:55.755 | INFO |   No existing session found - creating NEW session
2026-01-15 14:54:55.755 | INFO |   NEW session created: OPUS_MO08592_Tablet_L_vorm_(7-7)_20260115_145455
2026-01-15 14:54:55.755 | INFO |   (api_session_id will be set when API responds)
2026-01-15 14:54:55.757 | INFO |   API CALL: POST http://192.168.244.160:5001/session/xlsx_updated
2026-01-15 14:54:55.757 | INFO |   API DATA: {"event": "XLSX_UPDATED", "user": "OPUS", "project": "MO08592_Tablet_L_vorm_(7-7)", "file_path": "Y:\\OPUS\\KORPUS\\1114_MO08592_Tablet_L_vorm_(7-7)\\1114_MO08592_Tablet_L_vorm_(7-7).xlsx", "item_count": 9, "timestamp": "2026-01-15T14:54:55.755380", "session_id": "OPUS_MO08592_Tablet_L_vorm_(7-7)_20260115_145455"}
2026-01-15 14:54:55.790 | INFO |   API RESPONSE: session_id=OPUS_MO08592_Tablet_L_vorm_(7-7)_20260115_145455
2026-01-15 14:54:55.790 | INFO |   SESSION IDs NOW: api=OPUS_MO08592_Tablet_L_vorm_(7-7)_20260115_145455, local=OPUS_MO08592_Tablet_L_vorm_(7-7)_20260115_145455
2026-01-15 14:55:06.082 | INFO | _save_updated_excel: Session already exists (api=OPUS_MO08592_Tablet_L_vorm_(7-7)_20260115_145455), skipping XLSX_UPDATED
2026-01-16 17:02:41.430 | INFO | ================================================================================
2026-01-16 17:02:41.430 | INFO | SESSION DEBUG LOGGER INITIALIZED
2026-01-16 17:02:41.430 | INFO | ================================================================================
2026-01-16 17:02:43.289 | INFO | ScannerPanel initialized - thread sync enabled
2026-01-16 17:39:54.395 | INFO | ============================================================
2026-01-16 17:39:54.395 | INFO | _start_session_for_excel_work CALLED
2026-01-16 17:39:54.395 | INFO |   excel_file_path: C:/OPUS/KORPUS/1121_MO00000_Wandkast_(1-2)/1121_MO00000_Wandkast_(1-2).xlsx
2026-01-16 17:39:54.398 | INFO |   existing current_session_id: None
2026-01-16 17:39:54.398 | INFO |   existing api_session_id: None
2026-01-16 17:39:54.398 | INFO |   existing active_project: None
2026-01-16 17:39:54.398 | INFO |   existing active_user: None
2026-01-16 17:39:54.398 | INFO |   User source: file_path = OPUS
2026-01-16 17:39:54.427 | INFO |   Project extracted and CACHED: MO00000_Wandkast_(1-2)
2026-01-16 17:39:54.427 | INFO |   Checking for existing session: user=OPUS, project=MO00000_Wandkast_(1-2)
2026-01-16 17:39:56.439 | INFO |   No existing session found - creating NEW session
2026-01-16 17:39:56.439 | INFO |   NEW session created: OPUS_MO00000_Wandkast_(1-2)_20260116_173956
2026-01-16 17:39:56.439 | INFO |   (api_session_id will be set when API responds)
2026-01-16 17:39:56.441 | INFO |   API CALL: POST http://192.168.244.160:5001/session/xlsx_updated
2026-01-16 17:39:56.441 | INFO |   API DATA: {"event": "XLSX_UPDATED", "user": "OPUS", "project": "MO00000_Wandkast_(1-2)", "file_path": "C:/OPUS/KORPUS/1121_MO00000_Wandkast_(1-2)/1121_MO00000_Wandkast_(1-2).xlsx", "item_count": 97, "timestamp": "2026-01-16T17:39:56.439266", "session_id": "OPUS_MO00000_Wandkast_(1-2)_20260116_173956"}
2026-01-16 17:39:59.454 | ERROR |   API EXCEPTION: HTTPConnectionPool(host='192.168.244.160', port=5001): Max retries exceeded with url: /session/xlsx_updated (Caused by ConnectTimeoutError(<urllib3.connection.HTTPConnection object at 0x000001C79AC0C590>, 'Connection to 192.168.244.160 timed out. (connect timeout=3)'))
2026-01-16 17:46:05.068 | INFO | ============================================================
2026-01-16 17:46:05.068 | INFO | _pause_session CALLED
2026-01-16 17:46:05.068 | INFO |   blocking: False
2026-01-16 17:46:05.068 | INFO |   current_session_id: OPUS_MO00000_Wandkast_(1-2)_20260116_173956
2026-01-16 17:46:05.068 | INFO |   api_session_id: None
2026-01-16 17:46:05.068 | INFO |   session_paused: False
2026-01-16 17:46:05.068 | INFO |   active_project (CACHED): MO00000_Wandkast_(1-2)
2026-01-16 17:46:05.068 | INFO |   active_user (CACHED): OPUS
2026-01-16 17:46:05.068 | INFO |   Session marked as paused at 2026-01-16 17:46:05.068148
2026-01-16 17:46:05.068 | INFO |   Using CACHED user: OPUS
2026-01-16 17:46:05.068 | INFO |   Using CACHED project: MO00000_Wandkast_(1-2)
2026-01-16 17:46:05.071 | INFO |   Using session_id for API: OPUS_MO00000_Wandkast_(1-2)_20260116_173956
2026-01-16 17:46:05.071 | INFO |   PAUSE API data: {"session_id": "OPUS_MO00000_Wandkast_(1-2)_20260116_173956", "timestamp": "2026-01-16T17:46:05.068148", "user": "OPUS", "project": "MO00000_Wandkast_(1-2)"}
2026-01-16 17:46:05.071 | INFO |   PAUSE API CALL: POST http://192.168.244.160:5001/session/pause
2026-01-16 17:46:07.621 | INFO | ============================================================
2026-01-16 17:46:07.621 | INFO | _resume_session CALLED
2026-01-16 17:46:07.621 | INFO |   current_session_id: OPUS_MO00000_Wandkast_(1-2)_20260116_173956
2026-01-16 17:46:07.621 | INFO |   api_session_id: None
2026-01-16 17:46:07.621 | INFO |   session_paused: True
2026-01-16 17:46:07.621 | INFO |   active_project (CACHED): MO00000_Wandkast_(1-2)
2026-01-16 17:46:07.621 | INFO |   active_user (CACHED): OPUS
2026-01-16 17:46:08.073 | ERROR |   PAUSE API CONNECTION ERROR: HTTPConnectionPool(host='192.168.244.160', port=5001): Max retries exceeded with url: /session/pause (Caused by ConnectTimeoutError(<urllib3.connection.HTTPConnection object at 0x000001C7961BA490>, 'Connection to 192.168.244.160 timed out. (connect timeout=3)'))
2026-01-16 17:46:10.641 | WARNING |   Timeout waiting for pause to complete - proceeding anyway
2026-01-16 17:46:10.641 | INFO |   Session marked as resumed
2026-01-16 17:46:10.641 | INFO |   Using CACHED user: OPUS
2026-01-16 17:46:10.642 | INFO |   Using CACHED project: MO00000_Wandkast_(1-2)
2026-01-16 17:46:10.642 | INFO |   Using session_id for API: OPUS_MO00000_Wandkast_(1-2)_20260116_173956
2026-01-16 17:46:10.642 | INFO |   RESUME API data: {"session_id": "OPUS_MO00000_Wandkast_(1-2)_20260116_173956", "timestamp": "2026-01-16T17:46:10.642217", "total_pause_duration": 0, "user": "OPUS", "project": "MO00000_Wandkast_(1-2)"}
2026-01-16 17:46:10.642 | INFO |   RESUME API CALL: POST http://192.168.244.160:5001/session/resume
2026-01-16 17:46:10.642 | INFO |   PAUSE COMPLETE - _pause_complete_event SET
2026-01-16 17:46:11.658 | ERROR |   RESUME API EXCEPTION: HTTPConnectionPool(host='192.168.244.160', port=5001): Max retries exceeded with url: /session/resume (Caused by ConnectTimeoutError(<urllib3.connection.HTTPConnection object at 0x000001C7967DFE10>, 'Connection to 192.168.244.160 timed out. (connect timeout=1)'))
2026-01-16 18:37:46.680 | INFO | ============================================================
2026-01-16 18:37:46.680 | INFO | _pause_session CALLED
2026-01-16 18:37:46.680 | INFO |   blocking: True
2026-01-16 18:37:46.680 | INFO |   current_session_id: OPUS_MO00000_Wandkast_(1-2)_20260116_173956
2026-01-16 18:37:46.680 | INFO |   api_session_id: None
2026-01-16 18:37:46.680 | INFO |   session_paused: False
2026-01-16 18:37:46.680 | INFO |   active_project (CACHED): MO00000_Wandkast_(1-2)
2026-01-16 18:37:46.680 | INFO |   active_user (CACHED): OPUS
2026-01-16 18:37:46.680 | INFO |   Session marked as paused at 2026-01-16 18:37:46.680903
2026-01-16 18:37:46.680 | INFO |   Using CACHED user: OPUS
2026-01-16 18:37:46.680 | INFO |   Using CACHED project: MO00000_Wandkast_(1-2)
2026-01-16 18:37:46.686 | INFO |   Using session_id for API: OPUS_MO00000_Wandkast_(1-2)_20260116_173956
2026-01-16 18:37:46.686 | INFO |   PAUSE API data: {"session_id": "OPUS_MO00000_Wandkast_(1-2)_20260116_173956", "timestamp": "2026-01-16T18:37:46.680903", "user": "OPUS", "project": "MO00000_Wandkast_(1-2)"}
2026-01-16 18:37:46.686 | INFO |   PAUSE API CALL: POST http://192.168.244.160:5001/session/pause
2026-01-16 18:37:49.704 | ERROR |   PAUSE API CONNECTION ERROR: HTTPConnectionPool(host='192.168.244.160', port=5001): Max retries exceeded with url: /session/pause (Caused by ConnectTimeoutError(<urllib3.connection.HTTPConnection object at 0x000001C79AE67F50>, 'Connection to 192.168.244.160 timed out. (connect timeout=3)'))
2026-01-16 18:38:42.936 | INFO | ================================================================================
2026-01-16 18:38:42.936 | INFO | SESSION DEBUG LOGGER INITIALIZED
2026-01-16 18:38:42.936 | INFO | ================================================================================
2026-01-16 18:38:43.586 | INFO | ScannerPanel initialized - thread sync enabled
2026-01-16 18:38:57.231 | INFO | ============================================================
2026-01-16 18:38:57.231 | INFO | _start_session_for_excel_work CALLED
2026-01-16 18:38:57.244 | INFO |   excel_file_path: C:/OPUS/KORPUS/1121_MO00000_Wandkast_(1-2)/1121_MO00000_Wandkast_(1-2).xlsx
2026-01-16 18:38:57.244 | INFO |   existing current_session_id: None
2026-01-16 18:38:57.244 | INFO |   existing api_session_id: None
2026-01-16 18:38:57.244 | INFO |   existing active_project: None
2026-01-16 18:38:57.244 | INFO |   existing active_user: None
2026-01-16 18:38:57.247 | INFO |   User source: file_path = OPUS
2026-01-16 18:38:57.308 | INFO |   Project extracted and CACHED: MO00000_Wandkast_(1-2)
2026-01-16 18:38:57.308 | INFO |   Checking for existing session: user=OPUS, project=MO00000_Wandkast_(1-2)
2026-01-16 18:38:59.324 | INFO |   No existing session found - creating NEW session
2026-01-16 18:38:59.324 | INFO |   NEW session created: OPUS_MO00000_Wandkast_(1-2)_20260116_183859
2026-01-16 18:38:59.324 | INFO |   (api_session_id will be set when API responds)
2026-01-16 18:38:59.324 | INFO |   API CALL: POST http://192.168.244.160:5001/session/xlsx_updated
2026-01-16 18:38:59.324 | INFO |   API DATA: {"event": "XLSX_UPDATED", "user": "OPUS", "project": "MO00000_Wandkast_(1-2)", "file_path": "C:/OPUS/KORPUS/1121_MO00000_Wandkast_(1-2)/1121_MO00000_Wandkast_(1-2).xlsx", "item_count": 97, "timestamp": "2026-01-16T18:38:59.324046", "session_id": "OPUS_MO00000_Wandkast_(1-2)_20260116_183859"}
2026-01-16 18:39:02.325 | ERROR |   API EXCEPTION: HTTPConnectionPool(host='192.168.244.160', port=5001): Max retries exceeded with url: /session/xlsx_updated (Caused by ConnectTimeoutError(<urllib3.connection.HTTPConnection object at 0x0000020B5EC4C650>, 'Connection to 192.168.244.160 timed out. (connect timeout=3)'))
2026-01-16 18:48:04.140 | INFO | ============================================================
2026-01-16 18:48:04.140 | INFO | _pause_session CALLED
2026-01-16 18:48:04.140 | INFO |   blocking: False
2026-01-16 18:48:04.140 | INFO |   current_session_id: OPUS_MO00000_Wandkast_(1-2)_20260116_183859
2026-01-16 18:48:04.140 | INFO |   api_session_id: None
2026-01-16 18:48:04.140 | INFO |   session_paused: False
2026-01-16 18:48:04.140 | INFO |   active_project (CACHED): MO00000_Wandkast_(1-2)
2026-01-16 18:48:04.140 | INFO |   active_user (CACHED): OPUS
2026-01-16 18:48:04.140 | INFO |   Session marked as paused at 2026-01-16 18:48:04.140860
2026-01-16 18:48:04.140 | INFO |   Using CACHED user: OPUS
2026-01-16 18:48:04.140 | INFO |   Using CACHED project: MO00000_Wandkast_(1-2)
2026-01-16 18:48:04.153 | INFO |   Using session_id for API: OPUS_MO00000_Wandkast_(1-2)_20260116_183859
2026-01-16 18:48:04.153 | INFO |   PAUSE API data: {"session_id": "OPUS_MO00000_Wandkast_(1-2)_20260116_183859", "timestamp": "2026-01-16T18:48:04.140860", "user": "OPUS", "project": "MO00000_Wandkast_(1-2)"}
2026-01-16 18:48:04.153 | INFO |   PAUSE API CALL: POST http://192.168.244.160:5001/session/pause
2026-01-16 18:48:07.170 | ERROR |   PAUSE API CONNECTION ERROR: HTTPConnectionPool(host='192.168.244.160', port=5001): Max retries exceeded with url: /session/pause (Caused by ConnectTimeoutError(<urllib3.connection.HTTPConnection object at 0x0000020B5EE80610>, 'Connection to 192.168.244.160 timed out. (connect timeout=3)'))
2026-01-16 18:48:07.170 | INFO |   PAUSE COMPLETE - _pause_complete_event SET
2026-01-16 18:50:12.587 | INFO | ============================================================
2026-01-16 18:50:12.587 | INFO | _pause_session CALLED
2026-01-16 18:50:12.587 | INFO |   blocking: True
2026-01-16 18:50:12.587 | INFO |   current_session_id: OPUS_MO00000_Wandkast_(1-2)_20260116_183859
2026-01-16 18:50:12.587 | INFO |   api_session_id: None
2026-01-16 18:50:12.587 | INFO |   session_paused: False
2026-01-16 18:50:12.587 | INFO |   active_project (CACHED): MO00000_Wandkast_(1-2)
2026-01-16 18:50:12.587 | INFO |   active_user (CACHED): OPUS
2026-01-16 18:50:12.587 | INFO |   Session marked as paused at 2026-01-16 18:48:04.140860
2026-01-16 18:50:12.587 | INFO |   Using CACHED user: OPUS
2026-01-16 18:50:12.587 | INFO |   Using CACHED project: MO00000_Wandkast_(1-2)
2026-01-16 18:50:12.587 | INFO |   Using session_id for API: OPUS_MO00000_Wandkast_(1-2)_20260116_183859
2026-01-16 18:50:12.587 | INFO |   PAUSE API data: {"session_id": "OPUS_MO00000_Wandkast_(1-2)_20260116_183859", "timestamp": "2026-01-16T18:48:04.140860", "user": "OPUS", "project": "MO00000_Wandkast_(1-2)"}
2026-01-16 18:50:12.587 | INFO |   PAUSE API CALL: POST http://192.168.244.160:5001/session/pause
2026-01-16 18:50:15.610 | ERROR |   PAUSE API CONNECTION ERROR: HTTPConnectionPool(host='192.168.244.160', port=5001): Max retries exceeded with url: /session/pause (Caused by ConnectTimeoutError(<urllib3.connection.HTTPConnection object at 0x0000020B5EEC7410>, 'Connection to 192.168.244.160 timed out. (connect timeout=3)'))
2026-01-18 20:57:19.024 | INFO | ================================================================================
2026-01-18 20:57:19.024 | INFO | SESSION DEBUG LOGGER INITIALIZED
2026-01-18 20:57:19.024 | INFO | ================================================================================
2026-01-18 20:57:20.516 | INFO | ScannerPanel initialized - thread sync enabled
2026-01-18 21:36:40.764 | INFO | ================================================================================
2026-01-18 21:36:40.764 | INFO | SESSION DEBUG LOGGER INITIALIZED
2026-01-18 21:36:40.767 | INFO | ================================================================================
2026-01-18 21:36:41.681 | INFO | ScannerPanel initialized - thread sync enabled
2026-02-03 20:12:29.508 | INFO | ================================================================================
2026-02-03 20:12:29.508 | INFO | SESSION DEBUG LOGGER INITIALIZED
2026-02-03 20:12:29.508 | INFO | ================================================================================
2026-02-03 20:12:31.409 | INFO | ScannerPanel initialized - thread sync enabled
2026-02-04 20:07:04.102 | INFO | ================================================================================
2026-02-04 20:07:04.102 | INFO | SESSION DEBUG LOGGER INITIALIZED
2026-02-04 20:07:04.102 | INFO | ================================================================================
2026-02-04 20:07:05.775 | INFO | ScannerPanel initialized - thread sync enabled
2026-02-04 20:07:33.444 | INFO | ============================================================
2026-02-04 20:07:33.444 | INFO | _start_session_for_excel_work CALLED
2026-02-04 20:07:33.444 | INFO |   excel_file_path: C:/BOERE/MO08586_Lage_kast_(1-7)_20260112_130254_updated.xlsx
2026-02-04 20:07:33.444 | INFO |   existing current_session_id: None
2026-02-04 20:07:33.444 | INFO |   existing api_session_id: None
2026-02-04 20:07:33.444 | INFO |   existing active_project: None
2026-02-04 20:07:33.444 | INFO |   existing active_user: None
2026-02-04 20:07:33.444 | INFO |   User source: config fallback = OPUS
2026-02-04 20:07:33.451 | INFO |   Project extracted and CACHED: MO08586_Lage_kast_(1-7)_20260112_130254
2026-02-04 20:07:33.451 | INFO |   Checking for existing session: user=OPUS, project=MO08586_Lage_kast_(1-7)_20260112_130254
2026-02-04 20:07:35.459 | INFO |   No existing session found - creating NEW session
2026-02-04 20:07:35.459 | INFO |   NEW session created: OPUS_MO08586_Lage_kast_(1-7)_20260112_130254_20260204_200735
2026-02-04 20:07:35.459 | INFO |   (api_session_id will be set when API responds)
2026-02-04 20:07:35.461 | INFO |   API CALL: POST http://192.168.244.160:5001/session/xlsx_updated
2026-02-04 20:07:35.461 | INFO |   API DATA: {"event": "XLSX_UPDATED", "user": "OPUS", "project": "MO08586_Lage_kast_(1-7)_20260112_130254", "file_path": "C:/BOERE/MO08586_Lage_kast_(1-7)_20260112_130254_updated.xlsx", "item_count": 33, "timestamp": "2026-02-04T20:07:35.459136", "session_id": "OPUS_MO08586_Lage_kast_(1-7)_20260112_130254_20260204_200735"}
2026-02-04 20:07:38.474 | ERROR |   API EXCEPTION: HTTPConnectionPool(host='192.168.244.160', port=5001): Max retries exceeded with url: /session/xlsx_updated (Caused by ConnectTimeoutError(<urllib3.connection.HTTPConnection object at 0x0000014E5FAA31D0>, 'Connection to 192.168.244.160 timed out. (connect timeout=3)'))
2026-02-04 20:10:03.353 | INFO | ============================================================
2026-02-04 20:10:03.353 | INFO | _pause_session CALLED
2026-02-04 20:10:03.355 | INFO |   blocking: True
2026-02-04 20:10:03.355 | INFO |   current_session_id: OPUS_MO08586_Lage_kast_(1-7)_20260112_130254_20260204_200735
2026-02-04 20:10:03.355 | INFO |   api_session_id: None
2026-02-04 20:10:03.355 | INFO |   session_paused: False
2026-02-04 20:10:03.355 | INFO |   active_project (CACHED): MO08586_Lage_kast_(1-7)_20260112_130254
2026-02-04 20:10:03.355 | INFO |   active_user (CACHED): OPUS
2026-02-04 20:10:03.355 | INFO |   Session marked as paused at 2026-02-04 20:10:03.355178
2026-02-04 20:10:03.355 | INFO |   Using CACHED user: OPUS
2026-02-04 20:10:03.355 | INFO |   Using CACHED project: MO08586_Lage_kast_(1-7)_20260112_130254
2026-02-04 20:10:03.359 | INFO |   Using session_id for API: OPUS_MO08586_Lage_kast_(1-7)_20260112_130254_20260204_200735
2026-02-04 20:10:03.360 | INFO |   PAUSE API data: {"session_id": "OPUS_MO08586_Lage_kast_(1-7)_20260112_130254_20260204_200735", "timestamp": "2026-02-04T20:10:03.355178", "user": "OPUS", "project": "MO08586_Lage_kast_(1-7)_20260112_130254"}
2026-02-04 20:10:03.360 | INFO |   PAUSE API CALL: POST http://192.168.244.160:5001/session/pause
2026-02-04 20:10:06.374 | ERROR |   PAUSE API CONNECTION ERROR: HTTPConnectionPool(host='192.168.244.160', port=5001): Max retries exceeded with url: /session/pause (Caused by ConnectTimeoutError(<urllib3.connection.HTTPConnection object at 0x0000014E5FA7F310>, 'Connection to 192.168.244.160 timed out. (connect timeout=3)'))
2026-02-04 20:10:35.535 | INFO | ================================================================================
2026-02-04 20:10:35.535 | INFO | SESSION DEBUG LOGGER INITIALIZED
2026-02-04 20:10:35.535 | INFO | ================================================================================
2026-02-04 20:10:36.500 | INFO | ScannerPanel initialized - thread sync enabled
2026-02-04 20:10:54.161 | INFO | ============================================================
2026-02-04 20:10:54.161 | INFO | _start_session_for_excel_work CALLED
2026-02-04 20:10:54.161 | INFO |   excel_file_path: C:/BOERE/MO08586_Lage_kast_(1-7)_20260112_130254.xlsx
2026-02-04 20:10:54.161 | INFO |   existing current_session_id: None
2026-02-04 20:10:54.161 | INFO |   existing api_session_id: None
2026-02-04 20:10:54.161 | INFO |   existing active_project: None
2026-02-04 20:10:54.161 | INFO |   existing active_user: None
2026-02-04 20:10:54.161 | INFO |   User source: config fallback = OPUS
2026-02-04 20:10:54.205 | INFO |   Project extracted and CACHED: MO08586_Lage_kast_(1-7)
2026-02-04 20:10:54.205 | INFO |   Checking for existing session: user=OPUS, project=MO08586_Lage_kast_(1-7)
2026-02-04 20:10:56.214 | INFO |   No existing session found - creating NEW session
2026-02-04 20:10:56.215 | INFO |   NEW session created: OPUS_MO08586_Lage_kast_(1-7)_20260204_201056
2026-02-04 20:10:56.215 | INFO |   (api_session_id will be set when API responds)
2026-02-04 20:10:56.215 | INFO |   API CALL: POST http://192.168.244.160:5001/session/xlsx_updated
2026-02-04 20:10:56.215 | INFO |   API DATA: {"event": "XLSX_UPDATED", "user": "OPUS", "project": "MO08586_Lage_kast_(1-7)", "file_path": "C:/BOERE/MO08586_Lage_kast_(1-7)_20260112_130254.xlsx", "item_count": 33, "timestamp": "2026-02-04T20:10:56.215421", "session_id": "OPUS_MO08586_Lage_kast_(1-7)_20260204_201056"}
2026-02-04 20:10:58.439 | INFO | ============================================================
2026-02-04 20:10:58.439 | INFO | _pause_session CALLED
2026-02-04 20:10:58.439 | INFO |   blocking: False
2026-02-04 20:10:58.439 | INFO |   current_session_id: OPUS_MO08586_Lage_kast_(1-7)_20260204_201056
2026-02-04 20:10:58.439 | INFO |   api_session_id: None
2026-02-04 20:10:58.439 | INFO |   session_paused: False
2026-02-04 20:10:58.439 | INFO |   active_project (CACHED): MO08586_Lage_kast_(1-7)
2026-02-04 20:10:58.439 | INFO |   active_user (CACHED): OPUS
2026-02-04 20:10:58.439 | INFO |   Session marked as paused at 2026-02-04 20:10:58.439367
2026-02-04 20:10:58.439 | INFO |   Using CACHED user: OPUS
2026-02-04 20:10:58.439 | INFO |   Using CACHED project: MO08586_Lage_kast_(1-7)
2026-02-04 20:10:58.443 | INFO |   Using session_id for API: OPUS_MO08586_Lage_kast_(1-7)_20260204_201056
2026-02-04 20:10:58.443 | INFO |   PAUSE API data: {"session_id": "OPUS_MO08586_Lage_kast_(1-7)_20260204_201056", "timestamp": "2026-02-04T20:10:58.439367", "user": "OPUS", "project": "MO08586_Lage_kast_(1-7)"}
2026-02-04 20:10:58.444 | INFO |   PAUSE API CALL: POST http://192.168.244.160:5001/session/pause
2026-02-04 20:10:59.219 | ERROR |   API EXCEPTION: HTTPConnectionPool(host='192.168.244.160', port=5001): Max retries exceeded with url: /session/xlsx_updated (Caused by ConnectTimeoutError(<urllib3.connection.HTTPConnection object at 0x0000018ECA29CF10>, 'Connection to 192.168.244.160 timed out. (connect timeout=3)'))
2026-02-04 20:11:00.536 | INFO | ============================================================
2026-02-04 20:11:00.538 | INFO | _resume_session CALLED
2026-02-04 20:11:00.538 | INFO |   current_session_id: OPUS_MO08586_Lage_kast_(1-7)_20260204_201056
2026-02-04 20:11:00.538 | INFO |   api_session_id: None
2026-02-04 20:11:00.538 | INFO |   session_paused: True
2026-02-04 20:11:00.538 | INFO |   active_project (CACHED): MO08586_Lage_kast_(1-7)
2026-02-04 20:11:00.538 | INFO |   active_user (CACHED): OPUS
2026-02-04 20:11:01.460 | ERROR |   PAUSE API CONNECTION ERROR: HTTPConnectionPool(host='192.168.244.160', port=5001): Max retries exceeded with url: /session/pause (Caused by ConnectTimeoutError(<urllib3.connection.HTTPConnection object at 0x0000018ECA2A4E10>, 'Connection to 192.168.244.160 timed out. (connect timeout=3)'))
2026-02-04 20:11:03.556 | WARNING |   Timeout waiting for pause to complete - proceeding anyway
2026-02-04 20:11:03.556 | INFO |   Session marked as resumed
2026-02-04 20:11:03.557 | INFO |   Using CACHED user: OPUS
2026-02-04 20:11:03.557 | INFO |   Using CACHED project: MO08586_Lage_kast_(1-7)
2026-02-04 20:11:03.564 | INFO |   Using session_id for API: OPUS_MO08586_Lage_kast_(1-7)_20260204_201056
2026-02-04 20:11:03.564 | INFO |   RESUME API data: {"session_id": "OPUS_MO08586_Lage_kast_(1-7)_20260204_201056", "timestamp": "2026-02-04T20:11:03.564055", "total_pause_duration": 0, "user": "OPUS", "project": "MO08586_Lage_kast_(1-7)"}
2026-02-04 20:11:03.564 | INFO |   RESUME API CALL: POST http://192.168.244.160:5001/session/resume
2026-02-04 20:11:03.576 | INFO |   PAUSE COMPLETE - _pause_complete_event SET
2026-02-04 20:11:03.584 | INFO | ============================================================
2026-02-04 20:11:03.584 | INFO | _pause_session CALLED
2026-02-04 20:11:03.584 | INFO |   blocking: False
2026-02-04 20:11:03.585 | INFO |   current_session_id: OPUS_MO08586_Lage_kast_(1-7)_20260204_201056
2026-02-04 20:11:03.585 | INFO |   api_session_id: None
2026-02-04 20:11:03.585 | INFO |   session_paused: False
2026-02-04 20:11:03.585 | INFO |   active_project (CACHED): MO08586_Lage_kast_(1-7)
2026-02-04 20:11:03.585 | INFO |   active_user (CACHED): OPUS
2026-02-04 20:11:03.587 | INFO |   Session marked as paused at 2026-02-04 20:11:03.587005
2026-02-04 20:11:03.587 | INFO |   Using CACHED user: OPUS
2026-02-04 20:11:03.587 | INFO |   Using CACHED project: MO08586_Lage_kast_(1-7)
2026-02-04 20:11:03.592 | INFO |   Using session_id for API: OPUS_MO08586_Lage_kast_(1-7)_20260204_201056
2026-02-04 20:11:03.592 | INFO |   PAUSE API data: {"session_id": "OPUS_MO08586_Lage_kast_(1-7)_20260204_201056", "timestamp": "2026-02-04T20:11:03.587005", "user": "OPUS", "project": "MO08586_Lage_kast_(1-7)"}
2026-02-04 20:11:03.592 | INFO |   PAUSE API CALL: POST http://192.168.244.160:5001/session/pause
2026-02-04 20:11:03.592 | INFO | ============================================================
2026-02-04 20:11:03.592 | INFO | _resume_session CALLED
2026-02-04 20:11:03.592 | INFO |   current_session_id: OPUS_MO08586_Lage_kast_(1-7)_20260204_201056
2026-02-04 20:11:03.592 | INFO |   api_session_id: None
2026-02-04 20:11:03.592 | INFO |   session_paused: True
2026-02-04 20:11:03.592 | INFO |   active_project (CACHED): MO08586_Lage_kast_(1-7)
2026-02-04 20:11:03.592 | INFO |   active_user (CACHED): OPUS
2026-02-04 20:11:04.582 | ERROR |   RESUME API EXCEPTION: HTTPConnectionPool(host='192.168.244.160', port=5001): Max retries exceeded with url: /session/resume (Caused by ConnectTimeoutError(<urllib3.connection.HTTPConnection object at 0x0000018ECA2A6D10>, 'Connection to 192.168.244.160 timed out. (connect timeout=1)'))
2026-02-04 20:11:06.601 | WARNING |   Timeout waiting for pause to complete - proceeding anyway
2026-02-04 20:11:06.602 | INFO |   Session marked as resumed
2026-02-04 20:11:06.602 | ERROR |   PAUSE API CONNECTION ERROR: HTTPConnectionPool(host='192.168.244.160', port=5001): Max retries exceeded with url: /session/pause (Caused by ConnectTimeoutError(<urllib3.connection.HTTPConnection object at 0x0000018ECA2B8A90>, 'Connection to 192.168.244.160 timed out. (connect timeout=3)'))
2026-02-04 20:11:06.602 | INFO |   Using CACHED user: OPUS
2026-02-04 20:11:06.602 | INFO |   Using CACHED project: MO08586_Lage_kast_(1-7)
2026-02-04 20:11:06.602 | INFO |   Using session_id for API: OPUS_MO08586_Lage_kast_(1-7)_20260204_201056
2026-02-04 20:11:06.604 | INFO |   RESUME API data: {"session_id": "OPUS_MO08586_Lage_kast_(1-7)_20260204_201056", "timestamp": "2026-02-04T20:11:06.602743", "total_pause_duration": 0, "user": "OPUS", "project": "MO08586_Lage_kast_(1-7)"}
2026-02-04 20:11:06.604 | INFO |   RESUME API CALL: POST http://192.168.244.160:5001/session/resume
2026-02-04 20:11:06.611 | INFO |   PAUSE COMPLETE - _pause_complete_event SET
2026-02-04 20:11:06.615 | INFO | ============================================================
2026-02-04 20:11:06.615 | INFO | _pause_session CALLED
2026-02-04 20:11:06.621 | INFO |   blocking: False
2026-02-04 20:11:06.621 | INFO |   current_session_id: OPUS_MO08586_Lage_kast_(1-7)_20260204_201056
2026-02-04 20:11:06.621 | INFO |   api_session_id: None
2026-02-04 20:11:06.621 | INFO |   session_paused: False
2026-02-04 20:11:06.621 | INFO |   active_project (CACHED): MO08586_Lage_kast_(1-7)
2026-02-04 20:11:06.621 | INFO |   active_user (CACHED): OPUS
2026-02-04 20:11:06.621 | INFO |   Session marked as paused at 2026-02-04 20:11:06.621365
2026-02-04 20:11:06.621 | INFO |   Using CACHED user: OPUS
2026-02-04 20:11:06.621 | INFO |   Using CACHED project: MO08586_Lage_kast_(1-7)
2026-02-04 20:11:06.626 | INFO |   Using session_id for API: OPUS_MO08586_Lage_kast_(1-7)_20260204_201056
2026-02-04 20:11:06.626 | INFO |   PAUSE API data: {"session_id": "OPUS_MO08586_Lage_kast_(1-7)_20260204_201056", "timestamp": "2026-02-04T20:11:06.621365", "user": "OPUS", "project": "MO08586_Lage_kast_(1-7)"}
2026-02-04 20:11:06.626 | INFO |   PAUSE API CALL: POST http://192.168.244.160:5001/session/pause
2026-02-04 20:11:06.626 | INFO | ============================================================
2026-02-04 20:11:06.626 | INFO | _resume_session CALLED
2026-02-04 20:11:06.626 | INFO |   current_session_id: OPUS_MO08586_Lage_kast_(1-7)_20260204_201056
2026-02-04 20:11:06.626 | INFO |   api_session_id: None
2026-02-04 20:11:06.629 | INFO |   session_paused: True
2026-02-04 20:11:06.629 | INFO |   active_project (CACHED): MO08586_Lage_kast_(1-7)
2026-02-04 20:11:06.629 | INFO |   active_user (CACHED): OPUS
2026-02-04 20:11:07.619 | ERROR |   RESUME API EXCEPTION: HTTPConnectionPool(host='192.168.244.160', port=5001): Max retries exceeded with url: /session/resume (Caused by ConnectTimeoutError(<urllib3.connection.HTTPConnection object at 0x0000018ECA2A4FD0>, 'Connection to 192.168.244.160 timed out. (connect timeout=1)'))
2026-02-04 20:11:09.635 | WARNING |   Timeout waiting for pause to complete - proceeding anyway
2026-02-04 20:11:09.635 | ERROR |   PAUSE API CONNECTION ERROR: HTTPConnectionPool(host='192.168.244.160', port=5001): Max retries exceeded with url: /session/pause (Caused by ConnectTimeoutError(<urllib3.connection.HTTPConnection object at 0x0000018ECA29F810>, 'Connection to 192.168.244.160 timed out. (connect timeout=3)'))
2026-02-04 20:11:09.635 | INFO |   Session marked as resumed
2026-02-04 20:11:09.636 | INFO |   Using CACHED user: OPUS
2026-02-04 20:11:09.636 | INFO |   Using CACHED project: MO08586_Lage_kast_(1-7)
2026-02-04 20:11:09.636 | INFO |   Using session_id for API: OPUS_MO08586_Lage_kast_(1-7)_20260204_201056
2026-02-04 20:11:09.636 | INFO |   RESUME API data: {"session_id": "OPUS_MO08586_Lage_kast_(1-7)_20260204_201056", "timestamp": "2026-02-04T20:11:09.636321", "total_pause_duration": 0, "user": "OPUS", "project": "MO08586_Lage_kast_(1-7)"}
2026-02-04 20:11:09.636 | INFO |   RESUME API CALL: POST http://192.168.244.160:5001/session/resume
2026-02-04 20:11:09.636 | INFO |   PAUSE COMPLETE - _pause_complete_event SET
2026-02-04 20:11:10.646 | ERROR |   RESUME API EXCEPTION: HTTPConnectionPool(host='192.168.244.160', port=5001): Max retries exceeded with url: /session/resume (Caused by ConnectTimeoutError(<urllib3.connection.HTTPConnection object at 0x0000018ECA293E50>, 'Connection to 192.168.244.160 timed out. (connect timeout=1)'))
2026-02-04 20:27:55.981 | INFO | ============================================================
2026-02-04 20:27:55.981 | INFO | _pause_session CALLED
2026-02-04 20:27:55.981 | INFO |   blocking: True
2026-02-04 20:27:55.981 | INFO |   current_session_id: OPUS_MO08586_Lage_kast_(1-7)_20260204_201056
2026-02-04 20:27:55.981 | INFO |   api_session_id: None
2026-02-04 20:27:55.981 | INFO |   session_paused: False
2026-02-04 20:27:55.981 | INFO |   active_project (CACHED): MO08586_Lage_kast_(1-7)
2026-02-04 20:27:55.981 | INFO |   active_user (CACHED): OPUS
2026-02-04 20:27:55.981 | INFO |   Session marked as paused at 2026-02-04 20:27:55.981551
2026-02-04 20:27:55.981 | INFO |   Using CACHED user: OPUS
2026-02-04 20:27:55.981 | INFO |   Using CACHED project: MO08586_Lage_kast_(1-7)
2026-02-04 20:27:55.981 | INFO |   Using session_id for API: OPUS_MO08586_Lage_kast_(1-7)_20260204_201056
2026-02-04 20:27:55.981 | INFO |   PAUSE API data: {"session_id": "OPUS_MO08586_Lage_kast_(1-7)_20260204_201056", "timestamp": "2026-02-04T20:27:55.981551", "user": "OPUS", "project": "MO08586_Lage_kast_(1-7)"}
2026-02-04 20:27:55.981 | INFO |   PAUSE API CALL: POST http://192.168.244.160:5001/session/pause
2026-02-04 20:27:58.997 | ERROR |   PAUSE API CONNECTION ERROR: HTTPConnectionPool(host='192.168.244.160', port=5001): Max retries exceeded with url: /session/pause (Caused by ConnectTimeoutError(<urllib3.connection.HTTPConnection object at 0x0000018ECA416950>, 'Connection to 192.168.244.160 timed out. (connect timeout=3)'))
2026-02-04 20:28:21.639 | INFO | ================================================================================
2026-02-04 20:28:21.639 | INFO | SESSION DEBUG LOGGER INITIALIZED
2026-02-04 20:28:21.639 | INFO | ================================================================================
2026-02-04 20:28:22.110 | INFO | ScannerPanel initialized - thread sync enabled
2026-02-04 20:28:34.864 | INFO | ============================================================
2026-02-04 20:28:34.864 | INFO | _start_session_for_excel_work CALLED
2026-02-04 20:28:34.864 | INFO |   excel_file_path: C:/BOERE/MO08586_Lage_kast_(1-7)_20260112_130254.xlsx
2026-02-04 20:28:34.864 | INFO |   existing current_session_id: None
2026-02-04 20:28:34.864 | INFO |   existing api_session_id: None
2026-02-04 20:28:34.864 | INFO |   existing active_project: None
2026-02-04 20:28:34.864 | INFO |   existing active_user: None
2026-02-04 20:28:34.864 | INFO |   User source: config fallback = OPUS
2026-02-04 20:28:34.875 | INFO |   Project extracted and CACHED: MO08586_Lage_kast_(1-7)
2026-02-04 20:28:34.875 | INFO |   Checking for existing session: user=OPUS, project=MO08586_Lage_kast_(1-7)
2026-02-04 20:28:36.886 | INFO |   No existing session found - creating NEW session
2026-02-04 20:28:36.886 | INFO |   NEW session created: OPUS_MO08586_Lage_kast_(1-7)_20260204_202836
2026-02-04 20:28:36.886 | INFO |   (api_session_id will be set when API responds)
2026-02-04 20:28:36.889 | INFO |   API CALL: POST http://192.168.244.160:5001/session/xlsx_updated
2026-02-04 20:28:36.889 | INFO |   API DATA: {"event": "XLSX_UPDATED", "user": "OPUS", "project": "MO08586_Lage_kast_(1-7)", "file_path": "C:/BOERE/MO08586_Lage_kast_(1-7)_20260112_130254.xlsx", "item_count": 33, "timestamp": "2026-02-04T20:28:36.886991", "session_id": "OPUS_MO08586_Lage_kast_(1-7)_20260204_202836"}
2026-02-04 20:28:39.891 | ERROR |   API EXCEPTION: HTTPConnectionPool(host='192.168.244.160', port=5001): Max retries exceeded with url: /session/xlsx_updated (Caused by ConnectTimeoutError(<urllib3.connection.HTTPConnection object at 0x000002014F603F50>, 'Connection to 192.168.244.160 timed out. (connect timeout=3)'))
2026-02-04 20:38:16.742 | INFO | ============================================================
2026-02-04 20:38:16.742 | INFO | _pause_session CALLED
2026-02-04 20:38:16.742 | INFO |   blocking: True
2026-02-04 20:38:16.742 | INFO |   current_session_id: OPUS_MO08586_Lage_kast_(1-7)_20260204_202836
2026-02-04 20:38:16.742 | INFO |   api_session_id: None
2026-02-04 20:38:16.742 | INFO |   session_paused: False
2026-02-04 20:38:16.742 | INFO |   active_project (CACHED): MO08586_Lage_kast_(1-7)
2026-02-04 20:38:16.743 | INFO |   active_user (CACHED): OPUS
2026-02-04 20:38:16.743 | INFO |   Session marked as paused at 2026-02-04 20:38:16.743624
2026-02-04 20:38:16.743 | INFO |   Using CACHED user: OPUS
2026-02-04 20:38:16.743 | INFO |   Using CACHED project: MO08586_Lage_kast_(1-7)
2026-02-04 20:38:16.744 | INFO |   Using session_id for API: OPUS_MO08586_Lage_kast_(1-7)_20260204_202836
2026-02-04 20:38:16.744 | INFO |   PAUSE API data: {"session_id": "OPUS_MO08586_Lage_kast_(1-7)_20260204_202836", "timestamp": "2026-02-04T20:38:16.743624", "user": "OPUS", "project": "MO08586_Lage_kast_(1-7)"}
2026-02-04 20:38:16.746 | INFO |   PAUSE API CALL: POST http://192.168.244.160:5001/session/pause
2026-02-04 20:38:19.755 | ERROR |   PAUSE API CONNECTION ERROR: HTTPConnectionPool(host='192.168.244.160', port=5001): Max retries exceeded with url: /session/pause (Caused by ConnectTimeoutError(<urllib3.connection.HTTPConnection object at 0x000002014F619F50>, 'Connection to 192.168.244.160 timed out. (connect timeout=3)'))
2026-02-04 20:39:01.109 | INFO | ================================================================================
2026-02-04 20:39:01.109 | INFO | SESSION DEBUG LOGGER INITIALIZED
2026-02-04 20:39:01.109 | INFO | ================================================================================
2026-02-04 20:39:01.596 | INFO | ScannerPanel initialized - thread sync enabled
2026-02-04 20:39:12.959 | INFO | ============================================================
2026-02-04 20:39:12.959 | INFO | _start_session_for_excel_work CALLED
2026-02-04 20:39:12.959 | INFO |   excel_file_path: C:/BOERE/MO08586_Lage_kast_(1-7)_20260112_130254.xlsx
2026-02-04 20:39:12.959 | INFO |   existing current_session_id: None
2026-02-04 20:39:12.959 | INFO |   existing api_session_id: None
2026-02-04 20:39:12.959 | INFO |   existing active_project: None
2026-02-04 20:39:12.959 | INFO |   existing active_user: None
2026-02-04 20:39:12.960 | INFO |   User source: config fallback = OPUS
2026-02-04 20:39:12.970 | INFO |   Project extracted and CACHED: MO08586_Lage_kast_(1-7)
2026-02-04 20:39:12.970 | INFO |   Checking for existing session: user=OPUS, project=MO08586_Lage_kast_(1-7)
2026-02-04 20:39:14.971 | INFO |   No existing session found - creating NEW session
2026-02-04 20:39:14.971 | INFO |   NEW session created: OPUS_MO08586_Lage_kast_(1-7)_20260204_203914
2026-02-04 20:39:14.971 | INFO |   (api_session_id will be set when API responds)
2026-02-04 20:39:14.972 | INFO |   API CALL: POST http://192.168.244.160:5001/session/xlsx_updated
2026-02-04 20:39:14.973 | INFO |   API DATA: {"event": "XLSX_UPDATED", "user": "OPUS", "project": "MO08586_Lage_kast_(1-7)", "file_path": "C:/BOERE/MO08586_Lage_kast_(1-7)_20260112_130254.xlsx", "item_count": 33, "timestamp": "2026-02-04T20:39:14.971457", "session_id": "OPUS_MO08586_Lage_kast_(1-7)_20260204_203914"}
2026-02-04 20:39:17.976 | ERROR |   API EXCEPTION: HTTPConnectionPool(host='192.168.244.160', port=5001): Max retries exceeded with url: /session/xlsx_updated (Caused by ConnectTimeoutError(<urllib3.connection.HTTPConnection object at 0x000001987F236310>, 'Connection to 192.168.244.160 timed out. (connect timeout=3)'))
2026-02-04 20:53:01.783 | INFO | ============================================================
2026-02-04 20:53:01.783 | INFO | _pause_session CALLED
2026-02-04 20:53:01.783 | INFO |   blocking: True
2026-02-04 20:53:01.783 | INFO |   current_session_id: OPUS_MO08586_Lage_kast_(1-7)_20260204_203914
2026-02-04 20:53:01.783 | INFO |   api_session_id: None
2026-02-04 20:53:01.783 | INFO |   session_paused: False
2026-02-04 20:53:01.783 | INFO |   active_project (CACHED): MO08586_Lage_kast_(1-7)
2026-02-04 20:53:01.783 | INFO |   active_user (CACHED): OPUS
2026-02-04 20:53:01.783 | INFO |   Session marked as paused at 2026-02-04 20:53:01.783728
2026-02-04 20:53:01.783 | INFO |   Using CACHED user: OPUS
2026-02-04 20:53:01.784 | INFO |   Using CACHED project: MO08586_Lage_kast_(1-7)
2026-02-04 20:53:01.785 | INFO |   Using session_id for API: OPUS_MO08586_Lage_kast_(1-7)_20260204_203914
2026-02-04 20:53:01.785 | INFO |   PAUSE API data: {"session_id": "OPUS_MO08586_Lage_kast_(1-7)_20260204_203914", "timestamp": "2026-02-04T20:53:01.783728", "user": "OPUS", "project": "MO08586_Lage_kast_(1-7)"}
2026-02-04 20:53:01.785 | INFO |   PAUSE API CALL: POST http://192.168.244.160:5001/session/pause
2026-02-04 20:53:04.798 | ERROR |   PAUSE API CONNECTION ERROR: HTTPConnectionPool(host='192.168.244.160', port=5001): Max retries exceeded with url: /session/pause (Caused by ConnectTimeoutError(<urllib3.connection.HTTPConnection object at 0x000001987F237BD0>, 'Connection to 192.168.244.160 timed out. (connect timeout=3)'))
2026-02-04 20:53:36.223 | INFO | ================================================================================
2026-02-04 20:53:36.223 | INFO | SESSION DEBUG LOGGER INITIALIZED
2026-02-04 20:53:36.223 | INFO | ================================================================================
2026-02-04 20:53:36.704 | INFO | ScannerPanel initialized - thread sync enabled
2026-02-04 20:53:57.406 | INFO | ============================================================
2026-02-04 20:53:57.406 | INFO | _start_session_for_excel_work CALLED
2026-02-04 20:53:57.406 | INFO |   excel_file_path: C:/BOERE/MO08586_Lage_kast_(1-7)_20260112_130254.xlsx
2026-02-04 20:53:57.406 | INFO |   existing current_session_id: None
2026-02-04 20:53:57.406 | INFO |   existing api_session_id: None
2026-02-04 20:53:57.406 | INFO |   existing active_project: None
2026-02-04 20:53:57.406 | INFO |   existing active_user: None
2026-02-04 20:53:57.406 | INFO |   User source: config fallback = OPUS
2026-02-04 20:53:57.409 | INFO |   Project extracted and CACHED: MO08586_Lage_kast_(1-7)
2026-02-04 20:53:57.409 | INFO |   Checking for existing session: user=OPUS, project=MO08586_Lage_kast_(1-7)
2026-02-04 20:53:59.420 | INFO |   No existing session found - creating NEW session
2026-02-04 20:53:59.420 | INFO |   NEW session created: OPUS_MO08586_Lage_kast_(1-7)_20260204_205359
2026-02-04 20:53:59.420 | INFO |   (api_session_id will be set when API responds)
2026-02-04 20:53:59.423 | INFO |   API CALL: POST http://192.168.244.160:5001/session/xlsx_updated
2026-02-04 20:53:59.423 | INFO |   API DATA: {"event": "XLSX_UPDATED", "user": "OPUS", "project": "MO08586_Lage_kast_(1-7)", "file_path": "C:/BOERE/MO08586_Lage_kast_(1-7)_20260112_130254.xlsx", "item_count": 33, "timestamp": "2026-02-04T20:53:59.420911", "session_id": "OPUS_MO08586_Lage_kast_(1-7)_20260204_205359"}
2026-02-04 20:54:02.425 | ERROR |   API EXCEPTION: HTTPConnectionPool(host='192.168.244.160', port=5001): Max retries exceeded with url: /session/xlsx_updated (Caused by ConnectTimeoutError(<urllib3.connection.HTTPConnection object at 0x0000026AE31CA9D0>, 'Connection to 192.168.244.160 timed out. (connect timeout=3)'))
2026-02-04 20:59:38.341 | INFO | ============================================================
2026-02-04 20:59:38.341 | INFO | _pause_session CALLED
2026-02-04 20:59:38.341 | INFO |   blocking: True
2026-02-04 20:59:38.341 | INFO |   current_session_id: OPUS_MO08586_Lage_kast_(1-7)_20260204_205359
2026-02-04 20:59:38.341 | INFO |   api_session_id: None
2026-02-04 20:59:38.341 | INFO |   session_paused: False
2026-02-04 20:59:38.341 | INFO |   active_project (CACHED): MO08586_Lage_kast_(1-7)
2026-02-04 20:59:38.341 | INFO |   active_user (CACHED): OPUS
2026-02-04 20:59:38.342 | INFO |   Session marked as paused at 2026-02-04 20:59:38.342561
2026-02-04 20:59:38.342 | INFO |   Using CACHED user: OPUS
2026-02-04 20:59:38.342 | INFO |   Using CACHED project: MO08586_Lage_kast_(1-7)
2026-02-04 20:59:38.342 | INFO |   Using session_id for API: OPUS_MO08586_Lage_kast_(1-7)_20260204_205359
2026-02-04 20:59:38.342 | INFO |   PAUSE API data: {"session_id": "OPUS_MO08586_Lage_kast_(1-7)_20260204_205359", "timestamp": "2026-02-04T20:59:38.342561", "user": "OPUS", "project": "MO08586_Lage_kast_(1-7)"}
2026-02-04 20:59:38.342 | INFO |   PAUSE API CALL: POST http://192.168.244.160:5001/session/pause
2026-02-04 20:59:41.346 | ERROR |   PAUSE API CONNECTION ERROR: HTTPConnectionPool(host='192.168.244.160', port=5001): Max retries exceeded with url: /session/pause (Caused by ConnectTimeoutError(<urllib3.connection.HTTPConnection object at 0x0000026AE337F6D0>, 'Connection to 192.168.244.160 timed out. (connect timeout=3)'))
2026-02-04 21:01:06.160 | INFO | ================================================================================
2026-02-04 21:01:06.160 | INFO | SESSION DEBUG LOGGER INITIALIZED
2026-02-04 21:01:06.160 | INFO | ================================================================================
2026-02-04 21:01:06.678 | INFO | ScannerPanel initialized - thread sync enabled
2026-02-04 21:01:10.900 | INFO | ScannerPanel initialized - thread sync enabled
2026-02-04 21:01:22.478 | INFO | ============================================================
2026-02-04 21:01:22.478 | INFO | _start_session_for_excel_work CALLED
2026-02-04 21:01:22.479 | INFO |   excel_file_path: C:/BOERE/MO08587_TV-wand_(2-7)_20260112_131442.xlsx
2026-02-04 21:01:22.479 | INFO |   existing current_session_id: None
2026-02-04 21:01:22.479 | INFO |   existing api_session_id: None
2026-02-04 21:01:22.479 | INFO |   existing active_project: None
2026-02-04 21:01:22.479 | INFO |   existing active_user: None
2026-02-04 21:01:22.479 | INFO |   User source: config fallback = OPUS
2026-02-04 21:01:22.488 | INFO |   Project extracted and CACHED: MO08587_TV-wand_(2-7)
2026-02-04 21:01:22.488 | INFO |   Checking for existing session: user=OPUS, project=MO08587_TV-wand_(2-7)
2026-02-04 21:01:24.502 | INFO |   No existing session found - creating NEW session
2026-02-04 21:01:24.503 | INFO |   NEW session created: OPUS_MO08587_TV-wand_(2-7)_20260204_210124
2026-02-04 21:01:24.503 | INFO |   (api_session_id will be set when API responds)
2026-02-04 21:01:24.504 | INFO |   API CALL: POST http://192.168.244.160:5001/session/xlsx_updated
2026-02-04 21:01:24.504 | INFO |   API DATA: {"event": "XLSX_UPDATED", "user": "OPUS", "project": "MO08587_TV-wand_(2-7)", "file_path": "C:/BOERE/MO08587_TV-wand_(2-7)_20260112_131442.xlsx", "item_count": 108, "timestamp": "2026-02-04T21:01:24.503077", "session_id": "OPUS_MO08587_TV-wand_(2-7)_20260204_210124"}
2026-02-04 21:01:27.506 | ERROR |   API EXCEPTION: HTTPConnectionPool(host='192.168.244.160', port=5001): Max retries exceeded with url: /session/xlsx_updated (Caused by ConnectTimeoutError(<urllib3.connection.HTTPConnection object at 0x00000280D51BED50>, 'Connection to 192.168.244.160 timed out. (connect timeout=3)'))
2026-02-04 21:01:46.495 | INFO | _save_updated_excel: Session already exists (api=None), skipping XLSX_UPDATED
2026-02-04 21:07:29.011 | INFO | ============================================================
2026-02-04 21:07:29.011 | INFO | _pause_session CALLED
2026-02-04 21:07:29.011 | INFO |   blocking: True
2026-02-04 21:07:29.011 | INFO |   current_session_id: OPUS_MO08587_TV-wand_(2-7)_20260204_210124
2026-02-04 21:07:29.011 | INFO |   api_session_id: None
2026-02-04 21:07:29.013 | INFO |   session_paused: False
2026-02-04 21:07:29.013 | INFO |   active_project (CACHED): MO08587_TV-wand_(2-7)
2026-02-04 21:07:29.013 | INFO |   active_user (CACHED): OPUS
2026-02-04 21:07:29.013 | INFO |   Session marked as paused at 2026-02-04 21:07:29.013274
2026-02-04 21:07:29.013 | INFO |   Using CACHED user: OPUS
2026-02-04 21:07:29.013 | INFO |   Using CACHED project: MO08587_TV-wand_(2-7)
2026-02-04 21:07:29.016 | INFO |   Using session_id for API: OPUS_MO08587_TV-wand_(2-7)_20260204_210124
2026-02-04 21:07:29.016 | INFO |   PAUSE API data: {"session_id": "OPUS_MO08587_TV-wand_(2-7)_20260204_210124", "timestamp": "2026-02-04T21:07:29.013274", "user": "OPUS", "project": "MO08587_TV-wand_(2-7)"}
2026-02-04 21:07:29.016 | INFO |   PAUSE API CALL: POST http://192.168.244.160:5001/session/pause
2026-02-04 21:07:32.024 | ERROR |   PAUSE API CONNECTION ERROR: HTTPConnectionPool(host='192.168.244.160', port=5001): Max retries exceeded with url: /session/pause (Caused by ConnectTimeoutError(<urllib3.connection.HTTPConnection object at 0x00000280D5411450>, 'Connection to 192.168.244.160 timed out. (connect timeout=3)'))
2026-02-04 21:08:00.143 | INFO | ================================================================================
2026-02-04 21:08:00.143 | INFO | SESSION DEBUG LOGGER INITIALIZED
2026-02-04 21:08:00.143 | INFO | ================================================================================
2026-02-04 21:08:00.621 | INFO | ScannerPanel initialized - thread sync enabled
2026-02-04 21:08:12.013 | INFO | ============================================================
2026-02-04 21:08:12.013 | INFO | _start_session_for_excel_work CALLED
2026-02-04 21:08:12.013 | INFO |   excel_file_path: C:/BOERE/MO08586_Lage_kast_(1-7)_20260112_130254_updated.xlsx
2026-02-04 21:08:12.013 | INFO |   existing current_session_id: None
2026-02-04 21:08:12.013 | INFO |   existing api_session_id: None
2026-02-04 21:08:12.013 | INFO |   existing active_project: None
2026-02-04 21:08:12.013 | INFO |   existing active_user: None
2026-02-04 21:08:12.013 | INFO |   User source: config fallback = OPUS
2026-02-04 21:08:12.019 | INFO |   Project extracted and CACHED: MO08586_Lage_kast_(1-7)_20260112_130254
2026-02-04 21:08:12.019 | INFO |   Checking for existing session: user=OPUS, project=MO08586_Lage_kast_(1-7)_20260112_130254
2026-02-04 21:08:14.030 | INFO |   No existing session found - creating NEW session
2026-02-04 21:08:14.030 | INFO |   NEW session created: OPUS_MO08586_Lage_kast_(1-7)_20260112_130254_20260204_210814
2026-02-04 21:08:14.030 | INFO |   (api_session_id will be set when API responds)
2026-02-04 21:08:14.031 | INFO |   API CALL: POST http://192.168.244.160:5001/session/xlsx_updated
2026-02-04 21:08:14.031 | INFO |   API DATA: {"event": "XLSX_UPDATED", "user": "OPUS", "project": "MO08586_Lage_kast_(1-7)_20260112_130254", "file_path": "C:/BOERE/MO08586_Lage_kast_(1-7)_20260112_130254_updated.xlsx", "item_count": 33, "timestamp": "2026-02-04T21:08:14.030225", "session_id": "OPUS_MO08586_Lage_kast_(1-7)_20260112_130254_20260204_210814"}
2026-02-04 21:08:17.034 | ERROR |   API EXCEPTION: HTTPConnectionPool(host='192.168.244.160', port=5001): Max retries exceeded with url: /session/xlsx_updated (Caused by ConnectTimeoutError(<urllib3.connection.HTTPConnection object at 0x0000022E64A9C7D0>, 'Connection to 192.168.244.160 timed out. (connect timeout=3)'))
2026-02-04 21:14:53.941 | INFO | ============================================================
2026-02-04 21:14:53.941 | INFO | _pause_session CALLED
2026-02-04 21:14:53.941 | INFO |   blocking: True
2026-02-04 21:14:53.941 | INFO |   current_session_id: OPUS_MO08586_Lage_kast_(1-7)_20260112_130254_20260204_210814
2026-02-04 21:14:53.941 | INFO |   api_session_id: None
2026-02-04 21:14:53.941 | INFO |   session_paused: False
2026-02-04 21:14:53.941 | INFO |   active_project (CACHED): MO08586_Lage_kast_(1-7)_20260112_130254
2026-02-04 21:14:53.941 | INFO |   active_user (CACHED): OPUS
2026-02-04 21:14:53.941 | INFO |   Session marked as paused at 2026-02-04 21:14:53.941084
2026-02-04 21:14:53.941 | INFO |   Using CACHED user: OPUS
2026-02-04 21:14:53.941 | INFO |   Using CACHED project: MO08586_Lage_kast_(1-7)_20260112_130254
2026-02-04 21:14:53.950 | INFO |   Using session_id for API: OPUS_MO08586_Lage_kast_(1-7)_20260112_130254_20260204_210814
2026-02-04 21:14:53.950 | INFO |   PAUSE API data: {"session_id": "OPUS_MO08586_Lage_kast_(1-7)_20260112_130254_20260204_210814", "timestamp": "2026-02-04T21:14:53.941084", "user": "OPUS", "project": "MO08586_Lage_kast_(1-7)_20260112_130254"}
2026-02-04 21:14:53.950 | INFO |   PAUSE API CALL: POST http://192.168.244.160:5001/session/pause
2026-02-04 21:14:56.952 | ERROR |   PAUSE API CONNECTION ERROR: HTTPConnectionPool(host='192.168.244.160', port=5001): Max retries exceeded with url: /session/pause (Caused by ConnectTimeoutError(<urllib3.connection.HTTPConnection object at 0x0000022E64C8CA50>, 'Connection to 192.168.244.160 timed out. (connect timeout=3)'))
2026-02-04 21:15:06.870 | INFO | ================================================================================
2026-02-04 21:15:06.870 | INFO | SESSION DEBUG LOGGER INITIALIZED
2026-02-04 21:15:06.870 | INFO | ================================================================================
2026-02-04 21:15:07.391 | INFO | ScannerPanel initialized - thread sync enabled
2026-02-04 21:18:11.490 | INFO | ================================================================================
2026-02-04 21:18:11.490 | INFO | SESSION DEBUG LOGGER INITIALIZED
2026-02-04 21:18:11.490 | INFO | ================================================================================
2026-02-04 21:18:11.979 | INFO | ScannerPanel initialized - thread sync enabled
2026-02-04 21:18:16.774 | INFO | ScannerPanel initialized - thread sync enabled
2026-02-04 21:18:32.429 | INFO | ============================================================
2026-02-04 21:18:32.429 | INFO | _start_session_for_excel_work CALLED
2026-02-04 21:18:32.429 | INFO |   excel_file_path: C:/BOERE/MO08586_Lage_kast_(1-7)_20260112_130254.xlsx
2026-02-04 21:18:32.429 | INFO |   existing current_session_id: None
2026-02-04 21:18:32.429 | INFO |   existing api_session_id: None
2026-02-04 21:18:32.429 | INFO |   existing active_project: None
2026-02-04 21:18:32.429 | INFO |   existing active_user: None
2026-02-04 21:18:32.429 | INFO |   User source: config fallback = OPUS
2026-02-04 21:18:32.435 | INFO |   Project extracted and CACHED: MO08586_Lage_kast_(1-7)
2026-02-04 21:18:32.435 | INFO |   Checking for existing session: user=OPUS, project=MO08586_Lage_kast_(1-7)
2026-02-04 21:18:34.435 | INFO |   No existing session found - creating NEW session
2026-02-04 21:18:34.435 | INFO |   NEW session created: OPUS_MO08586_Lage_kast_(1-7)_20260204_211834
2026-02-04 21:18:34.435 | INFO |   (api_session_id will be set when API responds)
2026-02-04 21:18:34.437 | INFO |   API CALL: POST http://192.168.244.160:5001/session/xlsx_updated
2026-02-04 21:18:34.437 | INFO |   API DATA: {"event": "XLSX_UPDATED", "user": "OPUS", "project": "MO08586_Lage_kast_(1-7)", "file_path": "C:/BOERE/MO08586_Lage_kast_(1-7)_20260112_130254.xlsx", "item_count": 33, "timestamp": "2026-02-04T21:18:34.435822", "session_id": "OPUS_MO08586_Lage_kast_(1-7)_20260204_211834"}
2026-02-04 21:18:37.455 | ERROR |   API EXCEPTION: HTTPConnectionPool(host='192.168.244.160', port=5001): Max retries exceeded with url: /session/xlsx_updated (Caused by ConnectTimeoutError(<urllib3.connection.HTTPConnection object at 0x000002428D734D50>, 'Connection to 192.168.244.160 timed out. (connect timeout=3)'))
2026-02-04 21:25:40.549 | INFO | ============================================================
2026-02-04 21:25:40.549 | INFO | _pause_session CALLED
2026-02-04 21:25:40.549 | INFO |   blocking: True
2026-02-04 21:25:40.549 | INFO |   current_session_id: OPUS_MO08586_Lage_kast_(1-7)_20260204_211834
2026-02-04 21:25:40.549 | INFO |   api_session_id: None
2026-02-04 21:25:40.549 | INFO |   session_paused: False
2026-02-04 21:25:40.552 | INFO |   active_project (CACHED): MO08586_Lage_kast_(1-7)
2026-02-04 21:25:40.552 | INFO |   active_user (CACHED): OPUS
2026-02-04 21:25:40.552 | INFO |   Session marked as paused at 2026-02-04 21:25:40.552612
2026-02-04 21:25:40.552 | INFO |   Using CACHED user: OPUS
2026-02-04 21:25:40.552 | INFO |   Using CACHED project: MO08586_Lage_kast_(1-7)
2026-02-04 21:25:40.552 | INFO |   Using session_id for API: OPUS_MO08586_Lage_kast_(1-7)_20260204_211834
2026-02-04 21:25:40.554 | INFO |   PAUSE API data: {"session_id": "OPUS_MO08586_Lage_kast_(1-7)_20260204_211834", "timestamp": "2026-02-04T21:25:40.552612", "user": "OPUS", "project": "MO08586_Lage_kast_(1-7)"}
2026-02-04 21:25:40.554 | INFO |   PAUSE API CALL: POST http://192.168.244.160:5001/session/pause
2026-02-04 21:25:43.567 | ERROR |   PAUSE API CONNECTION ERROR: HTTPConnectionPool(host='192.168.244.160', port=5001): Max retries exceeded with url: /session/pause (Caused by ConnectTimeoutError(<urllib3.connection.HTTPConnection object at 0x000002428D2419D0>, 'Connection to 192.168.244.160 timed out. (connect timeout=3)'))
2026-02-04 21:25:55.553 | INFO | ================================================================================
2026-02-04 21:25:55.553 | INFO | SESSION DEBUG LOGGER INITIALIZED
2026-02-04 21:25:55.553 | INFO | ================================================================================
2026-02-04 21:25:56.034 | INFO | ScannerPanel initialized - thread sync enabled
2026-02-04 21:26:00.611 | INFO | ScannerPanel initialized - thread sync enabled
2026-02-04 21:26:14.227 | INFO | ============================================================
2026-02-04 21:26:14.227 | INFO | _start_session_for_excel_work CALLED
2026-02-04 21:26:14.227 | INFO |   excel_file_path: C:/BOERE/MO08587_TV-wand_(2-7)_20260112_131442.xlsx
2026-02-04 21:26:14.227 | INFO |   existing current_session_id: None
2026-02-04 21:26:14.227 | INFO |   existing api_session_id: None
2026-02-04 21:26:14.227 | INFO |   existing active_project: None
2026-02-04 21:26:14.227 | INFO |   existing active_user: None
2026-02-04 21:26:14.227 | INFO |   User source: config fallback = OPUS
2026-02-04 21:26:14.238 | INFO |   Project extracted and CACHED: MO08587_TV-wand_(2-7)
2026-02-04 21:26:14.239 | INFO |   Checking for existing session: user=OPUS, project=MO08587_TV-wand_(2-7)
2026-02-04 21:26:16.241 | INFO |   No existing session found - creating NEW session
2026-02-04 21:26:16.241 | INFO |   NEW session created: OPUS_MO08587_TV-wand_(2-7)_20260204_212616
2026-02-04 21:26:16.241 | INFO |   (api_session_id will be set when API responds)
2026-02-04 21:26:16.242 | INFO |   API CALL: POST http://192.168.244.160:5001/session/xlsx_updated
2026-02-04 21:26:16.242 | INFO |   API DATA: {"event": "XLSX_UPDATED", "user": "OPUS", "project": "MO08587_TV-wand_(2-7)", "file_path": "C:/BOERE/MO08587_TV-wand_(2-7)_20260112_131442.xlsx", "item_count": 108, "timestamp": "2026-02-04T21:26:16.241560", "session_id": "OPUS_MO08587_TV-wand_(2-7)_20260204_212616"}
2026-02-04 21:26:19.246 | ERROR |   API EXCEPTION: HTTPConnectionPool(host='192.168.244.160', port=5001): Max retries exceeded with url: /session/xlsx_updated (Caused by ConnectTimeoutError(<urllib3.connection.HTTPConnection object at 0x0000014C0E1CCFD0>, 'Connection to 192.168.244.160 timed out. (connect timeout=3)'))
2026-02-04 21:30:03.701 | INFO | ============================================================
2026-02-04 21:30:03.701 | INFO | _pause_session CALLED
2026-02-04 21:30:03.701 | INFO |   blocking: True
2026-02-04 21:30:03.701 | INFO |   current_session_id: OPUS_MO08587_TV-wand_(2-7)_20260204_212616
2026-02-04 21:30:03.701 | INFO |   api_session_id: None
2026-02-04 21:30:03.701 | INFO |   session_paused: False
2026-02-04 21:30:03.701 | INFO |   active_project (CACHED): MO08587_TV-wand_(2-7)
2026-02-04 21:30:03.701 | INFO |   active_user (CACHED): OPUS
2026-02-04 21:30:03.702 | INFO |   Session marked as paused at 2026-02-04 21:30:03.701915
2026-02-04 21:30:03.702 | INFO |   Using CACHED user: OPUS
2026-02-04 21:30:03.702 | INFO |   Using CACHED project: MO08587_TV-wand_(2-7)
2026-02-04 21:30:03.705 | INFO |   Using session_id for API: OPUS_MO08587_TV-wand_(2-7)_20260204_212616
2026-02-04 21:30:03.705 | INFO |   PAUSE API data: {"session_id": "OPUS_MO08587_TV-wand_(2-7)_20260204_212616", "timestamp": "2026-02-04T21:30:03.701915", "user": "OPUS", "project": "MO08587_TV-wand_(2-7)"}
2026-02-04 21:30:03.705 | INFO |   PAUSE API CALL: POST http://192.168.244.160:5001/session/pause
2026-02-04 21:30:06.719 | ERROR |   PAUSE API CONNECTION ERROR: HTTPConnectionPool(host='192.168.244.160', port=5001): Max retries exceeded with url: /session/pause (Caused by ConnectTimeoutError(<urllib3.connection.HTTPConnection object at 0x0000014C0E4F9B90>, 'Connection to 192.168.244.160 timed out. (connect timeout=3)'))
2026-02-04 21:30:25.050 | INFO | ================================================================================
2026-02-04 21:30:25.050 | INFO | SESSION DEBUG LOGGER INITIALIZED
2026-02-04 21:30:25.050 | INFO | ================================================================================
2026-02-04 21:30:25.537 | INFO | ScannerPanel initialized - thread sync enabled
2026-02-04 21:30:30.050 | INFO | ScannerPanel initialized - thread sync enabled
2026-02-04 21:30:40.860 | INFO | ============================================================
2026-02-04 21:30:40.860 | INFO | _start_session_for_excel_work CALLED
2026-02-04 21:30:40.860 | INFO |   excel_file_path: C:/BOERE/MO08586_Lage_kast_(1-7)_20260112_130254.xlsx
2026-02-04 21:30:40.860 | INFO |   existing current_session_id: None
2026-02-04 21:30:40.861 | INFO |   existing api_session_id: None
2026-02-04 21:30:40.861 | INFO |   existing active_project: None
2026-02-04 21:30:40.861 | INFO |   existing active_user: None
2026-02-04 21:30:40.862 | INFO |   User source: config fallback = OPUS
2026-02-04 21:30:40.872 | INFO |   Project extracted and CACHED: MO08586_Lage_kast_(1-7)
2026-02-04 21:30:40.873 | INFO |   Checking for existing session: user=OPUS, project=MO08586_Lage_kast_(1-7)
2026-02-04 21:30:42.882 | INFO |   No existing session found - creating NEW session
2026-02-04 21:30:42.882 | INFO |   NEW session created: OPUS_MO08586_Lage_kast_(1-7)_20260204_213042
2026-02-04 21:30:42.882 | INFO |   (api_session_id will be set when API responds)
2026-02-04 21:30:42.884 | INFO |   API CALL: POST http://192.168.244.160:5001/session/xlsx_updated
2026-02-04 21:30:42.884 | INFO |   API DATA: {"event": "XLSX_UPDATED", "user": "OPUS", "project": "MO08586_Lage_kast_(1-7)", "file_path": "C:/BOERE/MO08586_Lage_kast_(1-7)_20260112_130254.xlsx", "item_count": 33, "timestamp": "2026-02-04T21:30:42.882342", "session_id": "OPUS_MO08586_Lage_kast_(1-7)_20260204_213042"}
2026-02-04 21:30:45.888 | ERROR |   API EXCEPTION: HTTPConnectionPool(host='192.168.244.160', port=5001): Max retries exceeded with url: /session/xlsx_updated (Caused by ConnectTimeoutError(<urllib3.connection.HTTPConnection object at 0x000001EF9F7B8BD0>, 'Connection to 192.168.244.160 timed out. (connect timeout=3)'))
2026-02-04 21:38:52.747 | INFO | ============================================================
2026-02-04 21:38:52.748 | INFO | _pause_session CALLED
2026-02-04 21:38:52.748 | INFO |   blocking: True
2026-02-04 21:38:52.748 | INFO |   current_session_id: OPUS_MO08586_Lage_kast_(1-7)_20260204_213042
2026-02-04 21:38:52.748 | INFO |   api_session_id: None
2026-02-04 21:38:52.748 | INFO |   session_paused: False
2026-02-04 21:38:52.748 | INFO |   active_project (CACHED): MO08586_Lage_kast_(1-7)
2026-02-04 21:38:52.748 | INFO |   active_user (CACHED): OPUS
2026-02-04 21:38:52.748 | INFO |   Session marked as paused at 2026-02-04 21:38:52.748543
2026-02-04 21:38:52.748 | INFO |   Using CACHED user: OPUS
2026-02-04 21:38:52.749 | INFO |   Using CACHED project: MO08586_Lage_kast_(1-7)
2026-02-04 21:38:52.751 | INFO |   Using session_id for API: OPUS_MO08586_Lage_kast_(1-7)_20260204_213042
2026-02-04 21:38:52.751 | INFO |   PAUSE API data: {"session_id": "OPUS_MO08586_Lage_kast_(1-7)_20260204_213042", "timestamp": "2026-02-04T21:38:52.748543", "user": "OPUS", "project": "MO08586_Lage_kast_(1-7)"}
2026-02-04 21:38:52.752 | INFO |   PAUSE API CALL: POST http://192.168.244.160:5001/session/pause
2026-02-04 21:38:55.758 | ERROR |   PAUSE API CONNECTION ERROR: HTTPConnectionPool(host='192.168.244.160', port=5001): Max retries exceeded with url: /session/pause (Caused by ConnectTimeoutError(<urllib3.connection.HTTPConnection object at 0x000001EF9F94DDD0>, 'Connection to 192.168.244.160 timed out. (connect timeout=3)'))
2026-02-04 21:40:48.060 | INFO | ================================================================================
2026-02-04 21:40:48.060 | INFO | SESSION DEBUG LOGGER INITIALIZED
2026-02-04 21:40:48.060 | INFO | ================================================================================
2026-02-04 21:40:48.531 | INFO | ScannerPanel initialized - thread sync enabled
2026-02-04 21:41:00.644 | INFO | ============================================================
2026-02-04 21:41:00.644 | INFO | _start_session_for_excel_work CALLED
2026-02-04 21:41:00.644 | INFO |   excel_file_path: C:/BOERE/MO08587_TV-wand_(2-7)_20260112_131442.xlsx
2026-02-04 21:41:00.644 | INFO |   existing current_session_id: None
2026-02-04 21:41:00.644 | INFO |   existing api_session_id: None
2026-02-04 21:41:00.644 | INFO |   existing active_project: None
2026-02-04 21:41:00.644 | INFO |   existing active_user: None
2026-02-04 21:41:00.646 | INFO |   User source: config fallback = OPUS
2026-02-04 21:41:00.655 | INFO |   Project extracted and CACHED: MO08587_TV-wand_(2-7)
2026-02-04 21:41:00.655 | INFO |   Checking for existing session: user=OPUS, project=MO08587_TV-wand_(2-7)
2026-02-04 21:41:02.666 | INFO |   No existing session found - creating NEW session
2026-02-04 21:41:02.666 | INFO |   NEW session created: OPUS_MO08587_TV-wand_(2-7)_20260204_214102
2026-02-04 21:41:02.666 | INFO |   (api_session_id will be set when API responds)
2026-02-04 21:41:02.668 | INFO |   API CALL: POST http://192.168.244.160:5001/session/xlsx_updated
2026-02-04 21:41:02.668 | INFO |   API DATA: {"event": "XLSX_UPDATED", "user": "OPUS", "project": "MO08587_TV-wand_(2-7)", "file_path": "C:/BOERE/MO08587_TV-wand_(2-7)_20260112_131442.xlsx", "item_count": 108, "timestamp": "2026-02-04T21:41:02.666348", "session_id": "OPUS_MO08587_TV-wand_(2-7)_20260204_214102"}
2026-02-04 21:41:05.671 | ERROR |   API EXCEPTION: HTTPConnectionPool(host='192.168.244.160', port=5001): Max retries exceeded with url: /session/xlsx_updated (Caused by ConnectTimeoutError(<urllib3.connection.HTTPConnection object at 0x000001258E632C90>, 'Connection to 192.168.244.160 timed out. (connect timeout=3)'))
2026-02-04 21:49:51.147 | INFO | ============================================================
2026-02-04 21:49:51.147 | INFO | _pause_session CALLED
2026-02-04 21:49:51.147 | INFO |   blocking: True
2026-02-04 21:49:51.147 | INFO |   current_session_id: OPUS_MO08587_TV-wand_(2-7)_20260204_214102
2026-02-04 21:49:51.147 | INFO |   api_session_id: None
2026-02-04 21:49:51.147 | INFO |   session_paused: False
2026-02-04 21:49:51.147 | INFO |   active_project (CACHED): MO08587_TV-wand_(2-7)
2026-02-04 21:49:51.147 | INFO |   active_user (CACHED): OPUS
2026-02-04 21:49:51.147 | INFO |   Session marked as paused at 2026-02-04 21:49:51.147057
2026-02-04 21:49:51.147 | INFO |   Using CACHED user: OPUS
2026-02-04 21:49:51.147 | INFO |   Using CACHED project: MO08587_TV-wand_(2-7)
2026-02-04 21:49:51.150 | INFO |   Using session_id for API: OPUS_MO08587_TV-wand_(2-7)_20260204_214102
2026-02-04 21:49:51.150 | INFO |   PAUSE API data: {"session_id": "OPUS_MO08587_TV-wand_(2-7)_20260204_214102", "timestamp": "2026-02-04T21:49:51.147057", "user": "OPUS", "project": "MO08587_TV-wand_(2-7)"}
2026-02-04 21:49:51.150 | INFO |   PAUSE API CALL: POST http://192.168.244.160:5001/session/pause
2026-02-04 21:49:54.159 | ERROR |   PAUSE API CONNECTION ERROR: HTTPConnectionPool(host='192.168.244.160', port=5001): Max retries exceeded with url: /session/pause (Caused by ConnectTimeoutError(<urllib3.connection.HTTPConnection object at 0x0000012588329910>, 'Connection to 192.168.244.160 timed out. (connect timeout=3)'))
2026-02-04 21:50:01.902 | INFO | ================================================================================
2026-02-04 21:50:01.902 | INFO | SESSION DEBUG LOGGER INITIALIZED
2026-02-04 21:50:01.909 | INFO | ================================================================================
2026-02-04 21:50:02.392 | INFO | ScannerPanel initialized - thread sync enabled
2026-02-04 21:50:22.122 | INFO | ============================================================
2026-02-04 21:50:22.122 | INFO | _start_session_for_excel_work CALLED
2026-02-04 21:50:22.122 | INFO |   excel_file_path: C:/BOERE/MO08586_Lage_kast_(1-7)_20260112_130254.xlsx
2026-02-04 21:50:22.122 | INFO |   existing current_session_id: None
2026-02-04 21:50:22.122 | INFO |   existing api_session_id: None
2026-02-04 21:50:22.122 | INFO |   existing active_project: None
2026-02-04 21:50:22.122 | INFO |   existing active_user: None
2026-02-04 21:50:22.122 | INFO |   User source: config fallback = OPUS
2026-02-04 21:50:22.133 | INFO |   Project extracted and CACHED: MO08586_Lage_kast_(1-7)
2026-02-04 21:50:22.133 | INFO |   Checking for existing session: user=OPUS, project=MO08586_Lage_kast_(1-7)
2026-02-04 21:50:24.145 | INFO |   No existing session found - creating NEW session
2026-02-04 21:50:24.145 | INFO |   NEW session created: OPUS_MO08586_Lage_kast_(1-7)_20260204_215024
2026-02-04 21:50:24.146 | INFO |   (api_session_id will be set when API responds)
2026-02-04 21:50:24.147 | INFO |   API CALL: POST http://192.168.244.160:5001/session/xlsx_updated
2026-02-04 21:50:24.147 | INFO |   API DATA: {"event": "XLSX_UPDATED", "user": "OPUS", "project": "MO08586_Lage_kast_(1-7)", "file_path": "C:/BOERE/MO08586_Lage_kast_(1-7)_20260112_130254.xlsx", "item_count": 33, "timestamp": "2026-02-04T21:50:24.145312", "session_id": "OPUS_MO08586_Lage_kast_(1-7)_20260204_215024"}
2026-02-04 21:50:27.154 | ERROR |   API EXCEPTION: HTTPConnectionPool(host='192.168.244.160', port=5001): Max retries exceeded with url: /session/xlsx_updated (Caused by ConnectTimeoutError(<urllib3.connection.HTTPConnection object at 0x000001F0D86E9A50>, 'Connection to 192.168.244.160 timed out. (connect timeout=3)'))
2026-02-04 21:52:49.093 | INFO | ============================================================
2026-02-04 21:52:49.093 | INFO | _pause_session CALLED
2026-02-04 21:52:49.093 | INFO |   blocking: True
2026-02-04 21:52:49.093 | INFO |   current_session_id: OPUS_MO08586_Lage_kast_(1-7)_20260204_215024
2026-02-04 21:52:49.093 | INFO |   api_session_id: None
2026-02-04 21:52:49.093 | INFO |   session_paused: False
2026-02-04 21:52:49.093 | INFO |   active_project (CACHED): MO08586_Lage_kast_(1-7)
2026-02-04 21:52:49.096 | INFO |   active_user (CACHED): OPUS
2026-02-04 21:52:49.096 | INFO |   Session marked as paused at 2026-02-04 21:52:49.096700
2026-02-04 21:52:49.096 | INFO |   Using CACHED user: OPUS
2026-02-04 21:52:49.096 | INFO |   Using CACHED project: MO08586_Lage_kast_(1-7)
2026-02-04 21:52:49.096 | INFO |   Using session_id for API: OPUS_MO08586_Lage_kast_(1-7)_20260204_215024
2026-02-04 21:52:49.096 | INFO |   PAUSE API data: {"session_id": "OPUS_MO08586_Lage_kast_(1-7)_20260204_215024", "timestamp": "2026-02-04T21:52:49.096700", "user": "OPUS", "project": "MO08586_Lage_kast_(1-7)"}
2026-02-04 21:52:49.099 | INFO |   PAUSE API CALL: POST http://192.168.244.160:5001/session/pause
2026-02-04 21:52:52.104 | ERROR |   PAUSE API CONNECTION ERROR: HTTPConnectionPool(host='192.168.244.160', port=5001): Max retries exceeded with url: /session/pause (Caused by ConnectTimeoutError(<urllib3.connection.HTTPConnection object at 0x000001F0D86DEF10>, 'Connection to 192.168.244.160 timed out. (connect timeout=3)'))
2026-02-04 21:52:59.282 | INFO | ================================================================================
2026-02-04 21:52:59.282 | INFO | SESSION DEBUG LOGGER INITIALIZED
2026-02-04 21:52:59.282 | INFO | ================================================================================
2026-02-04 21:52:59.795 | INFO | ScannerPanel initialized - thread sync enabled
2026-02-04 21:53:48.973 | INFO | ============================================================
2026-02-04 21:53:48.974 | INFO | _start_session_for_excel_work CALLED
2026-02-04 21:53:48.974 | INFO |   excel_file_path: C:/BOERE/MO08587_TV-wand_(2-7)_20260112_131442.xlsx
2026-02-04 21:53:48.974 | INFO |   existing current_session_id: None
2026-02-04 21:53:48.974 | INFO |   existing api_session_id: None
2026-02-04 21:53:48.974 | INFO |   existing active_project: None
2026-02-04 21:53:48.974 | INFO |   existing active_user: None
2026-02-04 21:53:48.974 | INFO |   User source: config fallback = OPUS
2026-02-04 21:53:48.982 | INFO |   Project extracted and CACHED: MO08587_TV-wand_(2-7)
2026-02-04 21:53:48.982 | INFO |   Checking for existing session: user=OPUS, project=MO08587_TV-wand_(2-7)
2026-02-04 21:53:50.993 | INFO |   No existing session found - creating NEW session
2026-02-04 21:53:50.993 | INFO |   NEW session created: OPUS_MO08587_TV-wand_(2-7)_20260204_215350
2026-02-04 21:53:50.993 | INFO |   (api_session_id will be set when API responds)
2026-02-04 21:53:50.996 | INFO |   API CALL: POST http://192.168.244.160:5001/session/xlsx_updated
2026-02-04 21:53:50.996 | INFO |   API DATA: {"event": "XLSX_UPDATED", "user": "OPUS", "project": "MO08587_TV-wand_(2-7)", "file_path": "C:/BOERE/MO08587_TV-wand_(2-7)_20260112_131442.xlsx", "item_count": 108, "timestamp": "2026-02-04T21:53:50.993139", "session_id": "OPUS_MO08587_TV-wand_(2-7)_20260204_215350"}
2026-02-04 21:53:54.013 | ERROR |   API EXCEPTION: HTTPConnectionPool(host='192.168.244.160', port=5001): Max retries exceeded with url: /session/xlsx_updated (Caused by ConnectTimeoutError(<urllib3.connection.HTTPConnection object at 0x0000018C69A86810>, 'Connection to 192.168.244.160 timed out. (connect timeout=3)'))
2026-02-04 21:55:52.547 | INFO | ============================================================
2026-02-04 21:55:52.547 | INFO | _pause_session CALLED
2026-02-04 21:55:52.547 | INFO |   blocking: True
2026-02-04 21:55:52.547 | INFO |   current_session_id: OPUS_MO08587_TV-wand_(2-7)_20260204_215350
2026-02-04 21:55:52.547 | INFO |   api_session_id: None
2026-02-04 21:55:52.547 | INFO |   session_paused: False
2026-02-04 21:55:52.547 | INFO |   active_project (CACHED): MO08587_TV-wand_(2-7)
2026-02-04 21:55:52.547 | INFO |   active_user (CACHED): OPUS
2026-02-04 21:55:52.547 | INFO |   Session marked as paused at 2026-02-04 21:55:52.547247
2026-02-04 21:55:52.547 | INFO |   Using CACHED user: OPUS
2026-02-04 21:55:52.547 | INFO |   Using CACHED project: MO08587_TV-wand_(2-7)
2026-02-04 21:55:52.549 | INFO |   Using session_id for API: OPUS_MO08587_TV-wand_(2-7)_20260204_215350
2026-02-04 21:55:52.549 | INFO |   PAUSE API data: {"session_id": "OPUS_MO08587_TV-wand_(2-7)_20260204_215350", "timestamp": "2026-02-04T21:55:52.547247", "user": "OPUS", "project": "MO08587_TV-wand_(2-7)"}
2026-02-04 21:55:52.549 | INFO |   PAUSE API CALL: POST http://192.168.244.160:5001/session/pause
2026-02-04 21:55:55.564 | ERROR |   PAUSE API CONNECTION ERROR: HTTPConnectionPool(host='192.168.244.160', port=5001): Max retries exceeded with url: /session/pause (Caused by ConnectTimeoutError(<urllib3.connection.HTTPConnection object at 0x0000018C69A35810>, 'Connection to 192.168.244.160 timed out. (connect timeout=3)'))
2026-02-04 21:56:13.318 | INFO | ================================================================================
2026-02-04 21:56:13.318 | INFO | SESSION DEBUG LOGGER INITIALIZED
2026-02-04 21:56:13.318 | INFO | ================================================================================
2026-02-04 21:56:14.225 | INFO | ScannerPanel initialized - thread sync enabled
2026-02-04 21:56:17.518 | INFO | ScannerPanel initialized - thread sync enabled
2026-02-04 21:56:27.563 | INFO | ============================================================
2026-02-04 21:56:27.564 | INFO | _start_session_for_excel_work CALLED
2026-02-04 21:56:27.564 | INFO |   excel_file_path: C:/BOERE/MO08586_Lage_kast_(1-7)_20260112_130254.xlsx
2026-02-04 21:56:27.564 | INFO |   existing current_session_id: None
2026-02-04 21:56:27.564 | INFO |   existing api_session_id: None
2026-02-04 21:56:27.564 | INFO |   existing active_project: None
2026-02-04 21:56:27.564 | INFO |   existing active_user: None
2026-02-04 21:56:27.564 | INFO |   User source: config fallback = OPUS
2026-02-04 21:56:27.582 | INFO |   Project extracted and CACHED: MO08586_Lage_kast_(1-7)
2026-02-04 21:56:27.582 | INFO |   Checking for existing session: user=OPUS, project=MO08586_Lage_kast_(1-7)
2026-02-04 21:56:29.588 | INFO |   No existing session found - creating NEW session
2026-02-04 21:56:29.588 | INFO |   NEW session created: OPUS_MO08586_Lage_kast_(1-7)_20260204_215629
2026-02-04 21:56:29.588 | INFO |   (api_session_id will be set when API responds)
2026-02-04 21:56:29.592 | INFO |   API CALL: POST http://192.168.244.160:5001/session/xlsx_updated
2026-02-04 21:56:29.593 | INFO |   API DATA: {"event": "XLSX_UPDATED", "user": "OPUS", "project": "MO08586_Lage_kast_(1-7)", "file_path": "C:/BOERE/MO08586_Lage_kast_(1-7)_20260112_130254.xlsx", "item_count": 33, "timestamp": "2026-02-04T21:56:29.588091", "session_id": "OPUS_MO08586_Lage_kast_(1-7)_20260204_215629"}
2026-02-04 21:56:32.610 | ERROR |   API EXCEPTION: HTTPConnectionPool(host='192.168.244.160', port=5001): Max retries exceeded with url: /session/xlsx_updated (Caused by ConnectTimeoutError(<urllib3.connection.HTTPConnection object at 0x000002411A12B510>, 'Connection to 192.168.244.160 timed out. (connect timeout=3)'))
2026-02-04 21:58:41.469 | INFO | ============================================================
2026-02-04 21:58:41.469 | INFO | _pause_session CALLED
2026-02-04 21:58:41.469 | INFO |   blocking: True
2026-02-04 21:58:41.469 | INFO |   current_session_id: OPUS_MO08586_Lage_kast_(1-7)_20260204_215629
2026-02-04 21:58:41.469 | INFO |   api_session_id: None
2026-02-04 21:58:41.469 | INFO |   session_paused: False
2026-02-04 21:58:41.469 | INFO |   active_project (CACHED): MO08586_Lage_kast_(1-7)
2026-02-04 21:58:41.470 | INFO |   active_user (CACHED): OPUS
2026-02-04 21:58:41.471 | INFO |   Session marked as paused at 2026-02-04 21:58:41.470363
2026-02-04 21:58:41.471 | INFO |   Using CACHED user: OPUS
2026-02-04 21:58:41.471 | INFO |   Using CACHED project: MO08586_Lage_kast_(1-7)
2026-02-04 21:58:41.474 | INFO |   Using session_id for API: OPUS_MO08586_Lage_kast_(1-7)_20260204_215629
2026-02-04 21:58:41.474 | INFO |   PAUSE API data: {"session_id": "OPUS_MO08586_Lage_kast_(1-7)_20260204_215629", "timestamp": "2026-02-04T21:58:41.470363", "user": "OPUS", "project": "MO08586_Lage_kast_(1-7)"}
2026-02-04 21:58:41.474 | INFO |   PAUSE API CALL: POST http://192.168.244.160:5001/session/pause
2026-02-04 21:58:44.475 | ERROR |   PAUSE API CONNECTION ERROR: HTTPConnectionPool(host='192.168.244.160', port=5001): Max retries exceeded with url: /session/pause (Caused by ConnectTimeoutError(<urllib3.connection.HTTPConnection object at 0x00000241139C0790>, 'Connection to 192.168.244.160 timed out. (connect timeout=3)'))
2026-02-04 21:59:13.002 | INFO | ================================================================================
2026-02-04 21:59:13.002 | INFO | SESSION DEBUG LOGGER INITIALIZED
2026-02-04 21:59:13.002 | INFO | ================================================================================
2026-02-04 21:59:13.809 | INFO | ScannerPanel initialized - thread sync enabled
2026-02-04 21:59:17.851 | INFO | ScannerPanel initialized - thread sync enabled
2026-02-04 21:59:28.393 | INFO | ============================================================
2026-02-04 21:59:28.393 | INFO | _start_session_for_excel_work CALLED
2026-02-04 21:59:28.393 | INFO |   excel_file_path: C:/BOERE/MO08587_TV-wand_(2-7)_20260112_131442.xlsx
2026-02-04 21:59:28.393 | INFO |   existing current_session_id: None
2026-02-04 21:59:28.393 | INFO |   existing api_session_id: None
2026-02-04 21:59:28.393 | INFO |   existing active_project: None
2026-02-04 21:59:28.393 | INFO |   existing active_user: None
2026-02-04 21:59:28.395 | INFO |   User source: config fallback = OPUS
2026-02-04 21:59:28.409 | INFO |   Project extracted and CACHED: MO08587_TV-wand_(2-7)
2026-02-04 21:59:28.411 | INFO |   Checking for existing session: user=OPUS, project=MO08587_TV-wand_(2-7)
2026-02-04 21:59:30.424 | INFO |   No existing session found - creating NEW session
2026-02-04 21:59:30.424 | INFO |   NEW session created: OPUS_MO08587_TV-wand_(2-7)_20260204_215930
2026-02-04 21:59:30.425 | INFO |   (api_session_id will be set when API responds)
2026-02-04 21:59:30.427 | INFO |   API CALL: POST http://192.168.244.160:5001/session/xlsx_updated
2026-02-04 21:59:30.428 | INFO |   API DATA: {"event": "XLSX_UPDATED", "user": "OPUS", "project": "MO08587_TV-wand_(2-7)", "file_path": "C:/BOERE/MO08587_TV-wand_(2-7)_20260112_131442.xlsx", "item_count": 108, "timestamp": "2026-02-04T21:59:30.424528", "session_id": "OPUS_MO08587_TV-wand_(2-7)_20260204_215930"}
2026-02-04 21:59:33.442 | ERROR |   API EXCEPTION: HTTPConnectionPool(host='192.168.244.160', port=5001): Max retries exceeded with url: /session/xlsx_updated (Caused by ConnectTimeoutError(<urllib3.connection.HTTPConnection object at 0x00000257833163D0>, 'Connection to 192.168.244.160 timed out. (connect timeout=3)'))
2026-02-04 22:02:12.947 | INFO | ============================================================
2026-02-04 22:02:12.947 | INFO | _pause_session CALLED
2026-02-04 22:02:12.947 | INFO |   blocking: True
2026-02-04 22:02:12.947 | INFO |   current_session_id: OPUS_MO08587_TV-wand_(2-7)_20260204_215930
2026-02-04 22:02:12.947 | INFO |   api_session_id: None
2026-02-04 22:02:12.947 | INFO |   session_paused: False
2026-02-04 22:02:12.947 | INFO |   active_project (CACHED): MO08587_TV-wand_(2-7)
2026-02-04 22:02:12.947 | INFO |   active_user (CACHED): OPUS
2026-02-04 22:02:12.947 | INFO |   Session marked as paused at 2026-02-04 22:02:12.947564
2026-02-04 22:02:12.947 | INFO |   Using CACHED user: OPUS
2026-02-04 22:02:12.947 | INFO |   Using CACHED project: MO08587_TV-wand_(2-7)
2026-02-04 22:02:12.950 | INFO |   Using session_id for API: OPUS_MO08587_TV-wand_(2-7)_20260204_215930
2026-02-04 22:02:12.951 | INFO |   PAUSE API data: {"session_id": "OPUS_MO08587_TV-wand_(2-7)_20260204_215930", "timestamp": "2026-02-04T22:02:12.947564", "user": "OPUS", "project": "MO08587_TV-wand_(2-7)"}
2026-02-04 22:02:12.951 | INFO |   PAUSE API CALL: POST http://192.168.244.160:5001/session/pause
2026-02-04 22:02:15.957 | ERROR |   PAUSE API CONNECTION ERROR: HTTPConnectionPool(host='192.168.244.160', port=5001): Max retries exceeded with url: /session/pause (Caused by ConnectTimeoutError(<urllib3.connection.HTTPConnection object at 0x00000257832BDB50>, 'Connection to 192.168.244.160 timed out. (connect timeout=3)'))
2026-02-04 22:02:26.155 | INFO | ================================================================================
2026-02-04 22:02:26.155 | INFO | SESSION DEBUG LOGGER INITIALIZED
2026-02-04 22:02:26.155 | INFO | ================================================================================
2026-02-04 22:02:26.939 | INFO | ScannerPanel initialized - thread sync enabled
2026-02-04 22:02:30.491 | INFO | ScannerPanel initialized - thread sync enabled
2026-02-04 22:02:40.689 | INFO | ============================================================
2026-02-04 22:02:40.689 | INFO | _start_session_for_excel_work CALLED
2026-02-04 22:02:40.689 | INFO |   excel_file_path: C:/BOERE/MO08586_Lage_kast_(1-7)_20260112_130254.xlsx
2026-02-04 22:02:40.689 | INFO |   existing current_session_id: None
2026-02-04 22:02:40.689 | INFO |   existing api_session_id: None
2026-02-04 22:02:40.689 | INFO |   existing active_project: None
2026-02-04 22:02:40.689 | INFO |   existing active_user: None
2026-02-04 22:02:40.689 | INFO |   User source: config fallback = OPUS
2026-02-04 22:02:40.708 | INFO |   Project extracted and CACHED: MO08586_Lage_kast_(1-7)
2026-02-04 22:02:40.709 | INFO |   Checking for existing session: user=OPUS, project=MO08586_Lage_kast_(1-7)
2026-02-04 22:02:42.722 | INFO |   No existing session found - creating NEW session
2026-02-04 22:02:42.722 | INFO |   NEW session created: OPUS_MO08586_Lage_kast_(1-7)_20260204_220242
2026-02-04 22:02:42.722 | INFO |   (api_session_id will be set when API responds)
2026-02-04 22:02:42.725 | INFO |   API CALL: POST http://192.168.244.160:5001/session/xlsx_updated
2026-02-04 22:02:42.725 | INFO |   API DATA: {"event": "XLSX_UPDATED", "user": "OPUS", "project": "MO08586_Lage_kast_(1-7)", "file_path": "C:/BOERE/MO08586_Lage_kast_(1-7)_20260112_130254.xlsx", "item_count": 33, "timestamp": "2026-02-04T22:02:42.722063", "session_id": "OPUS_MO08586_Lage_kast_(1-7)_20260204_220242"}
2026-02-04 22:02:45.728 | ERROR |   API EXCEPTION: HTTPConnectionPool(host='192.168.244.160', port=5001): Max retries exceeded with url: /session/xlsx_updated (Caused by ConnectTimeoutError(<urllib3.connection.HTTPConnection object at 0x000002642D1E6CD0>, 'Connection to 192.168.244.160 timed out. (connect timeout=3)'))
2026-02-04 22:06:49.512 | INFO | ============================================================
2026-02-04 22:06:49.512 | INFO | _start_session_for_excel_work CALLED
2026-02-04 22:06:49.512 | INFO |   excel_file_path: C:/BOERE/MO08587_TV-wand_(2-7)_20260112_131442.xlsx
2026-02-04 22:06:49.513 | INFO |   existing current_session_id: OPUS_MO08586_Lage_kast_(1-7)_20260204_220242
2026-02-04 22:06:49.513 | INFO |   existing api_session_id: None
2026-02-04 22:06:49.513 | INFO |   existing active_project: MO08586_Lage_kast_(1-7)
2026-02-04 22:06:49.513 | INFO |   existing active_user: OPUS
2026-02-04 22:06:49.513 | INFO |   User source: active_user = OPUS
2026-02-04 22:06:49.538 | INFO |   Project extracted and CACHED: MO08587_TV-wand_(2-7)
2026-02-04 22:06:49.538 | INFO |   Checking for existing session: user=OPUS, project=MO08587_TV-wand_(2-7)
2026-02-04 22:06:51.553 | INFO |   No existing session found - creating NEW session
2026-02-04 22:06:51.553 | INFO |   NEW session created: OPUS_MO08587_TV-wand_(2-7)_20260204_220651
2026-02-04 22:06:51.553 | INFO |   (api_session_id will be set when API responds)
2026-02-04 22:06:51.553 | INFO |   API CALL: POST http://192.168.244.160:5001/session/xlsx_updated
2026-02-04 22:06:51.556 | INFO |   API DATA: {"event": "XLSX_UPDATED", "user": "OPUS", "project": "MO08587_TV-wand_(2-7)", "file_path": "C:/BOERE/MO08587_TV-wand_(2-7)_20260112_131442.xlsx", "item_count": 108, "timestamp": "2026-02-04T22:06:51.553596", "session_id": "OPUS_MO08587_TV-wand_(2-7)_20260204_220651"}
2026-02-04 22:06:54.561 | ERROR |   API EXCEPTION: HTTPConnectionPool(host='192.168.244.160', port=5001): Max retries exceeded with url: /session/xlsx_updated (Caused by ConnectTimeoutError(<urllib3.connection.HTTPConnection object at 0x000002642D6DC0D0>, 'Connection to 192.168.244.160 timed out. (connect timeout=3)'))
2026-02-07 08:13:48.516 | INFO | ================================================================================
2026-02-07 08:13:48.516 | INFO | SESSION DEBUG LOGGER INITIALIZED
2026-02-07 08:13:48.516 | INFO | ================================================================================
2026-02-07 08:13:49.334 | INFO | ScannerPanel initialized - thread sync enabled
2026-02-07 08:26:12.338 | INFO | ============================================================
2026-02-07 08:26:12.338 | INFO | _start_session_for_excel_work CALLED
2026-02-07 08:26:12.338 | INFO |   excel_file_path: C:\OPUS\KORPUS\1114_MO08587_TV-wand_(2-7)\1114_MO08587_TV-wand_(2-7).xlsx
2026-02-07 08:26:12.338 | INFO |   existing current_session_id: None
2026-02-07 08:26:12.338 | INFO |   existing api_session_id: None
2026-02-07 08:26:12.338 | INFO |   existing active_project: None
2026-02-07 08:26:12.338 | INFO |   existing active_user: OPUS
2026-02-07 08:26:12.338 | INFO |   User source: active_user = OPUS
2026-02-07 08:26:12.347 | INFO |   Project extracted and CACHED: MO08587_TV-wand_(2-7)
2026-02-07 08:26:12.347 | INFO |   Checking for existing session: user=OPUS, project=MO08587_TV-wand_(2-7)
2026-02-07 08:26:14.373 | INFO |   No existing session found - creating NEW session
2026-02-07 08:26:14.373 | INFO |   NEW session created: OPUS_MO08587_TV-wand_(2-7)_20260207_082614
2026-02-07 08:26:14.373 | INFO |   (api_session_id will be set when API responds)
2026-02-07 08:26:14.373 | INFO |   API CALL: POST http://localhost:5001/session/xlsx_updated
2026-02-07 08:26:14.373 | INFO |   API DATA: {"event": "XLSX_UPDATED", "user": "OPUS", "project": "MO08587_TV-wand_(2-7)", "file_path": "C:\\OPUS\\KORPUS\\1114_MO08587_TV-wand_(2-7)\\1114_MO08587_TV-wand_(2-7).xlsx", "item_count": 98, "timestamp": "2026-02-07T08:26:14.373069", "session_id": "OPUS_MO08587_TV-wand_(2-7)_20260207_082614"}
2026-02-07 08:26:16.457 | INFO |   API RESPONSE: session_id=OPUS_MO08587_TV-wand_(2-7)_20260207_082616
2026-02-07 08:26:16.457 | INFO |   SESSION IDs NOW: api=OPUS_MO08587_TV-wand_(2-7)_20260207_082616, local=OPUS_MO08587_TV-wand_(2-7)_20260207_082614
2026-02-07 08:26:45.951 | INFO | ============================================================
2026-02-07 08:26:45.951 | INFO | _pause_session CALLED
2026-02-07 08:26:45.951 | INFO |   blocking: False
2026-02-07 08:26:45.951 | INFO |   current_session_id: OPUS_MO08587_TV-wand_(2-7)_20260207_082614
2026-02-07 08:26:45.951 | INFO |   api_session_id: OPUS_MO08587_TV-wand_(2-7)_20260207_082616
2026-02-07 08:26:45.951 | INFO |   session_paused: False
2026-02-07 08:26:45.951 | INFO |   active_project (CACHED): MO08587_TV-wand_(2-7)
2026-02-07 08:26:45.951 | INFO |   active_user (CACHED): OPUS
2026-02-07 08:26:45.951 | INFO |   Session marked as paused at 2026-02-07 08:26:45.951608
2026-02-07 08:26:45.951 | INFO |   Using CACHED user: OPUS
2026-02-07 08:26:45.951 | INFO |   Using CACHED project: MO08587_TV-wand_(2-7)
2026-02-07 08:26:45.955 | INFO |   Using session_id for API: OPUS_MO08587_TV-wand_(2-7)_20260207_082616
2026-02-07 08:26:45.955 | INFO |   PAUSE API data: {"session_id": "OPUS_MO08587_TV-wand_(2-7)_20260207_082616", "timestamp": "2026-02-07T08:26:45.951608", "user": "OPUS", "project": "MO08587_TV-wand_(2-7)"}
2026-02-07 08:26:45.955 | INFO |   PAUSE API CALL: POST http://localhost:5001/session/pause
2026-02-07 08:26:48.029 | INFO |   PAUSE API RESPONSE: 200
2026-02-07 08:26:48.029 | INFO |   Session pause SUCCESSFUL
2026-02-07 08:26:49.068 | INFO |   SESSION_PAUSE log event: {"event": "SESSION_PAUSE", "user": "OPUS", "project": "MO08587_TV-wand_(2-7)", "session_id": "OPUS_MO08587_TV-wand_(2-7)_20260207_082616", "details": "Session paused - panel hidden", "status": "PAUZE", "file_path": "C:\\OPUS\\KORPUS\\1114_MO08587_TV-wand_(2-7)\\1114_MO08587_TV-wand_(2-7).xlsx", "timestamp": "2026-02-07T08:26:45.951608"}
2026-02-07 08:26:51.155 | INFO |   SESSION_PAUSE log response: 201
2026-02-07 08:26:51.155 | INFO |   PAUSE COMPLETE - _pause_complete_event SET
2026-02-07 08:27:23.651 | INFO | ============================================================
2026-02-07 08:27:23.651 | INFO | _start_session_for_excel_work CALLED
2026-02-07 08:27:23.651 | INFO |   excel_file_path: C:\OPUS\KORPUS\1114_MO08587_TV-wand_(2-7)\1114_MO08587_TV-wand_(2-7).xlsx
2026-02-07 08:27:23.651 | INFO |   existing current_session_id: OPUS_MO08587_TV-wand_(2-7)_20260207_082614
2026-02-07 08:27:23.651 | INFO |   existing api_session_id: OPUS_MO08587_TV-wand_(2-7)_20260207_082616
2026-02-07 08:27:23.651 | INFO |   existing active_project: MO08587_TV-wand_(2-7)
2026-02-07 08:27:23.651 | INFO |   existing active_user: OPUS
2026-02-07 08:27:23.651 | INFO |   User source: active_user = OPUS
2026-02-07 08:27:23.659 | INFO |   Project extracted and CACHED: MO08587_TV-wand_(2-7)
2026-02-07 08:27:23.659 | INFO | ============================================================
2026-02-07 08:27:23.659 | INFO | _resume_session CALLED
2026-02-07 08:27:23.659 | INFO |   current_session_id: OPUS_MO08587_TV-wand_(2-7)_20260207_082614
2026-02-07 08:27:23.659 | INFO |   api_session_id: OPUS_MO08587_TV-wand_(2-7)_20260207_082616
2026-02-07 08:27:23.659 | INFO |   session_paused: True
2026-02-07 08:27:23.659 | INFO |   active_project (CACHED): MO08587_TV-wand_(2-7)
2026-02-07 08:27:23.659 | INFO |   active_user (CACHED): OPUS
2026-02-07 08:27:23.659 | INFO |   Session marked as resumed
2026-02-07 08:27:23.659 | INFO |   Using CACHED user: OPUS
2026-02-07 08:27:23.659 | INFO |   Using CACHED project: MO08587_TV-wand_(2-7)
2026-02-07 08:27:23.662 | INFO |   Using session_id for API: OPUS_MO08587_TV-wand_(2-7)_20260207_082616
2026-02-07 08:27:23.662 | INFO |   RESUME API data: {"session_id": "OPUS_MO08587_TV-wand_(2-7)_20260207_082616", "timestamp": "2026-02-07T08:27:23.662660", "total_pause_duration": 0, "user": "OPUS", "project": "MO08587_TV-wand_(2-7)"}
2026-02-07 08:27:23.662 | INFO |   RESUME API CALL: POST http://localhost:5001/session/resume
2026-02-07 08:27:24.720 | INFO |   RESUME API RESPONSE: 200
2026-02-07 08:27:25.764 | INFO |   SESSION_RESUME log event: {"event": "SESSION_RESUME", "user": "OPUS", "project": "MO08587_TV-wand_(2-7)", "session_id": "OPUS_MO08587_TV-wand_(2-7)_20260207_082616", "details": "Session resumed - pause duration: 0.6 minutes", "status": "BEZIG", "file_path": "C:\\OPUS\\KORPUS\\1114_MO08587_TV-wand_(2-7)\\1114_MO08587_TV-wand_(2-7).xlsx", "timestamp": "2026-02-07T08:27:25.763426"}
2026-02-07 08:27:26.804 | INFO |   SESSION_RESUME log response: 201
2026-02-07 08:27:45.427 | INFO | ============================================================
2026-02-07 08:27:45.427 | INFO | _pause_session CALLED
2026-02-07 08:27:45.427 | INFO |   blocking: False
2026-02-07 08:27:45.427 | INFO |   current_session_id: OPUS_MO08587_TV-wand_(2-7)_20260207_082614
2026-02-07 08:27:45.427 | INFO |   api_session_id: OPUS_MO08587_TV-wand_(2-7)_20260207_082616
2026-02-07 08:27:45.427 | INFO |   session_paused: False
2026-02-07 08:27:45.427 | INFO |   active_project (CACHED): MO08587_TV-wand_(2-7)
2026-02-07 08:27:45.427 | INFO |   active_user (CACHED): OPUS
2026-02-07 08:27:45.427 | INFO |   Session marked as paused at 2026-02-07 08:27:45.427110
2026-02-07 08:27:45.427 | INFO |   Using CACHED user: OPUS
2026-02-07 08:27:45.427 | INFO |   Using CACHED project: MO08587_TV-wand_(2-7)
2026-02-07 08:27:45.427 | INFO |   Using session_id for API: OPUS_MO08587_TV-wand_(2-7)_20260207_082616
2026-02-07 08:27:45.427 | INFO |   PAUSE API data: {"session_id": "OPUS_MO08587_TV-wand_(2-7)_20260207_082616", "timestamp": "2026-02-07T08:27:45.427110", "user": "OPUS", "project": "MO08587_TV-wand_(2-7)"}
2026-02-07 08:27:45.427 | INFO |   PAUSE API CALL: POST http://localhost:5001/session/pause
2026-02-07 08:27:47.497 | INFO |   PAUSE API RESPONSE: 200
2026-02-07 08:27:47.497 | INFO |   Session pause SUCCESSFUL
2026-02-07 08:27:48.511 | INFO |   SESSION_PAUSE log event: {"event": "SESSION_PAUSE", "user": "OPUS", "project": "MO08587_TV-wand_(2-7)", "session_id": "OPUS_MO08587_TV-wand_(2-7)_20260207_082616", "details": "Session paused - panel hidden", "status": "PAUZE", "file_path": "C:\\OPUS\\KORPUS\\1114_MO08587_TV-wand_(2-7)\\1114_MO08587_TV-wand_(2-7).xlsx", "timestamp": "2026-02-07T08:27:45.427110"}
2026-02-07 08:27:50.591 | INFO |   SESSION_PAUSE log response: 201
2026-02-07 08:27:50.591 | INFO |   PAUSE COMPLETE - _pause_complete_event SET
2026-02-07 08:28:03.205 | INFO | ============================================================
2026-02-07 08:28:03.205 | INFO | _start_session_for_excel_work CALLED
2026-02-07 08:28:03.205 | INFO |   excel_file_path: C:\OPUS\KORPUS\1114_MO08587_TV-wand_(2-7)\1114_MO08587_TV-wand_(2-7).xlsx
2026-02-07 08:28:03.205 | INFO |   existing current_session_id: OPUS_MO08587_TV-wand_(2-7)_20260207_082614
2026-02-07 08:28:03.205 | INFO |   existing api_session_id: OPUS_MO08587_TV-wand_(2-7)_20260207_082616
2026-02-07 08:28:03.205 | INFO |   existing active_project: MO08587_TV-wand_(2-7)
2026-02-07 08:28:03.205 | INFO |   existing active_user: OPUS
2026-02-07 08:28:03.205 | INFO |   User source: active_user = OPUS
2026-02-07 08:28:03.216 | INFO |   Project extracted and CACHED: MO08587_TV-wand_(2-7)
2026-02-07 08:28:03.216 | INFO | ============================================================
2026-02-07 08:28:03.216 | INFO | _resume_session CALLED
2026-02-07 08:28:03.216 | INFO |   current_session_id: OPUS_MO08587_TV-wand_(2-7)_20260207_082614
2026-02-07 08:28:03.216 | INFO |   api_session_id: OPUS_MO08587_TV-wand_(2-7)_20260207_082616
2026-02-07 08:28:03.216 | INFO |   session_paused: True
2026-02-07 08:28:03.216 | INFO |   active_project (CACHED): MO08587_TV-wand_(2-7)
2026-02-07 08:28:03.216 | INFO |   active_user (CACHED): OPUS
2026-02-07 08:28:03.216 | INFO |   Session marked as resumed
2026-02-07 08:28:03.216 | INFO |   Using CACHED user: OPUS
2026-02-07 08:28:03.216 | INFO |   Using CACHED project: MO08587_TV-wand_(2-7)
2026-02-07 08:28:03.216 | INFO |   Using session_id for API: OPUS_MO08587_TV-wand_(2-7)_20260207_082616
2026-02-07 08:28:03.216 | INFO |   RESUME API data: {"session_id": "OPUS_MO08587_TV-wand_(2-7)_20260207_082616", "timestamp": "2026-02-07T08:28:03.216186", "total_pause_duration": 0, "user": "OPUS", "project": "MO08587_TV-wand_(2-7)"}
2026-02-07 08:28:03.216 | INFO |   RESUME API CALL: POST http://localhost:5001/session/resume
2026-02-07 08:28:04.246 | INFO |   RESUME API RESPONSE: 200
2026-02-07 08:28:05.267 | INFO |   SESSION_RESUME log event: {"event": "SESSION_RESUME", "user": "OPUS", "project": "MO08587_TV-wand_(2-7)", "session_id": "OPUS_MO08587_TV-wand_(2-7)_20260207_082616", "details": "Session resumed - pause duration: 0.3 minutes", "status": "BEZIG", "file_path": "C:\\OPUS\\KORPUS\\1114_MO08587_TV-wand_(2-7)\\1114_MO08587_TV-wand_(2-7).xlsx", "timestamp": "2026-02-07T08:28:05.267762"}
2026-02-07 08:28:06.292 | INFO |   SESSION_RESUME log response: 201
2026-02-07 08:28:58.268 | INFO | ============================================================
2026-02-07 08:28:58.268 | INFO | _pause_session CALLED
2026-02-07 08:28:58.268 | INFO |   blocking: False
2026-02-07 08:28:58.268 | INFO |   current_session_id: OPUS_MO08587_TV-wand_(2-7)_20260207_082614
2026-02-07 08:28:58.268 | INFO |   api_session_id: OPUS_MO08587_TV-wand_(2-7)_20260207_082616
2026-02-07 08:28:58.268 | INFO |   session_paused: False
2026-02-07 08:28:58.268 | INFO |   active_project (CACHED): MO08587_TV-wand_(2-7)
2026-02-07 08:28:58.268 | INFO |   active_user (CACHED): OPUS
2026-02-07 08:28:58.268 | INFO |   Session marked as paused at 2026-02-07 08:28:58.268973
2026-02-07 08:28:58.268 | INFO |   Using CACHED user: OPUS
2026-02-07 08:28:58.268 | INFO |   Using CACHED project: MO08587_TV-wand_(2-7)
2026-02-07 08:28:58.275 | INFO |   Using session_id for API: OPUS_MO08587_TV-wand_(2-7)_20260207_082616
2026-02-07 08:28:58.275 | INFO |   PAUSE API data: {"session_id": "OPUS_MO08587_TV-wand_(2-7)_20260207_082616", "timestamp": "2026-02-07T08:28:58.268973", "user": "OPUS", "project": "MO08587_TV-wand_(2-7)"}
2026-02-07 08:28:58.275 | INFO |   PAUSE API CALL: POST http://localhost:5001/session/pause
2026-02-07 08:29:00.350 | INFO |   PAUSE API RESPONSE: 200
2026-02-07 08:29:00.350 | INFO |   Session pause SUCCESSFUL
2026-02-07 08:29:01.396 | INFO |   SESSION_PAUSE log event: {"event": "SESSION_PAUSE", "user": "OPUS", "project": "MO08587_TV-wand_(2-7)", "session_id": "OPUS_MO08587_TV-wand_(2-7)_20260207_082616", "details": "Session paused - panel hidden", "status": "PAUZE", "file_path": "C:\\OPUS\\KORPUS\\1114_MO08587_TV-wand_(2-7)\\1114_MO08587_TV-wand_(2-7).xlsx", "timestamp": "2026-02-07T08:28:58.268973"}
2026-02-07 08:29:03.488 | INFO |   SESSION_PAUSE log response: 201
2026-02-07 08:29:03.488 | INFO |   PAUSE COMPLETE - _pause_complete_event SET
2026-02-07 08:29:41.201 | INFO | ============================================================
2026-02-07 08:29:41.201 | INFO | _start_session_for_excel_work CALLED
2026-02-07 08:29:41.201 | INFO |   excel_file_path: C:\OPUS\KORPUS\1114_MO08587_TV-wand_(2-7)\1114_MO08587_TV-wand_(2-7).xlsx
2026-02-07 08:29:41.202 | INFO |   existing current_session_id: OPUS_MO08587_TV-wand_(2-7)_20260207_082614
2026-02-07 08:29:41.202 | INFO |   existing api_session_id: OPUS_MO08587_TV-wand_(2-7)_20260207_082616
2026-02-07 08:29:41.202 | INFO |   existing active_project: MO08587_TV-wand_(2-7)
2026-02-07 08:29:41.202 | INFO |   existing active_user: OPUS
2026-02-07 08:29:41.203 | INFO |   User source: active_user = OPUS
2026-02-07 08:29:41.209 | INFO |   Project extracted and CACHED: MO08587_TV-wand_(2-7)
2026-02-07 08:29:41.209 | INFO | ============================================================
2026-02-07 08:29:41.209 | INFO | _resume_session CALLED
2026-02-07 08:29:41.209 | INFO |   current_session_id: OPUS_MO08587_TV-wand_(2-7)_20260207_082614
2026-02-07 08:29:41.209 | INFO |   api_session_id: OPUS_MO08587_TV-wand_(2-7)_20260207_082616
2026-02-07 08:29:41.209 | INFO |   session_paused: True
2026-02-07 08:29:41.209 | INFO |   active_project (CACHED): MO08587_TV-wand_(2-7)
2026-02-07 08:29:41.209 | INFO |   active_user (CACHED): OPUS
2026-02-07 08:29:41.209 | INFO |   Session marked as resumed
2026-02-07 08:29:41.209 | INFO |   Using CACHED user: OPUS
2026-02-07 08:29:41.209 | INFO |   Using CACHED project: MO08587_TV-wand_(2-7)
2026-02-07 08:29:41.211 | INFO |   Using session_id for API: OPUS_MO08587_TV-wand_(2-7)_20260207_082616
2026-02-07 08:29:41.211 | INFO |   RESUME API data: {"session_id": "OPUS_MO08587_TV-wand_(2-7)_20260207_082616", "timestamp": "2026-02-07T08:29:41.211730", "total_pause_duration": 0, "user": "OPUS", "project": "MO08587_TV-wand_(2-7)"}
2026-02-07 08:29:41.212 | INFO |   RESUME API CALL: POST http://localhost:5001/session/resume
2026-02-07 08:29:42.256 | INFO |   RESUME API RESPONSE: 200
2026-02-07 08:29:43.285 | INFO |   SESSION_RESUME log event: {"event": "SESSION_RESUME", "user": "OPUS", "project": "MO08587_TV-wand_(2-7)", "session_id": "OPUS_MO08587_TV-wand_(2-7)_20260207_082616", "details": "Session resumed - pause duration: 0.7 minutes", "status": "BEZIG", "file_path": "C:\\OPUS\\KORPUS\\1114_MO08587_TV-wand_(2-7)\\1114_MO08587_TV-wand_(2-7).xlsx", "timestamp": "2026-02-07T08:29:43.285169"}
2026-02-07 08:29:44.312 | INFO |   SESSION_RESUME log response: 201
2026-02-07 08:29:48.071 | INFO | ============================================================
2026-02-07 08:29:48.071 | INFO | _pause_session CALLED
2026-02-07 08:29:48.071 | INFO |   blocking: False
2026-02-07 08:29:48.071 | INFO |   current_session_id: OPUS_MO08587_TV-wand_(2-7)_20260207_082614
2026-02-07 08:29:48.071 | INFO |   api_session_id: OPUS_MO08587_TV-wand_(2-7)_20260207_082616
2026-02-07 08:29:48.071 | INFO |   session_paused: False
2026-02-07 08:29:48.071 | INFO |   active_project (CACHED): MO08587_TV-wand_(2-7)
2026-02-07 08:29:48.071 | INFO |   active_user (CACHED): OPUS
2026-02-07 08:29:48.071 | INFO |   Session marked as paused at 2026-02-07 08:29:48.071947
2026-02-07 08:29:48.071 | INFO |   Using CACHED user: OPUS
2026-02-07 08:29:48.071 | INFO |   Using CACHED project: MO08587_TV-wand_(2-7)
2026-02-07 08:29:48.075 | INFO |   Using session_id for API: OPUS_MO08587_TV-wand_(2-7)_20260207_082616
2026-02-07 08:29:48.075 | INFO |   PAUSE API data: {"session_id": "OPUS_MO08587_TV-wand_(2-7)_20260207_082616", "timestamp": "2026-02-07T08:29:48.071947", "user": "OPUS", "project": "MO08587_TV-wand_(2-7)"}
2026-02-07 08:29:48.075 | INFO |   PAUSE API CALL: POST http://localhost:5001/session/pause
2026-02-07 08:29:50.175 | INFO |   PAUSE API RESPONSE: 200
2026-02-07 08:29:50.175 | INFO |   Session pause SUCCESSFUL
2026-02-07 08:29:51.194 | INFO |   SESSION_PAUSE log event: {"event": "SESSION_PAUSE", "user": "OPUS", "project": "MO08587_TV-wand_(2-7)", "session_id": "OPUS_MO08587_TV-wand_(2-7)_20260207_082616", "details": "Session paused - panel hidden", "status": "PAUZE", "file_path": "C:\\OPUS\\KORPUS\\1114_MO08587_TV-wand_(2-7)\\1114_MO08587_TV-wand_(2-7).xlsx", "timestamp": "2026-02-07T08:29:48.071947"}
2026-02-07 08:29:53.275 | INFO |   SESSION_PAUSE log response: 201
2026-02-07 08:29:53.275 | INFO |   PAUSE COMPLETE - _pause_complete_event SET
2026-02-07 08:30:31.082 | INFO | ============================================================
2026-02-07 08:30:31.082 | INFO | _start_session_for_excel_work CALLED
2026-02-07 08:30:31.082 | INFO |   excel_file_path: C:\OPUS\KORPUS\1114_MO08587_TV-wand_(2-7)\1114_MO08587_TV-wand_(2-7).xlsx
2026-02-07 08:30:31.082 | INFO |   existing current_session_id: OPUS_MO08587_TV-wand_(2-7)_20260207_082614
2026-02-07 08:30:31.082 | INFO |   existing api_session_id: OPUS_MO08587_TV-wand_(2-7)_20260207_082616
2026-02-07 08:30:31.082 | INFO |   existing active_project: MO08587_TV-wand_(2-7)
2026-02-07 08:30:31.082 | INFO |   existing active_user: OPUS
2026-02-07 08:30:31.082 | INFO |   User source: active_user = OPUS
2026-02-07 08:30:31.093 | INFO |   Project extracted and CACHED: MO08587_TV-wand_(2-7)
2026-02-07 08:30:31.093 | INFO | ============================================================
2026-02-07 08:30:31.093 | INFO | _resume_session CALLED
2026-02-07 08:30:31.093 | INFO |   current_session_id: OPUS_MO08587_TV-wand_(2-7)_20260207_082614
2026-02-07 08:30:31.093 | INFO |   api_session_id: OPUS_MO08587_TV-wand_(2-7)_20260207_082616
2026-02-07 08:30:31.093 | INFO |   session_paused: True
2026-02-07 08:30:31.093 | INFO |   active_project (CACHED): MO08587_TV-wand_(2-7)
2026-02-07 08:30:31.093 | INFO |   active_user (CACHED): OPUS
2026-02-07 08:30:31.093 | INFO |   Session marked as resumed
2026-02-07 08:30:31.100 | INFO |   Using CACHED user: OPUS
2026-02-07 08:30:31.100 | INFO |   Using CACHED project: MO08587_TV-wand_(2-7)
2026-02-07 08:30:31.100 | INFO |   Using session_id for API: OPUS_MO08587_TV-wand_(2-7)_20260207_082616
2026-02-07 08:30:31.100 | INFO |   RESUME API data: {"session_id": "OPUS_MO08587_TV-wand_(2-7)_20260207_082616", "timestamp": "2026-02-07T08:30:31.100122", "total_pause_duration": 0, "user": "OPUS", "project": "MO08587_TV-wand_(2-7)"}
2026-02-07 08:30:31.100 | INFO |   RESUME API CALL: POST http://localhost:5001/session/resume
2026-02-07 08:30:32.139 | INFO |   RESUME API RESPONSE: 200
2026-02-07 08:30:33.155 | INFO |   SESSION_RESUME log event: {"event": "SESSION_RESUME", "user": "OPUS", "project": "MO08587_TV-wand_(2-7)", "session_id": "OPUS_MO08587_TV-wand_(2-7)_20260207_082616", "details": "Session resumed - pause duration: 0.7 minutes", "status": "BEZIG", "file_path": "C:\\OPUS\\KORPUS\\1114_MO08587_TV-wand_(2-7)\\1114_MO08587_TV-wand_(2-7).xlsx", "timestamp": "2026-02-07T08:30:33.155783"}
2026-02-07 08:30:34.186 | INFO |   SESSION_RESUME log response: 201
2026-02-07 08:30:41.797 | INFO | ============================================================
2026-02-07 08:30:41.797 | INFO | _pause_session CALLED
2026-02-07 08:30:41.797 | INFO |   blocking: True
2026-02-07 08:30:41.797 | INFO |   current_session_id: OPUS_MO08587_TV-wand_(2-7)_20260207_082614
2026-02-07 08:30:41.797 | INFO |   api_session_id: OPUS_MO08587_TV-wand_(2-7)_20260207_082616
2026-02-07 08:30:41.797 | INFO |   session_paused: False
2026-02-07 08:30:41.797 | INFO |   active_project (CACHED): MO08587_TV-wand_(2-7)
2026-02-07 08:30:41.797 | INFO |   active_user (CACHED): OPUS
2026-02-07 08:30:41.797 | INFO |   Session marked as paused at 2026-02-07 08:30:41.797448
2026-02-07 08:30:41.797 | INFO |   Using CACHED user: OPUS
2026-02-07 08:30:41.797 | INFO |   Using CACHED project: MO08587_TV-wand_(2-7)
2026-02-07 08:30:41.797 | INFO |   Using session_id for API: OPUS_MO08587_TV-wand_(2-7)_20260207_082616
2026-02-07 08:30:41.797 | INFO |   PAUSE API data: {"session_id": "OPUS_MO08587_TV-wand_(2-7)_20260207_082616", "timestamp": "2026-02-07T08:30:41.797448", "user": "OPUS", "project": "MO08587_TV-wand_(2-7)"}
2026-02-07 08:30:41.803 | INFO |   PAUSE API CALL: POST http://localhost:5001/session/pause
2026-02-07 08:30:43.833 | INFO |   PAUSE API RESPONSE: 200
2026-02-07 08:30:43.841 | INFO |   Session pause SUCCESSFUL
2026-02-07 08:47:27.787 | INFO | ================================================================================
2026-02-07 08:47:27.787 | INFO | SESSION DEBUG LOGGER INITIALIZED
2026-02-07 08:47:27.787 | INFO | ================================================================================
2026-02-07 08:47:28.517 | INFO | ScannerPanel initialized - thread sync enabled
2026-02-07 08:47:45.466 | INFO | ============================================================
2026-02-07 08:47:45.466 | INFO | _start_session_for_excel_work CALLED
2026-02-07 08:47:45.466 | INFO |   excel_file_path: C:\OPUS\KORPUS\1114_MO08587_TV-wand_(2-7)\1114_MO08587_TV-wand_(2-7).xlsx
2026-02-07 08:47:45.466 | INFO |   existing current_session_id: None
2026-02-07 08:47:45.466 | INFO |   existing api_session_id: None
2026-02-07 08:47:45.466 | INFO |   existing active_project: None
2026-02-07 08:47:45.466 | INFO |   existing active_user: OPUS
2026-02-07 08:47:45.466 | INFO |   User source: active_user = OPUS
2026-02-07 08:47:45.474 | INFO |   Project extracted and CACHED: MO08587_TV-wand_(2-7)
2026-02-07 08:47:45.474 | INFO |   Checking for existing session: user=OPUS, project=MO08587_TV-wand_(2-7)
2026-02-07 08:47:47.484 | INFO |   FOUND existing session from API:
2026-02-07 08:47:47.484 | INFO |     session_id: OPUS_MO08587_TV-wand_(2-7)_20260207_082616
2026-02-07 08:47:47.484 | INFO |     is_paused: True
2026-02-07 08:47:47.484 | INFO |   Session IDs synchronized: api=OPUS_MO08587_TV-wand_(2-7)_20260207_082616, local=OPUS_MO08587_TV-wand_(2-7)_20260207_082616
2026-02-07 08:47:47.484 | INFO |   Session IS paused - will call _resume_session()
2026-02-07 08:47:47.484 | INFO | ============================================================
2026-02-07 08:47:47.484 | INFO | _resume_session CALLED
2026-02-07 08:47:47.484 | INFO |   current_session_id: OPUS_MO08587_TV-wand_(2-7)_20260207_082616
2026-02-07 08:47:47.484 | INFO |   api_session_id: OPUS_MO08587_TV-wand_(2-7)_20260207_082616
2026-02-07 08:47:47.484 | INFO |   session_paused: True
2026-02-07 08:47:47.484 | INFO |   active_project (CACHED): MO08587_TV-wand_(2-7)
2026-02-07 08:47:47.484 | INFO |   active_user (CACHED): OPUS
2026-02-07 08:47:47.484 | INFO |   Session marked as resumed
2026-02-07 08:47:47.484 | INFO |   Using CACHED user: OPUS
2026-02-07 08:47:47.484 | INFO |   Using CACHED project: MO08587_TV-wand_(2-7)
2026-02-07 08:47:47.488 | INFO |   Using session_id for API: OPUS_MO08587_TV-wand_(2-7)_20260207_082616
2026-02-07 08:47:47.488 | INFO |   RESUME API data: {"session_id": "OPUS_MO08587_TV-wand_(2-7)_20260207_082616", "timestamp": "2026-02-07T08:47:47.488610", "total_pause_duration": 2.37, "user": "OPUS", "project": "MO08587_TV-wand_(2-7)"}
2026-02-07 08:47:47.488 | INFO |   RESUME API CALL: POST http://localhost:5001/session/resume
2026-02-07 08:47:48.524 | INFO |   RESUME API RESPONSE: 200
2026-02-07 08:47:49.542 | INFO |   SESSION_RESUME log event: {"event": "SESSION_RESUME", "user": "OPUS", "project": "MO08587_TV-wand_(2-7)", "session_id": "OPUS_MO08587_TV-wand_(2-7)_20260207_082616", "details": "Session resumed - pause duration: 0.0 minutes", "status": "BEZIG", "file_path": "C:\\OPUS\\KORPUS\\1114_MO08587_TV-wand_(2-7)\\1114_MO08587_TV-wand_(2-7).xlsx", "timestamp": "2026-02-07T08:47:49.542857"}
2026-02-07 08:47:50.565 | INFO |   SESSION_RESUME log response: 201
2026-02-07 08:47:54.914 | INFO | ============================================================
2026-02-07 08:47:54.914 | INFO | _pause_session CALLED
2026-02-07 08:47:54.914 | INFO |   blocking: True
2026-02-07 08:47:54.914 | INFO |   current_session_id: OPUS_MO08587_TV-wand_(2-7)_20260207_082616
2026-02-07 08:47:54.914 | INFO |   api_session_id: OPUS_MO08587_TV-wand_(2-7)_20260207_082616
2026-02-07 08:47:54.914 | INFO |   session_paused: False
2026-02-07 08:47:54.914 | INFO |   active_project (CACHED): MO08587_TV-wand_(2-7)
2026-02-07 08:47:54.914 | INFO |   active_user (CACHED): OPUS
2026-02-07 08:47:54.914 | INFO |   Session marked as paused at 2026-02-07 08:47:54.914017
2026-02-07 08:47:54.914 | INFO |   Using CACHED user: OPUS
2026-02-07 08:47:54.914 | INFO |   Using CACHED project: MO08587_TV-wand_(2-7)
2026-02-07 08:47:54.914 | INFO |   Using session_id for API: OPUS_MO08587_TV-wand_(2-7)_20260207_082616
2026-02-07 08:47:54.914 | INFO |   PAUSE API data: {"session_id": "OPUS_MO08587_TV-wand_(2-7)_20260207_082616", "timestamp": "2026-02-07T08:47:54.914017", "user": "OPUS", "project": "MO08587_TV-wand_(2-7)"}
2026-02-07 08:47:54.914 | INFO |   PAUSE API CALL: POST http://localhost:5001/session/pause
2026-02-07 08:47:56.961 | INFO |   PAUSE API RESPONSE: 200
2026-02-07 08:47:56.961 | INFO |   Session pause SUCCESSFUL
2026-02-07 08:47:57.980 | INFO |   SESSION_PAUSE log event: {"event": "SESSION_PAUSE", "user": "OPUS", "project": "MO08587_TV-wand_(2-7)", "session_id": "OPUS_MO08587_TV-wand_(2-7)_20260207_082616", "details": "Session paused - panel hidden", "status": "PAUZE", "file_path": "C:\\OPUS\\KORPUS\\1114_MO08587_TV-wand_(2-7)\\1114_MO08587_TV-wand_(2-7).xlsx", "timestamp": "2026-02-07T08:47:54.914017"}
2026-02-07 08:48:00.075 | INFO |   SESSION_PAUSE log response: 201
2026-02-07 08:48:00.075 | INFO |   PAUSE COMPLETE - _pause_complete_event SET
2026-02-07 09:00:41.806 | INFO | ================================================================================
2026-02-07 09:00:41.808 | INFO | SESSION DEBUG LOGGER INITIALIZED
2026-02-07 09:00:41.808 | INFO | ================================================================================
2026-02-07 09:00:42.580 | INFO | ScannerPanel initialized - thread sync enabled
2026-02-07 09:00:52.663 | INFO | ============================================================
2026-02-07 09:00:52.663 | INFO | _start_session_for_excel_work CALLED
2026-02-07 09:00:52.663 | INFO |   excel_file_path: C:\OPUS\KORPUS\1114_MO08587_TV-wand_(2-7)\1114_MO08587_TV-wand_(2-7).xlsx
2026-02-07 09:00:52.663 | INFO |   existing current_session_id: None
2026-02-07 09:00:52.663 | INFO |   existing api_session_id: None
2026-02-07 09:00:52.663 | INFO |   existing active_project: None
2026-02-07 09:00:52.663 | INFO |   existing active_user: OPUS
2026-02-07 09:00:52.663 | INFO |   User source: active_user = OPUS
2026-02-07 09:00:52.671 | INFO |   Project extracted and CACHED: MO08587_TV-wand_(2-7)
2026-02-07 09:00:52.671 | INFO |   Checking for existing session: user=OPUS, project=MO08587_TV-wand_(2-7)
2026-02-07 09:00:54.691 | INFO |   FOUND existing session from API:
2026-02-07 09:00:54.691 | INFO |     session_id: OPUS_MO08587_TV-wand_(2-7)_20260207_082616
2026-02-07 09:00:54.691 | INFO |     is_paused: True
2026-02-07 09:00:54.691 | INFO |   Session IDs synchronized: api=OPUS_MO08587_TV-wand_(2-7)_20260207_082616, local=OPUS_MO08587_TV-wand_(2-7)_20260207_082616
2026-02-07 09:00:54.691 | INFO |   Session IS paused - will call _resume_session()
2026-02-07 09:00:54.691 | INFO | ============================================================
2026-02-07 09:00:54.693 | INFO | _resume_session CALLED
2026-02-07 09:00:54.693 | INFO |   current_session_id: OPUS_MO08587_TV-wand_(2-7)_20260207_082616
2026-02-07 09:00:54.693 | INFO |   api_session_id: OPUS_MO08587_TV-wand_(2-7)_20260207_082616
2026-02-07 09:00:54.693 | INFO |   session_paused: True
2026-02-07 09:00:54.693 | INFO |   active_project (CACHED): MO08587_TV-wand_(2-7)
2026-02-07 09:00:54.693 | INFO |   active_user (CACHED): OPUS
2026-02-07 09:00:54.693 | INFO |   Session marked as resumed
2026-02-07 09:00:54.693 | INFO |   Using CACHED user: OPUS
2026-02-07 09:00:54.693 | INFO |   Using CACHED project: MO08587_TV-wand_(2-7)
2026-02-07 09:00:54.694 | INFO |   Using session_id for API: OPUS_MO08587_TV-wand_(2-7)_20260207_082616
2026-02-07 09:00:54.694 | INFO |   RESUME API data: {"session_id": "OPUS_MO08587_TV-wand_(2-7)_20260207_082616", "timestamp": "2026-02-07T09:00:54.694698", "total_pause_duration": 19.46, "user": "OPUS", "project": "MO08587_TV-wand_(2-7)"}
2026-02-07 09:00:54.695 | INFO |   RESUME API CALL: POST http://localhost:5001/session/resume
2026-02-07 09:00:55.736 | INFO |   RESUME API RESPONSE: 200
2026-02-07 09:00:56.757 | INFO |   SESSION_RESUME log event: {"event": "SESSION_RESUME", "user": "OPUS", "project": "MO08587_TV-wand_(2-7)", "session_id": "OPUS_MO08587_TV-wand_(2-7)_20260207_082616", "details": "Session resumed - pause duration: 0.0 minutes", "status": "BEZIG", "file_path": "C:\\OPUS\\KORPUS\\1114_MO08587_TV-wand_(2-7)\\1114_MO08587_TV-wand_(2-7).xlsx", "timestamp": "2026-02-07T09:00:56.757742"}
2026-02-07 09:00:57.803 | INFO |   SESSION_RESUME log response: 201
2026-02-07 14:47:59.446 | INFO | ================================================================================
2026-02-07 14:47:59.446 | INFO | SESSION DEBUG LOGGER INITIALIZED
2026-02-07 14:47:59.446 | INFO | ================================================================================
2026-02-07 14:47:59.997 | INFO | ScannerPanel initialized - thread sync enabled
2026-02-07 14:53:51.488 | INFO | ============================================================
2026-02-07 14:53:51.488 | INFO | _start_session_for_excel_work CALLED
2026-02-07 14:53:51.488 | INFO |   excel_file_path: C:\ACCURA\MO08587_TV-wand_(2-7)_20260207_145122.xlsx
2026-02-07 14:53:51.488 | INFO |   existing current_session_id: None
2026-02-07 14:53:51.488 | INFO |   existing api_session_id: None
2026-02-07 14:53:51.488 | INFO |   existing active_project: None
2026-02-07 14:53:51.488 | INFO |   existing active_user: ACCURA
2026-02-07 14:53:51.488 | INFO |   User source: active_user = ACCURA
2026-02-07 14:53:51.495 | INFO |   Project extracted and CACHED: MO08587_TV-wand_(2-7)
2026-02-07 14:53:51.495 | INFO |   Checking for existing session: user=ACCURA, project=MO08587_TV-wand_(2-7)
2026-02-07 14:53:53.517 | INFO |   No existing session found - creating NEW session
2026-02-07 14:53:53.517 | INFO |   NEW session created: ACCURA_MO08587_TV-wand_(2-7)_20260207_145353
2026-02-07 14:53:53.517 | INFO |   (api_session_id will be set when API responds)
2026-02-07 14:53:53.523 | INFO |   API CALL: POST http://localhost:5001/session/xlsx_updated
2026-02-07 14:53:53.523 | INFO |   API DATA: {"event": "XLSX_UPDATED", "user": "ACCURA", "project": "MO08587_TV-wand_(2-7)", "file_path": "C:\\ACCURA\\MO08587_TV-wand_(2-7)_20260207_145122.xlsx", "item_count": 53, "timestamp": "2026-02-07T14:53:53.517540", "session_id": "ACCURA_MO08587_TV-wand_(2-7)_20260207_145353"}
2026-02-07 14:53:55.576 | INFO |   API RESPONSE: session_id=ACCURA_MO08587_TV-wand_(2-7)_20260207_145355
2026-02-07 14:53:55.576 | INFO |   SESSION IDs NOW: api=ACCURA_MO08587_TV-wand_(2-7)_20260207_145355, local=ACCURA_MO08587_TV-wand_(2-7)_20260207_145353
2026-02-07 14:54:48.980 | INFO | ============================================================
2026-02-07 14:54:48.980 | INFO | _pause_session CALLED
2026-02-07 14:54:48.980 | INFO |   blocking: False
2026-02-07 14:54:48.980 | INFO |   current_session_id: ACCURA_MO08587_TV-wand_(2-7)_20260207_145353
2026-02-07 14:54:48.980 | INFO |   api_session_id: ACCURA_MO08587_TV-wand_(2-7)_20260207_145355
2026-02-07 14:54:48.980 | INFO |   session_paused: False
2026-02-07 14:54:48.980 | INFO |   active_project (CACHED): MO08587_TV-wand_(2-7)
2026-02-07 14:54:48.980 | INFO |   active_user (CACHED): ACCURA
2026-02-07 14:54:48.980 | INFO |   Session marked as paused at 2026-02-07 14:54:48.980159
2026-02-07 14:54:48.980 | INFO |   Using CACHED user: ACCURA
2026-02-07 14:54:48.980 | INFO |   Using CACHED project: MO08587_TV-wand_(2-7)
2026-02-07 14:54:48.985 | INFO |   Using session_id for API: ACCURA_MO08587_TV-wand_(2-7)_20260207_145355
2026-02-07 14:54:48.985 | INFO |   PAUSE API data: {"session_id": "ACCURA_MO08587_TV-wand_(2-7)_20260207_145355", "timestamp": "2026-02-07T14:54:48.980159", "user": "ACCURA", "project": "MO08587_TV-wand_(2-7)"}
2026-02-07 14:54:48.986 | INFO |   PAUSE API CALL: POST http://localhost:5001/session/pause
2026-02-07 14:54:51.042 | INFO |   PAUSE API RESPONSE: 200
2026-02-07 14:54:51.042 | INFO |   Session pause SUCCESSFUL
2026-02-07 14:54:52.053 | INFO |   SESSION_PAUSE log event: {"event": "SESSION_PAUSE", "user": "ACCURA", "project": "MO08587_TV-wand_(2-7)", "session_id": "ACCURA_MO08587_TV-wand_(2-7)_20260207_145355", "details": "Session paused - panel hidden", "status": "PAUZE", "file_path": "C:\\ACCURA\\MO08587_TV-wand_(2-7)_20260207_145122.xlsx", "timestamp": "2026-02-07T14:54:48.980159"}
2026-02-07 14:54:54.139 | INFO |   SESSION_PAUSE log response: 201
2026-02-07 14:54:54.139 | INFO |   PAUSE COMPLETE - _pause_complete_event SET
2026-02-07 14:56:34.064 | INFO | ============================================================
2026-02-07 14:56:34.064 | INFO | _start_session_for_excel_work CALLED
2026-02-07 14:56:34.064 | INFO |   excel_file_path: C:\OPUS\KORPUS\1114_MO08587_TV-wand_(2-7)\1114_MO08587_TV-wand_(2-7).xlsx
2026-02-07 14:56:34.064 | INFO |   existing current_session_id: ACCURA_MO08587_TV-wand_(2-7)_20260207_145353
2026-02-07 14:56:34.064 | INFO |   existing api_session_id: ACCURA_MO08587_TV-wand_(2-7)_20260207_145355
2026-02-07 14:56:34.064 | INFO |   existing active_project: MO08587_TV-wand_(2-7)
2026-02-07 14:56:34.064 | INFO |   existing active_user: OPUS
2026-02-07 14:56:34.064 | INFO |   User source: active_user = OPUS
2026-02-07 14:56:34.074 | INFO |   Project extracted and CACHED: MO08587_TV-wand_(2-7)
2026-02-07 14:56:34.074 | INFO |   Checking for existing session: user=OPUS, project=MO08587_TV-wand_(2-7)
2026-02-07 14:56:36.095 | INFO |   No existing session found - creating NEW session
2026-02-07 14:56:36.095 | INFO |   NEW session created: OPUS_MO08587_TV-wand_(2-7)_20260207_145636
2026-02-07 14:56:36.095 | INFO |   (api_session_id will be set when API responds)
2026-02-07 14:56:36.097 | INFO |   API CALL: POST http://localhost:5001/session/xlsx_updated
2026-02-07 14:56:36.097 | INFO |   API DATA: {"event": "XLSX_UPDATED", "user": "OPUS", "project": "MO08587_TV-wand_(2-7)", "file_path": "C:\\OPUS\\KORPUS\\1114_MO08587_TV-wand_(2-7)\\1114_MO08587_TV-wand_(2-7).xlsx", "item_count": 98, "timestamp": "2026-02-07T14:56:36.095876", "session_id": "OPUS_MO08587_TV-wand_(2-7)_20260207_145636"}
2026-02-07 14:56:38.172 | INFO |   API RESPONSE: session_id=OPUS_MO08587_TV-wand_(2-7)_20260207_145638
2026-02-07 14:56:38.172 | INFO |   SESSION IDs NOW: api=OPUS_MO08587_TV-wand_(2-7)_20260207_145638, local=OPUS_MO08587_TV-wand_(2-7)_20260207_145636
2026-02-07 15:08:31.495 | INFO | ============================================================
2026-02-07 15:08:31.495 | INFO | _pause_session CALLED
2026-02-07 15:08:31.495 | INFO |   blocking: True
2026-02-07 15:08:31.495 | INFO |   current_session_id: OPUS_MO08587_TV-wand_(2-7)_20260207_145636
2026-02-07 15:08:31.495 | INFO |   api_session_id: OPUS_MO08587_TV-wand_(2-7)_20260207_145638
2026-02-07 15:08:31.495 | INFO |   session_paused: False
2026-02-07 15:08:31.495 | INFO |   active_project (CACHED): MO08587_TV-wand_(2-7)
2026-02-07 15:08:31.495 | INFO |   active_user (CACHED): OPUS
2026-02-07 15:08:31.495 | INFO |   Session marked as paused at 2026-02-07 15:08:31.495213
2026-02-07 15:08:31.495 | INFO |   Using CACHED user: OPUS
2026-02-07 15:08:31.495 | INFO |   Using CACHED project: MO08587_TV-wand_(2-7)
2026-02-07 15:08:31.499 | INFO |   Using session_id for API: OPUS_MO08587_TV-wand_(2-7)_20260207_145638
2026-02-07 15:08:31.499 | INFO |   PAUSE API data: {"session_id": "OPUS_MO08587_TV-wand_(2-7)_20260207_145638", "timestamp": "2026-02-07T15:08:31.495213", "user": "OPUS", "project": "MO08587_TV-wand_(2-7)"}
2026-02-07 15:08:31.499 | INFO |   PAUSE API CALL: POST http://localhost:5001/session/pause
2026-02-07 15:08:33.551 | INFO |   PAUSE API RESPONSE: 200
2026-02-07 15:08:33.551 | INFO |   Session pause SUCCESSFUL
2026-02-07 15:08:34.574 | INFO |   SESSION_PAUSE log event: {"event": "SESSION_PAUSE", "user": "OPUS", "project": "MO08587_TV-wand_(2-7)", "session_id": "OPUS_MO08587_TV-wand_(2-7)_20260207_145638", "details": "Session paused - panel hidden", "status": "PAUZE", "file_path": "C:\\OPUS\\KORPUS\\1114_MO08587_TV-wand_(2-7)\\1114_MO08587_TV-wand_(2-7).xlsx", "timestamp": "2026-02-07T15:08:31.495213"}
2026-02-07 15:08:36.664 | INFO |   SESSION_PAUSE log response: 201
2026-02-07 15:08:36.664 | INFO |   PAUSE COMPLETE - _pause_complete_event SET
2026-02-07 15:10:42.677 | INFO | ================================================================================
2026-02-07 15:10:42.677 | INFO | SESSION DEBUG LOGGER INITIALIZED
2026-02-07 15:10:42.677 | INFO | ================================================================================
2026-02-07 15:10:43.150 | INFO | ScannerPanel initialized - thread sync enabled
2026-02-07 15:15:49.025 | INFO | ============================================================
2026-02-07 15:15:49.025 | INFO | _start_session_for_excel_work CALLED
2026-02-07 15:15:49.025 | INFO |   excel_file_path: C:\OPUS\KORPUS\1114_MO08587_TV-wand_(2-7)\1114_MO08587_TV-wand_(2-7).xlsx
2026-02-07 15:15:49.025 | INFO |   existing current_session_id: None
2026-02-07 15:15:49.025 | INFO |   existing api_session_id: None
2026-02-07 15:15:49.025 | INFO |   existing active_project: None
2026-02-07 15:15:49.025 | INFO |   existing active_user: OPUS
2026-02-07 15:15:49.025 | INFO |   User source: active_user = OPUS
2026-02-07 15:15:49.030 | INFO |   Project extracted and CACHED: MO08587_TV-wand_(2-7)
2026-02-07 15:15:49.030 | INFO |   Checking for existing session: user=OPUS, project=MO08587_TV-wand_(2-7)
2026-02-07 15:15:51.052 | INFO |   No existing session found - creating NEW session
2026-02-07 15:15:51.052 | INFO |   NEW session created: OPUS_MO08587_TV-wand_(2-7)_20260207_151551
2026-02-07 15:15:51.052 | INFO |   (api_session_id will be set when API responds)
2026-02-07 15:15:51.054 | INFO |   API CALL: POST http://localhost:5001/session/xlsx_updated
2026-02-07 15:15:51.054 | INFO |   API DATA: {"event": "XLSX_UPDATED", "user": "OPUS", "project": "MO08587_TV-wand_(2-7)", "file_path": "C:\\OPUS\\KORPUS\\1114_MO08587_TV-wand_(2-7)\\1114_MO08587_TV-wand_(2-7).xlsx", "item_count": 98, "timestamp": "2026-02-07T15:15:51.052579", "session_id": "OPUS_MO08587_TV-wand_(2-7)_20260207_151551"}
2026-02-07 15:15:53.131 | INFO |   API RESPONSE: session_id=OPUS_MO08587_TV-wand_(2-7)_20260207_151553
2026-02-07 15:15:53.131 | INFO |   SESSION IDs NOW: api=OPUS_MO08587_TV-wand_(2-7)_20260207_151553, local=OPUS_MO08587_TV-wand_(2-7)_20260207_151551
2026-02-07 15:22:42.182 | INFO | ============================================================
2026-02-07 15:22:42.182 | INFO | _pause_session CALLED
2026-02-07 15:22:42.182 | INFO |   blocking: False
2026-02-07 15:22:42.182 | INFO |   current_session_id: OPUS_MO08587_TV-wand_(2-7)_20260207_151551
2026-02-07 15:22:42.182 | INFO |   api_session_id: OPUS_MO08587_TV-wand_(2-7)_20260207_151553
2026-02-07 15:22:42.182 | INFO |   session_paused: False
2026-02-07 15:22:42.182 | INFO |   active_project (CACHED): MO08587_TV-wand_(2-7)
2026-02-07 15:22:42.182 | INFO |   active_user (CACHED): OPUS
2026-02-07 15:22:42.182 | INFO |   Session marked as paused at 2026-02-07 15:22:42.182641
2026-02-07 15:22:42.183 | INFO |   Using CACHED user: OPUS
2026-02-07 15:22:42.183 | INFO |   Using CACHED project: MO08587_TV-wand_(2-7)
2026-02-07 15:22:42.184 | INFO |   Using session_id for API: OPUS_MO08587_TV-wand_(2-7)_20260207_151553
2026-02-07 15:22:42.184 | INFO |   PAUSE API data: {"session_id": "OPUS_MO08587_TV-wand_(2-7)_20260207_151553", "timestamp": "2026-02-07T15:22:42.182641", "user": "OPUS", "project": "MO08587_TV-wand_(2-7)"}
2026-02-07 15:22:42.185 | INFO |   PAUSE API CALL: POST http://localhost:5001/session/pause
2026-02-07 15:22:44.255 | INFO |   PAUSE API RESPONSE: 200
2026-02-07 15:22:44.255 | INFO |   Session pause SUCCESSFUL
2026-02-07 15:22:50.273 | INFO | ================================================================================
2026-02-07 15:22:50.273 | INFO | SESSION DEBUG LOGGER INITIALIZED
2026-02-07 15:22:50.273 | INFO | ================================================================================
2026-02-07 15:22:50.737 | INFO | ScannerPanel initialized - thread sync enabled
2026-02-07 15:23:16.370 | INFO | ============================================================
2026-02-07 15:23:16.370 | INFO | _start_session_for_excel_work CALLED
2026-02-07 15:23:16.370 | INFO |   excel_file_path: C:\OPUS\KORPUS\1114_MO08587_TV-wand_(2-7)\1114_MO08587_TV-wand_(2-7).xlsx
2026-02-07 15:23:16.370 | INFO |   existing current_session_id: None
2026-02-07 15:23:16.370 | INFO |   existing api_session_id: None
2026-02-07 15:23:16.370 | INFO |   existing active_project: None
2026-02-07 15:23:16.370 | INFO |   existing active_user: OPUS
2026-02-07 15:23:16.370 | INFO |   User source: active_user = OPUS
2026-02-07 15:23:16.374 | INFO |   Project extracted and CACHED: MO08587_TV-wand_(2-7)
2026-02-07 15:23:16.374 | INFO |   Checking for existing session: user=OPUS, project=MO08587_TV-wand_(2-7)
2026-02-07 15:23:18.401 | INFO |   FOUND existing session from API:
2026-02-07 15:23:18.401 | INFO |     session_id: OPUS_MO08587_TV-wand_(2-7)_20260207_151553
2026-02-07 15:23:18.401 | INFO |     is_paused: True
2026-02-07 15:23:18.401 | INFO |   Session IDs synchronized: api=OPUS_MO08587_TV-wand_(2-7)_20260207_151553, local=OPUS_MO08587_TV-wand_(2-7)_20260207_151553
2026-02-07 15:23:18.401 | INFO |   Session IS paused - will call _resume_session()
2026-02-07 15:23:18.401 | INFO | ============================================================
2026-02-07 15:23:18.401 | INFO | _resume_session CALLED
2026-02-07 15:23:18.401 | INFO |   current_session_id: OPUS_MO08587_TV-wand_(2-7)_20260207_151553
2026-02-07 15:23:18.401 | INFO |   api_session_id: OPUS_MO08587_TV-wand_(2-7)_20260207_151553
2026-02-07 15:23:18.401 | INFO |   session_paused: True
2026-02-07 15:23:18.401 | INFO |   active_project (CACHED): MO08587_TV-wand_(2-7)
2026-02-07 15:23:18.401 | INFO |   active_user (CACHED): OPUS
2026-02-07 15:23:18.401 | INFO |   Session marked as resumed
2026-02-07 15:23:18.401 | INFO |   Using CACHED user: OPUS
2026-02-07 15:23:18.401 | INFO |   Using CACHED project: MO08587_TV-wand_(2-7)
2026-02-07 15:23:18.401 | INFO |   Using session_id for API: OPUS_MO08587_TV-wand_(2-7)_20260207_151553
2026-02-07 15:23:18.401 | INFO |   RESUME API data: {"session_id": "OPUS_MO08587_TV-wand_(2-7)_20260207_151553", "timestamp": "2026-02-07T15:23:18.401462", "total_pause_duration": 0, "user": "OPUS", "project": "MO08587_TV-wand_(2-7)"}
2026-02-07 15:23:18.401 | INFO |   RESUME API CALL: POST http://localhost:5001/session/resume
2026-02-07 15:23:19.435 | INFO |   RESUME API RESPONSE: 200
2026-02-07 15:23:20.451 | INFO |   SESSION_RESUME log event: {"event": "SESSION_RESUME", "user": "OPUS", "project": "MO08587_TV-wand_(2-7)", "session_id": "OPUS_MO08587_TV-wand_(2-7)_20260207_151553", "details": "Session resumed - pause duration: 0.0 minutes", "status": "BEZIG", "file_path": "C:\\OPUS\\KORPUS\\1114_MO08587_TV-wand_(2-7)\\1114_MO08587_TV-wand_(2-7).xlsx", "timestamp": "2026-02-07T15:23:20.451115"}
2026-02-07 15:23:21.470 | INFO |   SESSION_RESUME log response: 201
2026-02-07 15:24:40.093 | INFO | ============================================================
2026-02-07 15:24:40.093 | INFO | _pause_session CALLED
2026-02-07 15:24:40.093 | INFO |   blocking: False
2026-02-07 15:24:40.101 | INFO |   current_session_id: OPUS_MO08587_TV-wand_(2-7)_20260207_151553
2026-02-07 15:24:40.101 | INFO |   api_session_id: OPUS_MO08587_TV-wand_(2-7)_20260207_151553
2026-02-07 15:24:40.101 | INFO |   session_paused: False
2026-02-07 15:24:40.101 | INFO |   active_project (CACHED): MO08587_TV-wand_(2-7)
2026-02-07 15:24:40.101 | INFO |   active_user (CACHED): OPUS
2026-02-07 15:24:40.101 | INFO |   Session marked as paused at 2026-02-07 15:24:40.101039
2026-02-07 15:24:40.101 | INFO |   Using CACHED user: OPUS
2026-02-07 15:24:40.101 | INFO |   Using CACHED project: MO08587_TV-wand_(2-7)
2026-02-07 15:24:40.101 | INFO |   Using session_id for API: OPUS_MO08587_TV-wand_(2-7)_20260207_151553
2026-02-07 15:24:40.101 | INFO |   PAUSE API data: {"session_id": "OPUS_MO08587_TV-wand_(2-7)_20260207_151553", "timestamp": "2026-02-07T15:24:40.101039", "user": "OPUS", "project": "MO08587_TV-wand_(2-7)"}
2026-02-07 15:24:40.101 | INFO |   PAUSE API CALL: POST http://localhost:5001/session/pause
2026-02-07 15:24:42.177 | INFO |   PAUSE API RESPONSE: 200
2026-02-07 15:24:42.177 | INFO |   Session pause SUCCESSFUL
2026-02-07 15:24:43.190 | INFO |   SESSION_PAUSE log event: {"event": "SESSION_PAUSE", "user": "OPUS", "project": "MO08587_TV-wand_(2-7)", "session_id": "OPUS_MO08587_TV-wand_(2-7)_20260207_151553", "details": "Session paused - panel hidden", "status": "PAUZE", "file_path": "C:\\OPUS\\KORPUS\\1114_MO08587_TV-wand_(2-7)\\1114_MO08587_TV-wand_(2-7).xlsx", "timestamp": "2026-02-07T15:24:40.101039"}
2026-02-07 15:24:45.290 | INFO |   SESSION_PAUSE log response: 201
2026-02-07 15:24:45.290 | INFO |   PAUSE COMPLETE - _pause_complete_event SET
2026-02-07 15:24:59.719 | INFO | ============================================================
2026-02-07 15:24:59.719 | INFO | _start_session_for_excel_work CALLED
2026-02-07 15:24:59.719 | INFO |   excel_file_path: C:\BOERE\MO08587_TV-wand_(2-7)_20260207_151231.xlsx
2026-02-07 15:24:59.719 | INFO |   existing current_session_id: OPUS_MO08587_TV-wand_(2-7)_20260207_151553
2026-02-07 15:24:59.719 | INFO |   existing api_session_id: OPUS_MO08587_TV-wand_(2-7)_20260207_151553
2026-02-07 15:24:59.719 | INFO |   existing active_project: MO08587_TV-wand_(2-7)
2026-02-07 15:24:59.719 | INFO |   existing active_user: BOERE
2026-02-07 15:24:59.719 | INFO |   User source: active_user = BOERE
2026-02-07 15:24:59.729 | INFO |   Project extracted and CACHED: MO08587_TV-wand_(2-7)
2026-02-07 15:24:59.729 | INFO |   Checking for existing session: user=BOERE, project=MO08587_TV-wand_(2-7)
2026-02-07 15:25:01.764 | INFO |   No existing session found - creating NEW session
2026-02-07 15:25:01.764 | INFO |   NEW session created: BOERE_MO08587_TV-wand_(2-7)_20260207_152501
2026-02-07 15:25:01.764 | INFO |   (api_session_id will be set when API responds)
2026-02-07 15:25:01.764 | INFO |   API CALL: POST http://localhost:5001/session/xlsx_updated
2026-02-07 15:25:01.764 | INFO |   API DATA: {"event": "XLSX_UPDATED", "user": "BOERE", "project": "MO08587_TV-wand_(2-7)", "file_path": "C:\\BOERE\\MO08587_TV-wand_(2-7)_20260207_151231.xlsx", "item_count": 108, "timestamp": "2026-02-07T15:25:01.764240", "session_id": "BOERE_MO08587_TV-wand_(2-7)_20260207_152501"}
2026-02-07 15:25:03.813 | INFO |   API RESPONSE: session_id=BOERE_MO08587_TV-wand_(2-7)_20260207_152503
2026-02-07 15:25:03.813 | INFO |   SESSION IDs NOW: api=BOERE_MO08587_TV-wand_(2-7)_20260207_152503, local=BOERE_MO08587_TV-wand_(2-7)_20260207_152501
2026-02-07 15:39:26.704 | INFO | ============================================================
2026-02-07 15:39:26.704 | INFO | _pause_session CALLED
2026-02-07 15:39:26.704 | INFO |   blocking: True
2026-02-07 15:39:26.704 | INFO |   current_session_id: BOERE_MO08587_TV-wand_(2-7)_20260207_152501
2026-02-07 15:39:26.704 | INFO |   api_session_id: BOERE_MO08587_TV-wand_(2-7)_20260207_152503
2026-02-07 15:39:26.704 | INFO |   session_paused: False
2026-02-07 15:39:26.704 | INFO |   active_project (CACHED): MO08587_TV-wand_(2-7)
2026-02-07 15:39:26.704 | INFO |   active_user (CACHED): BOERE
2026-02-07 15:39:26.704 | INFO |   Session marked as paused at 2026-02-07 15:39:26.704113
2026-02-07 15:39:26.704 | INFO |   Using CACHED user: BOERE
2026-02-07 15:39:26.704 | INFO |   Using CACHED project: MO08587_TV-wand_(2-7)
2026-02-07 15:39:26.712 | INFO |   Using session_id for API: BOERE_MO08587_TV-wand_(2-7)_20260207_152503
2026-02-07 15:39:26.712 | INFO |   PAUSE API data: {"session_id": "BOERE_MO08587_TV-wand_(2-7)_20260207_152503", "timestamp": "2026-02-07T15:39:26.704113", "user": "BOERE", "project": "MO08587_TV-wand_(2-7)"}
2026-02-07 15:39:26.713 | INFO |   PAUSE API CALL: POST http://localhost:5001/session/pause
2026-02-07 15:39:28.777 | INFO |   PAUSE API RESPONSE: 200
2026-02-07 15:39:28.779 | INFO |   Session pause SUCCESSFUL
2026-02-07 15:39:29.810 | INFO |   SESSION_PAUSE log event: {"event": "SESSION_PAUSE", "user": "BOERE", "project": "MO08587_TV-wand_(2-7)", "session_id": "BOERE_MO08587_TV-wand_(2-7)_20260207_152503", "details": "Session paused - panel hidden", "status": "PAUZE", "file_path": "C:\\BOERE\\MO08587_TV-wand_(2-7)_20260207_151231.xlsx", "timestamp": "2026-02-07T15:39:26.704113"}
2026-02-07 15:39:31.904 | INFO |   SESSION_PAUSE log response: 201
2026-02-07 15:39:31.904 | INFO |   PAUSE COMPLETE - _pause_complete_event SET
2026-02-07 15:39:38.399 | INFO | ================================================================================
2026-02-07 15:39:38.399 | INFO | SESSION DEBUG LOGGER INITIALIZED
2026-02-07 15:39:38.399 | INFO | ================================================================================
2026-02-07 15:39:38.880 | INFO | ScannerPanel initialized - thread sync enabled
2026-02-07 15:39:51.638 | INFO | ============================================================
2026-02-07 15:39:51.638 | INFO | _start_session_for_excel_work CALLED
2026-02-07 15:39:51.640 | INFO |   excel_file_path: C:\OPUS\KORPUS\1114_MO08587_TV-wand_(2-7)\1114_MO08587_TV-wand_(2-7).xlsx
2026-02-07 15:39:51.640 | INFO |   existing current_session_id: None
2026-02-07 15:39:51.640 | INFO |   existing api_session_id: None
2026-02-07 15:39:51.640 | INFO |   existing active_project: None
2026-02-07 15:39:51.640 | INFO |   existing active_user: OPUS
2026-02-07 15:39:51.640 | INFO |   User source: active_user = OPUS
2026-02-07 15:39:51.640 | INFO |   Project extracted and CACHED: MO08587_TV-wand_(2-7)
2026-02-07 15:39:51.640 | INFO |   Checking for existing session: user=OPUS, project=MO08587_TV-wand_(2-7)
2026-02-07 15:39:53.667 | INFO |   FOUND existing session from API:
2026-02-07 15:39:53.667 | INFO |     session_id: OPUS_MO08587_TV-wand_(2-7)_20260207_151553
2026-02-07 15:39:53.667 | INFO |     is_paused: True
2026-02-07 15:39:53.672 | INFO |   Session IDs synchronized: api=OPUS_MO08587_TV-wand_(2-7)_20260207_151553, local=OPUS_MO08587_TV-wand_(2-7)_20260207_151553
2026-02-07 15:39:53.672 | INFO |   Session IS paused - will call _resume_session()
2026-02-07 15:39:53.672 | INFO | ============================================================
2026-02-07 15:39:53.672 | INFO | _resume_session CALLED
2026-02-07 15:39:53.672 | INFO |   current_session_id: OPUS_MO08587_TV-wand_(2-7)_20260207_151553
2026-02-07 15:39:53.672 | INFO |   api_session_id: OPUS_MO08587_TV-wand_(2-7)_20260207_151553
2026-02-07 15:39:53.672 | INFO |   session_paused: True
2026-02-07 15:39:53.672 | INFO |   active_project (CACHED): MO08587_TV-wand_(2-7)
2026-02-07 15:39:53.672 | INFO |   active_user (CACHED): OPUS
2026-02-07 15:39:53.672 | INFO |   Session marked as resumed
2026-02-07 15:39:53.672 | INFO |   Using CACHED user: OPUS
2026-02-07 15:39:53.672 | INFO |   Using CACHED project: MO08587_TV-wand_(2-7)
2026-02-07 15:39:53.672 | INFO |   Using session_id for API: OPUS_MO08587_TV-wand_(2-7)_20260207_151553
2026-02-07 15:39:53.672 | INFO |   RESUME API data: {"session_id": "OPUS_MO08587_TV-wand_(2-7)_20260207_151553", "timestamp": "2026-02-07T15:39:53.672213", "total_pause_duration": 0.6, "user": "OPUS", "project": "MO08587_TV-wand_(2-7)"}
2026-02-07 15:39:53.672 | INFO |   RESUME API CALL: POST http://localhost:5001/session/resume
2026-02-07 15:39:54.715 | INFO |   RESUME API RESPONSE: 200
2026-02-07 15:39:55.730 | INFO |   SESSION_RESUME log event: {"event": "SESSION_RESUME", "user": "OPUS", "project": "MO08587_TV-wand_(2-7)", "session_id": "OPUS_MO08587_TV-wand_(2-7)_20260207_151553", "details": "Session resumed - pause duration: 0.0 minutes", "status": "BEZIG", "file_path": "C:\\OPUS\\KORPUS\\1114_MO08587_TV-wand_(2-7)\\1114_MO08587_TV-wand_(2-7).xlsx", "timestamp": "2026-02-07T15:39:55.730190"}
2026-02-07 15:39:56.747 | INFO |   SESSION_RESUME log response: 201
2026-02-07 15:40:33.139 | INFO | ============================================================
2026-02-07 15:40:33.139 | INFO | _pause_session CALLED
2026-02-07 15:40:33.139 | INFO |   blocking: False
2026-02-07 15:40:33.139 | INFO |   current_session_id: OPUS_MO08587_TV-wand_(2-7)_20260207_151553
2026-02-07 15:40:33.139 | INFO |   api_session_id: OPUS_MO08587_TV-wand_(2-7)_20260207_151553
2026-02-07 15:40:33.139 | INFO |   session_paused: False
2026-02-07 15:40:33.139 | INFO |   active_project (CACHED): MO08587_TV-wand_(2-7)
2026-02-07 15:40:33.139 | INFO |   active_user (CACHED): OPUS
2026-02-07 15:40:33.139 | INFO |   Session marked as paused at 2026-02-07 15:40:33.139875
2026-02-07 15:40:33.139 | INFO |   Using CACHED user: OPUS
2026-02-07 15:40:33.139 | INFO |   Using CACHED project: MO08587_TV-wand_(2-7)
2026-02-07 15:40:33.142 | INFO |   Using session_id for API: OPUS_MO08587_TV-wand_(2-7)_20260207_151553
2026-02-07 15:40:33.143 | INFO |   PAUSE API data: {"session_id": "OPUS_MO08587_TV-wand_(2-7)_20260207_151553", "timestamp": "2026-02-07T15:40:33.139875", "user": "OPUS", "project": "MO08587_TV-wand_(2-7)"}
2026-02-07 15:40:33.143 | INFO |   PAUSE API CALL: POST http://localhost:5001/session/pause
2026-02-07 15:40:35.204 | INFO |   PAUSE API RESPONSE: 200
2026-02-07 15:40:35.204 | INFO |   Session pause SUCCESSFUL
2026-02-07 15:40:36.214 | INFO |   SESSION_PAUSE log event: {"event": "SESSION_PAUSE", "user": "OPUS", "project": "MO08587_TV-wand_(2-7)", "session_id": "OPUS_MO08587_TV-wand_(2-7)_20260207_151553", "details": "Session paused - panel hidden", "status": "PAUZE", "file_path": "C:\\OPUS\\KORPUS\\1114_MO08587_TV-wand_(2-7)\\1114_MO08587_TV-wand_(2-7).xlsx", "timestamp": "2026-02-07T15:40:33.139875"}
2026-02-07 15:40:38.296 | INFO |   SESSION_PAUSE log response: 201
2026-02-07 15:40:38.296 | INFO |   PAUSE COMPLETE - _pause_complete_event SET
2026-02-07 15:41:11.759 | INFO | ============================================================
2026-02-07 15:41:11.765 | INFO | _start_session_for_excel_work CALLED
2026-02-07 15:41:11.765 | INFO |   excel_file_path: C:\BOERE\MO08587_TV-wand_(2-7)_20260207_151231.xlsx
2026-02-07 15:41:11.765 | INFO |   existing current_session_id: OPUS_MO08587_TV-wand_(2-7)_20260207_151553
2026-02-07 15:41:11.765 | INFO |   existing api_session_id: OPUS_MO08587_TV-wand_(2-7)_20260207_151553
2026-02-07 15:41:11.765 | INFO |   existing active_project: MO08587_TV-wand_(2-7)
2026-02-07 15:41:11.765 | INFO |   existing active_user: BOERE
2026-02-07 15:41:11.766 | INFO |   User source: active_user = BOERE
2026-02-07 15:41:11.773 | INFO |   Project extracted and CACHED: MO08587_TV-wand_(2-7)
2026-02-07 15:41:11.773 | INFO |   Checking for existing session: user=BOERE, project=MO08587_TV-wand_(2-7)
2026-02-07 15:41:13.796 | INFO |   FOUND existing session from API:
2026-02-07 15:41:13.799 | INFO |     session_id: BOERE_MO08587_TV-wand_(2-7)_20260207_152503
2026-02-07 15:41:13.799 | INFO |     is_paused: True
2026-02-07 15:41:13.799 | INFO |   Session IDs synchronized: api=BOERE_MO08587_TV-wand_(2-7)_20260207_152503, local=BOERE_MO08587_TV-wand_(2-7)_20260207_152503
2026-02-07 15:41:13.799 | INFO |   Session IS paused - will call _resume_session()
2026-02-07 15:41:13.799 | INFO | ============================================================
2026-02-07 15:41:13.799 | INFO | _resume_session CALLED
2026-02-07 15:41:13.799 | INFO |   current_session_id: BOERE_MO08587_TV-wand_(2-7)_20260207_152503
2026-02-07 15:41:13.799 | INFO |   api_session_id: BOERE_MO08587_TV-wand_(2-7)_20260207_152503
2026-02-07 15:41:13.799 | INFO |   session_paused: True
2026-02-07 15:41:13.799 | INFO |   active_project (CACHED): MO08587_TV-wand_(2-7)
2026-02-07 15:41:13.799 | INFO |   active_user (CACHED): BOERE
2026-02-07 15:41:13.799 | INFO |   Session marked as resumed
2026-02-07 15:41:13.799 | INFO |   Using CACHED user: BOERE
2026-02-07 15:41:13.799 | INFO |   Using CACHED project: MO08587_TV-wand_(2-7)
2026-02-07 15:41:13.800 | INFO |   Using session_id for API: BOERE_MO08587_TV-wand_(2-7)_20260207_152503
2026-02-07 15:41:13.800 | INFO |   RESUME API data: {"session_id": "BOERE_MO08587_TV-wand_(2-7)_20260207_152503", "timestamp": "2026-02-07T15:41:13.800739", "total_pause_duration": 0, "user": "BOERE", "project": "MO08587_TV-wand_(2-7)"}
2026-02-07 15:41:13.800 | INFO |   RESUME API CALL: POST http://localhost:5001/session/resume
2026-02-07 15:41:14.826 | INFO |   RESUME API RESPONSE: 200
2026-02-07 15:41:15.851 | INFO |   SESSION_RESUME log event: {"event": "SESSION_RESUME", "user": "BOERE", "project": "MO08587_TV-wand_(2-7)", "session_id": "BOERE_MO08587_TV-wand_(2-7)_20260207_152503", "details": "Session resumed - pause duration: 0.0 minutes", "status": "BEZIG", "file_path": "C:\\BOERE\\MO08587_TV-wand_(2-7)_20260207_151231.xlsx", "timestamp": "2026-02-07T15:41:15.851808"}
2026-02-07 15:41:16.872 | INFO |   SESSION_RESUME log response: 201
2026-02-07 15:41:22.940 | INFO | _save_updated_excel: Session already exists (api=BOERE_MO08587_TV-wand_(2-7)_20260207_152503), skipping XLSX_UPDATED
2026-02-07 15:55:35.223 | INFO | ============================================================
2026-02-07 15:55:35.223 | INFO | _pause_session CALLED
2026-02-07 15:55:35.223 | INFO |   blocking: False
2026-02-07 15:55:35.223 | INFO |   current_session_id: BOERE_MO08587_TV-wand_(2-7)_20260207_152503
2026-02-07 15:55:35.223 | INFO |   api_session_id: BOERE_MO08587_TV-wand_(2-7)_20260207_152503
2026-02-07 15:55:35.223 | INFO |   session_paused: False
2026-02-07 15:55:35.223 | INFO |   active_project (CACHED): MO08587_TV-wand_(2-7)
2026-02-07 15:55:35.223 | INFO |   active_user (CACHED): BOERE
2026-02-07 15:55:35.223 | INFO |   Session marked as paused at 2026-02-07 15:55:35.223739
2026-02-07 15:55:35.223 | INFO |   Using CACHED user: BOERE
2026-02-07 15:55:35.223 | INFO |   Using CACHED project: MO08587_TV-wand_(2-7)
2026-02-07 15:55:35.223 | INFO |   Using session_id for API: BOERE_MO08587_TV-wand_(2-7)_20260207_152503
2026-02-07 15:55:35.223 | INFO |   PAUSE API data: {"session_id": "BOERE_MO08587_TV-wand_(2-7)_20260207_152503", "timestamp": "2026-02-07T15:55:35.223739", "user": "BOERE", "project": "MO08587_TV-wand_(2-7)"}
2026-02-07 15:55:35.228 | INFO |   PAUSE API CALL: POST http://localhost:5001/session/pause
2026-02-07 15:55:37.375 | INFO |   PAUSE API RESPONSE: 200
2026-02-07 15:55:37.383 | INFO |   Session pause SUCCESSFUL
2026-02-07 15:55:38.419 | INFO |   SESSION_PAUSE log event: {"event": "SESSION_PAUSE", "user": "BOERE", "project": "MO08587_TV-wand_(2-7)", "session_id": "BOERE_MO08587_TV-wand_(2-7)_20260207_152503", "details": "Session paused - panel hidden", "status": "PAUZE", "file_path": "C:\\BOERE\\MO08587_TV-wand_(2-7)_20260207_151231.xlsx", "timestamp": "2026-02-07T15:55:35.223739"}
2026-02-07 15:55:40.506 | INFO |   SESSION_PAUSE log response: 201
2026-02-07 15:55:40.506 | INFO |   PAUSE COMPLETE - _pause_complete_event SET
2026-02-07 15:55:59.549 | INFO | ============================================================
2026-02-07 15:55:59.549 | INFO | _start_session_for_excel_work CALLED
2026-02-07 15:55:59.549 | INFO |   excel_file_path: C:\BOERE\MO08587_TV-wand_(2-7)_20260207_151231.xlsx
2026-02-07 15:55:59.549 | INFO |   existing current_session_id: BOERE_MO08587_TV-wand_(2-7)_20260207_152503
2026-02-07 15:55:59.549 | INFO |   existing api_session_id: BOERE_MO08587_TV-wand_(2-7)_20260207_152503
2026-02-07 15:55:59.549 | INFO |   existing active_project: MO08587_TV-wand_(2-7)
2026-02-07 15:55:59.549 | INFO |   existing active_user: BOERE
2026-02-07 15:55:59.549 | INFO |   User source: active_user = BOERE
2026-02-07 15:55:59.572 | INFO |   Project extracted and CACHED: MO08587_TV-wand_(2-7)
2026-02-07 15:55:59.573 | INFO | ============================================================
2026-02-07 15:55:59.573 | INFO | _resume_session CALLED
2026-02-07 15:55:59.573 | INFO |   current_session_id: BOERE_MO08587_TV-wand_(2-7)_20260207_152503
2026-02-07 15:55:59.573 | INFO |   api_session_id: BOERE_MO08587_TV-wand_(2-7)_20260207_152503
2026-02-07 15:55:59.573 | INFO |   session_paused: True
2026-02-07 15:55:59.573 | INFO |   active_project (CACHED): MO08587_TV-wand_(2-7)
2026-02-07 15:55:59.573 | INFO |   active_user (CACHED): BOERE
2026-02-07 15:55:59.573 | INFO |   Session marked as resumed
2026-02-07 15:55:59.573 | INFO |   Using CACHED user: BOERE
2026-02-07 15:55:59.573 | INFO |   Using CACHED project: MO08587_TV-wand_(2-7)
2026-02-07 15:55:59.573 | INFO |   Using session_id for API: BOERE_MO08587_TV-wand_(2-7)_20260207_152503
2026-02-07 15:55:59.573 | INFO |   RESUME API data: {"session_id": "BOERE_MO08587_TV-wand_(2-7)_20260207_152503", "timestamp": "2026-02-07T15:55:59.573358", "total_pause_duration": 0, "user": "BOERE", "project": "MO08587_TV-wand_(2-7)"}
2026-02-07 15:55:59.573 | INFO |   RESUME API CALL: POST http://localhost:5001/session/resume
2026-02-07 15:56:00.598 | INFO |   RESUME API RESPONSE: 200
2026-02-07 15:56:01.624 | INFO |   SESSION_RESUME log event: {"event": "SESSION_RESUME", "user": "BOERE", "project": "MO08587_TV-wand_(2-7)", "session_id": "BOERE_MO08587_TV-wand_(2-7)_20260207_152503", "details": "Session resumed - pause duration: 0.4 minutes", "status": "BEZIG", "file_path": "C:\\BOERE\\MO08587_TV-wand_(2-7)_20260207_151231.xlsx", "timestamp": "2026-02-07T15:56:01.624708"}
2026-02-07 15:56:02.666 | INFO |   SESSION_RESUME log response: 201
2026-02-07 15:56:13.741 | INFO | ============================================================
2026-02-07 15:56:13.741 | INFO | _pause_session CALLED
2026-02-07 15:56:13.741 | INFO |   blocking: False
2026-02-07 15:56:13.741 | INFO |   current_session_id: BOERE_MO08587_TV-wand_(2-7)_20260207_152503
2026-02-07 15:56:13.741 | INFO |   api_session_id: BOERE_MO08587_TV-wand_(2-7)_20260207_152503
2026-02-07 15:56:13.741 | INFO |   session_paused: False
2026-02-07 15:56:13.741 | INFO |   active_project (CACHED): MO08587_TV-wand_(2-7)
2026-02-07 15:56:13.741 | INFO |   active_user (CACHED): BOERE
2026-02-07 15:56:13.741 | INFO |   Session marked as paused at 2026-02-07 15:56:13.741081
2026-02-07 15:56:13.741 | INFO |   Using CACHED user: BOERE
2026-02-07 15:56:13.741 | INFO |   Using CACHED project: MO08587_TV-wand_(2-7)
2026-02-07 15:56:13.741 | INFO |   Using session_id for API: BOERE_MO08587_TV-wand_(2-7)_20260207_152503
2026-02-07 15:56:13.741 | INFO |   PAUSE API data: {"session_id": "BOERE_MO08587_TV-wand_(2-7)_20260207_152503", "timestamp": "2026-02-07T15:56:13.741081", "user": "BOERE", "project": "MO08587_TV-wand_(2-7)"}
2026-02-07 15:56:13.741 | INFO |   PAUSE API CALL: POST http://localhost:5001/session/pause
2026-02-07 15:56:15.806 | INFO |   PAUSE API RESPONSE: 200
2026-02-07 15:56:15.806 | INFO |   Session pause SUCCESSFUL
2026-02-07 15:56:16.840 | INFO |   SESSION_PAUSE log event: {"event": "SESSION_PAUSE", "user": "BOERE", "project": "MO08587_TV-wand_(2-7)", "session_id": "BOERE_MO08587_TV-wand_(2-7)_20260207_152503", "details": "Session paused - panel hidden", "status": "PAUZE", "file_path": "C:\\BOERE\\MO08587_TV-wand_(2-7)_20260207_151231.xlsx", "timestamp": "2026-02-07T15:56:13.741081"}
2026-02-07 15:56:17.298 | INFO | ============================================================
2026-02-07 15:56:17.298 | INFO | _start_session_for_excel_work CALLED
2026-02-07 15:56:17.298 | INFO |   excel_file_path: C:\BOERE\MO08587_TV-wand_(2-7)_20260207_151231.xlsx
2026-02-07 15:56:17.298 | INFO |   existing current_session_id: BOERE_MO08587_TV-wand_(2-7)_20260207_152503
2026-02-07 15:56:17.298 | INFO |   existing api_session_id: BOERE_MO08587_TV-wand_(2-7)_20260207_152503
2026-02-07 15:56:17.298 | INFO |   existing active_project: MO08587_TV-wand_(2-7)
2026-02-07 15:56:17.298 | INFO |   existing active_user: BOERE
2026-02-07 15:56:17.298 | INFO |   User source: active_user = BOERE
2026-02-07 15:56:17.302 | INFO |   Project extracted and CACHED: MO08587_TV-wand_(2-7)
2026-02-07 15:56:17.302 | INFO | ============================================================
2026-02-07 15:56:17.302 | INFO | _resume_session CALLED
2026-02-07 15:56:17.302 | INFO |   current_session_id: BOERE_MO08587_TV-wand_(2-7)_20260207_152503
2026-02-07 15:56:17.302 | INFO |   api_session_id: BOERE_MO08587_TV-wand_(2-7)_20260207_152503
2026-02-07 15:56:17.302 | INFO |   session_paused: True
2026-02-07 15:56:17.302 | INFO |   active_project (CACHED): MO08587_TV-wand_(2-7)
2026-02-07 15:56:17.302 | INFO |   active_user (CACHED): BOERE
2026-02-07 15:56:18.928 | INFO |   SESSION_PAUSE log response: 201
2026-02-07 15:56:18.928 | INFO |   PAUSE COMPLETE - _pause_complete_event SET
2026-02-07 15:56:18.928 | INFO |   Session marked as resumed
2026-02-07 15:56:18.928 | INFO |   Using CACHED user: BOERE
2026-02-07 15:56:18.928 | INFO |   Using CACHED project: MO08587_TV-wand_(2-7)
2026-02-07 15:56:18.928 | INFO |   Using session_id for API: BOERE_MO08587_TV-wand_(2-7)_20260207_152503
2026-02-07 15:56:18.928 | INFO |   RESUME API data: {"session_id": "BOERE_MO08587_TV-wand_(2-7)_20260207_152503", "timestamp": "2026-02-07T15:56:18.928223", "total_pause_duration": 0, "user": "BOERE", "project": "MO08587_TV-wand_(2-7)"}
2026-02-07 15:56:18.930 | INFO |   RESUME API CALL: POST http://localhost:5001/session/resume
2026-02-07 15:56:19.952 | INFO |   RESUME API RESPONSE: 200
2026-02-07 15:56:20.974 | INFO |   SESSION_RESUME log event: {"event": "SESSION_RESUME", "user": "BOERE", "project": "MO08587_TV-wand_(2-7)", "session_id": "BOERE_MO08587_TV-wand_(2-7)_20260207_152503", "details": "Session resumed - pause duration: 0.1 minutes", "status": "BEZIG", "file_path": "C:\\BOERE\\MO08587_TV-wand_(2-7)_20260207_151231.xlsx", "timestamp": "2026-02-07T15:56:20.974380"}
2026-02-07 15:56:22.011 | INFO |   SESSION_RESUME log response: 201
2026-02-07 15:57:34.137 | INFO | ============================================================
2026-02-07 15:57:34.137 | INFO | _pause_session CALLED
2026-02-07 15:57:34.137 | INFO |   blocking: False
2026-02-07 15:57:34.137 | INFO |   current_session_id: BOERE_MO08587_TV-wand_(2-7)_20260207_152503
2026-02-07 15:57:34.137 | INFO |   api_session_id: BOERE_MO08587_TV-wand_(2-7)_20260207_152503
2026-02-07 15:57:34.137 | INFO |   session_paused: False
2026-02-07 15:57:34.137 | INFO |   active_project (CACHED): MO08587_TV-wand_(2-7)
2026-02-07 15:57:34.137 | INFO |   active_user (CACHED): BOERE
2026-02-07 15:57:34.137 | INFO |   Session marked as paused at 2026-02-07 15:57:34.137374
2026-02-07 15:57:34.137 | INFO |   Using CACHED user: BOERE
2026-02-07 15:57:34.137 | INFO |   Using CACHED project: MO08587_TV-wand_(2-7)
2026-02-07 15:57:34.137 | INFO |   Using session_id for API: BOERE_MO08587_TV-wand_(2-7)_20260207_152503
2026-02-07 15:57:34.137 | INFO |   PAUSE API data: {"session_id": "BOERE_MO08587_TV-wand_(2-7)_20260207_152503", "timestamp": "2026-02-07T15:57:34.137374", "user": "BOERE", "project": "MO08587_TV-wand_(2-7)"}
2026-02-07 15:57:34.137 | INFO |   PAUSE API CALL: POST http://localhost:5001/session/pause
2026-02-07 15:57:36.235 | INFO |   PAUSE API RESPONSE: 200
2026-02-07 15:57:36.236 | INFO |   Session pause SUCCESSFUL
2026-02-07 15:57:37.246 | INFO |   SESSION_PAUSE log event: {"event": "SESSION_PAUSE", "user": "BOERE", "project": "MO08587_TV-wand_(2-7)", "session_id": "BOERE_MO08587_TV-wand_(2-7)_20260207_152503", "details": "Session paused - panel hidden", "status": "PAUZE", "file_path": "C:\\BOERE\\MO08587_TV-wand_(2-7)_20260207_151231.xlsx", "timestamp": "2026-02-07T15:57:34.137374"}
2026-02-07 15:57:39.310 | INFO |   SESSION_PAUSE log response: 201
2026-02-07 15:57:39.310 | INFO |   PAUSE COMPLETE - _pause_complete_event SET
2026-02-07 15:57:49.866 | INFO | ============================================================
2026-02-07 15:57:49.866 | INFO | _start_session_for_excel_work CALLED
2026-02-07 15:57:49.866 | INFO |   excel_file_path: C:\OPUS\KORPUS\1114_MO08587_TV-wand_(2-7)\1114_MO08587_TV-wand_(2-7).xlsx
2026-02-07 15:57:49.866 | INFO |   existing current_session_id: BOERE_MO08587_TV-wand_(2-7)_20260207_152503
2026-02-07 15:57:49.866 | INFO |   existing api_session_id: BOERE_MO08587_TV-wand_(2-7)_20260207_152503
2026-02-07 15:57:49.866 | INFO |   existing active_project: MO08587_TV-wand_(2-7)
2026-02-07 15:57:49.866 | INFO |   existing active_user: OPUS
2026-02-07 15:57:49.866 | INFO |   User source: active_user = OPUS
2026-02-07 15:57:49.870 | INFO |   Project extracted and CACHED: MO08587_TV-wand_(2-7)
2026-02-07 15:57:49.870 | INFO |   Checking for existing session: user=OPUS, project=MO08587_TV-wand_(2-7)
2026-02-07 15:57:51.899 | INFO |   FOUND existing session from API:
2026-02-07 15:57:51.903 | INFO |     session_id: OPUS_MO08587_TV-wand_(2-7)_20260207_151553
2026-02-07 15:57:51.903 | INFO |     is_paused: True
2026-02-07 15:57:51.903 | INFO |   Session IDs synchronized: api=OPUS_MO08587_TV-wand_(2-7)_20260207_151553, local=OPUS_MO08587_TV-wand_(2-7)_20260207_151553
2026-02-07 15:57:51.903 | INFO |   Session IS paused - will call _resume_session()
2026-02-07 15:57:51.903 | INFO | ============================================================
2026-02-07 15:57:51.903 | INFO | _resume_session CALLED
2026-02-07 15:57:51.903 | INFO |   current_session_id: OPUS_MO08587_TV-wand_(2-7)_20260207_151553
2026-02-07 15:57:51.903 | INFO |   api_session_id: OPUS_MO08587_TV-wand_(2-7)_20260207_151553
2026-02-07 15:57:51.903 | INFO |   session_paused: True
2026-02-07 15:57:51.903 | INFO |   active_project (CACHED): MO08587_TV-wand_(2-7)
2026-02-07 15:57:51.903 | INFO |   active_user (CACHED): OPUS
2026-02-07 15:57:51.903 | INFO |   Session marked as resumed
2026-02-07 15:57:51.904 | INFO |   Using CACHED user: OPUS
2026-02-07 15:57:51.904 | INFO |   Using CACHED project: MO08587_TV-wand_(2-7)
2026-02-07 15:57:51.904 | INFO |   Using session_id for API: OPUS_MO08587_TV-wand_(2-7)_20260207_151553
2026-02-07 15:57:51.904 | INFO |   RESUME API data: {"session_id": "OPUS_MO08587_TV-wand_(2-7)_20260207_151553", "timestamp": "2026-02-07T15:57:51.904353", "total_pause_duration": 15.83, "user": "OPUS", "project": "MO08587_TV-wand_(2-7)"}
2026-02-07 15:57:51.904 | INFO |   RESUME API CALL: POST http://localhost:5001/session/resume
2026-02-07 15:57:52.937 | INFO |   RESUME API RESPONSE: 200
2026-02-07 15:57:53.970 | INFO |   SESSION_RESUME log event: {"event": "SESSION_RESUME", "user": "OPUS", "project": "MO08587_TV-wand_(2-7)", "session_id": "OPUS_MO08587_TV-wand_(2-7)_20260207_151553", "details": "Session resumed - pause duration: 0.0 minutes", "status": "BEZIG", "file_path": "C:\\OPUS\\KORPUS\\1114_MO08587_TV-wand_(2-7)\\1114_MO08587_TV-wand_(2-7).xlsx", "timestamp": "2026-02-07T15:57:53.970282"}
2026-02-07 15:57:55.018 | INFO |   SESSION_RESUME log response: 201
2026-02-07 16:00:26.351 | INFO | ============================================================
2026-02-07 16:00:26.351 | INFO | _pause_session CALLED
2026-02-07 16:00:26.351 | INFO |   blocking: True
2026-02-07 16:00:26.351 | INFO |   current_session_id: OPUS_MO08587_TV-wand_(2-7)_20260207_151553
2026-02-07 16:00:26.351 | INFO |   api_session_id: OPUS_MO08587_TV-wand_(2-7)_20260207_151553
2026-02-07 16:00:26.351 | INFO |   session_paused: False
2026-02-07 16:00:26.351 | INFO |   active_project (CACHED): MO08587_TV-wand_(2-7)
2026-02-07 16:00:26.351 | INFO |   active_user (CACHED): OPUS
2026-02-07 16:00:26.351 | INFO |   Session marked as paused at 2026-02-07 16:00:26.351233
2026-02-07 16:00:26.351 | INFO |   Using CACHED user: OPUS
2026-02-07 16:00:26.351 | INFO |   Using CACHED project: MO08587_TV-wand_(2-7)
2026-02-07 16:00:26.351 | INFO |   Using session_id for API: OPUS_MO08587_TV-wand_(2-7)_20260207_151553
2026-02-07 16:00:26.351 | INFO |   PAUSE API data: {"session_id": "OPUS_MO08587_TV-wand_(2-7)_20260207_151553", "timestamp": "2026-02-07T16:00:26.351233", "user": "OPUS", "project": "MO08587_TV-wand_(2-7)"}
2026-02-07 16:00:26.351 | INFO |   PAUSE API CALL: POST http://localhost:5001/session/pause
2026-02-07 16:00:28.419 | INFO |   PAUSE API RESPONSE: 200
2026-02-07 16:00:28.419 | INFO |   Session pause SUCCESSFUL
2026-02-07 16:00:29.444 | INFO |   SESSION_PAUSE log event: {"event": "SESSION_PAUSE", "user": "OPUS", "project": "MO08587_TV-wand_(2-7)", "session_id": "OPUS_MO08587_TV-wand_(2-7)_20260207_151553", "details": "Session paused - panel hidden", "status": "PAUZE", "file_path": "C:\\OPUS\\KORPUS\\1114_MO08587_TV-wand_(2-7)\\1114_MO08587_TV-wand_(2-7).xlsx", "timestamp": "2026-02-07T16:00:26.351233"}
2026-02-07 16:00:31.524 | INFO |   SESSION_PAUSE log response: 201
2026-02-07 16:00:31.524 | INFO |   PAUSE COMPLETE - _pause_complete_event SET
2026-02-07 16:00:40.532 | INFO | ================================================================================
2026-02-07 16:00:40.532 | INFO | SESSION DEBUG LOGGER INITIALIZED
2026-02-07 16:00:40.532 | INFO | ================================================================================
2026-02-07 16:00:41.723 | INFO | ScannerPanel initialized - thread sync enabled
2026-02-07 16:01:04.295 | INFO | ============================================================
2026-02-07 16:01:04.295 | INFO | _start_session_for_excel_work CALLED
2026-02-07 16:01:04.295 | INFO |   excel_file_path: C:\OPUS\KORPUS\1114_MO08587_TV-wand_(2-7)\1114_MO08587_TV-wand_(2-7).xlsx
2026-02-07 16:01:04.295 | INFO |   existing current_session_id: None
2026-02-07 16:01:04.295 | INFO |   existing api_session_id: None
2026-02-07 16:01:04.295 | INFO |   existing active_project: None
2026-02-07 16:01:04.295 | INFO |   existing active_user: OPUS
2026-02-07 16:01:04.295 | INFO |   User source: active_user = OPUS
2026-02-07 16:01:04.295 | INFO |   Project extracted and CACHED: MO08587_TV-wand_(2-7)
2026-02-07 16:01:04.295 | INFO |   Checking for existing session: user=OPUS, project=MO08587_TV-wand_(2-7)
2026-02-07 16:01:06.308 | INFO |   FOUND existing session from API:
2026-02-07 16:01:06.308 | INFO |     session_id: OPUS_MO08587_TV-wand_(2-7)_20260207_151553
2026-02-07 16:01:06.308 | INFO |     is_paused: True
2026-02-07 16:01:06.308 | INFO |   Session IDs synchronized: api=OPUS_MO08587_TV-wand_(2-7)_20260207_151553, local=OPUS_MO08587_TV-wand_(2-7)_20260207_151553
2026-02-07 16:01:06.308 | INFO |   Session IS paused - will call _resume_session()
2026-02-07 16:01:06.308 | INFO | ============================================================
2026-02-07 16:01:06.308 | INFO | _resume_session CALLED
2026-02-07 16:01:06.308 | INFO |   current_session_id: OPUS_MO08587_TV-wand_(2-7)_20260207_151553
2026-02-07 16:01:06.308 | INFO |   api_session_id: OPUS_MO08587_TV-wand_(2-7)_20260207_151553
2026-02-07 16:01:06.308 | INFO |   session_paused: True
2026-02-07 16:01:06.308 | INFO |   active_project (CACHED): MO08587_TV-wand_(2-7)
2026-02-07 16:01:06.308 | INFO |   active_user (CACHED): OPUS
2026-02-07 16:01:06.308 | INFO |   Session marked as resumed
2026-02-07 16:01:06.308 | INFO |   Using CACHED user: OPUS
2026-02-07 16:01:06.308 | INFO |   Using CACHED project: MO08587_TV-wand_(2-7)
2026-02-07 16:01:06.308 | INFO |   Using session_id for API: OPUS_MO08587_TV-wand_(2-7)_20260207_151553
2026-02-07 16:01:06.308 | INFO |   RESUME API data: {"session_id": "OPUS_MO08587_TV-wand_(2-7)_20260207_151553", "timestamp": "2026-02-07T16:01:06.308499", "total_pause_duration": 33.14, "user": "OPUS", "project": "MO08587_TV-wand_(2-7)"}
2026-02-07 16:01:06.308 | INFO |   RESUME API CALL: POST http://localhost:5001/session/resume
2026-02-07 16:01:07.340 | INFO |   RESUME API RESPONSE: 200
2026-02-07 16:01:08.357 | INFO |   SESSION_RESUME log event: {"event": "SESSION_RESUME", "user": "OPUS", "project": "MO08587_TV-wand_(2-7)", "session_id": "OPUS_MO08587_TV-wand_(2-7)_20260207_151553", "details": "Session resumed - pause duration: 0.0 minutes", "status": "BEZIG", "file_path": "C:\\OPUS\\KORPUS\\1114_MO08587_TV-wand_(2-7)\\1114_MO08587_TV-wand_(2-7).xlsx", "timestamp": "2026-02-07T16:01:08.357530"}
2026-02-07 16:01:09.401 | INFO |   SESSION_RESUME log response: 201
2026-02-07 16:01:12.114 | INFO | _save_updated_excel: Session already exists (api=OPUS_MO08587_TV-wand_(2-7)_20260207_151553), skipping XLSX_UPDATED
2026-02-07 16:01:21.185 | INFO | ============================================================
2026-02-07 16:01:21.185 | INFO | _pause_session CALLED
2026-02-07 16:01:21.185 | INFO |   blocking: False
2026-02-07 16:01:21.185 | INFO |   current_session_id: OPUS_MO08587_TV-wand_(2-7)_20260207_151553
2026-02-07 16:01:21.185 | INFO |   api_session_id: OPUS_MO08587_TV-wand_(2-7)_20260207_151553
2026-02-07 16:01:21.185 | INFO |   session_paused: False
2026-02-07 16:01:21.185 | INFO |   active_project (CACHED): MO08587_TV-wand_(2-7)
2026-02-07 16:01:21.185 | INFO |   active_user (CACHED): OPUS
2026-02-07 16:01:21.185 | INFO |   Session marked as paused at 2026-02-07 16:01:21.185127
2026-02-07 16:01:21.185 | INFO |   Using CACHED user: OPUS
2026-02-07 16:01:21.185 | INFO |   Using CACHED project: MO08587_TV-wand_(2-7)
2026-02-07 16:01:21.191 | INFO |   Using session_id for API: OPUS_MO08587_TV-wand_(2-7)_20260207_151553
2026-02-07 16:01:21.191 | INFO |   PAUSE API data: {"session_id": "OPUS_MO08587_TV-wand_(2-7)_20260207_151553", "timestamp": "2026-02-07T16:01:21.185127", "user": "OPUS", "project": "MO08587_TV-wand_(2-7)"}
2026-02-07 16:01:21.191 | INFO |   PAUSE API CALL: POST http://localhost:5001/session/pause
2026-02-07 16:01:23.257 | INFO |   PAUSE API RESPONSE: 200
2026-02-07 16:01:23.257 | INFO |   Session pause SUCCESSFUL
2026-02-07 16:01:24.291 | INFO |   SESSION_PAUSE log event: {"event": "SESSION_PAUSE", "user": "OPUS", "project": "MO08587_TV-wand_(2-7)", "session_id": "OPUS_MO08587_TV-wand_(2-7)_20260207_151553", "details": "Session paused - panel hidden", "status": "PAUZE", "file_path": "C:\\OPUS\\KORPUS\\1114_MO08587_TV-wand_(2-7)\\1114_MO08587_TV-wand_(2-7).xlsx", "timestamp": "2026-02-07T16:01:21.185127"}
2026-02-07 16:01:25.422 | INFO | ============================================================
2026-02-07 16:01:25.422 | INFO | _start_session_for_excel_work CALLED
2026-02-07 16:01:25.422 | INFO |   excel_file_path: C:\OPUS\KORPUS\1114_MO08587_TV-wand_(2-7)\1114_MO08587_TV-wand_(2-7).xlsx
2026-02-07 16:01:25.422 | INFO |   existing current_session_id: OPUS_MO08587_TV-wand_(2-7)_20260207_151553
2026-02-07 16:01:25.422 | INFO |   existing api_session_id: OPUS_MO08587_TV-wand_(2-7)_20260207_151553
2026-02-07 16:01:25.422 | INFO |   existing active_project: MO08587_TV-wand_(2-7)
2026-02-07 16:01:25.422 | INFO |   existing active_user: OPUS
2026-02-07 16:01:25.422 | INFO |   User source: active_user = OPUS
2026-02-07 16:01:25.427 | INFO |   Project extracted and CACHED: MO08587_TV-wand_(2-7)
2026-02-07 16:01:25.427 | INFO | ============================================================
2026-02-07 16:01:25.427 | INFO | _resume_session CALLED
2026-02-07 16:01:25.427 | INFO |   current_session_id: OPUS_MO08587_TV-wand_(2-7)_20260207_151553
2026-02-07 16:01:25.427 | INFO |   api_session_id: OPUS_MO08587_TV-wand_(2-7)_20260207_151553
2026-02-07 16:01:25.427 | INFO |   session_paused: True
2026-02-07 16:01:25.427 | INFO |   active_project (CACHED): MO08587_TV-wand_(2-7)
2026-02-07 16:01:25.427 | INFO |   active_user (CACHED): OPUS
2026-02-07 16:01:26.373 | INFO |   SESSION_PAUSE log response: 201
2026-02-07 16:01:26.373 | INFO |   PAUSE COMPLETE - _pause_complete_event SET
2026-02-07 16:01:26.373 | INFO |   Session marked as resumed
2026-02-07 16:01:26.373 | INFO |   Using CACHED user: OPUS
2026-02-07 16:01:26.373 | INFO |   Using CACHED project: MO08587_TV-wand_(2-7)
2026-02-07 16:01:26.377 | INFO |   Using session_id for API: OPUS_MO08587_TV-wand_(2-7)_20260207_151553
2026-02-07 16:01:26.377 | INFO |   RESUME API data: {"session_id": "OPUS_MO08587_TV-wand_(2-7)_20260207_151553", "timestamp": "2026-02-07T16:01:26.377856", "total_pause_duration": 33.14, "user": "OPUS", "project": "MO08587_TV-wand_(2-7)"}
2026-02-07 16:01:26.377 | INFO |   RESUME API CALL: POST http://localhost:5001/session/resume
2026-02-07 16:01:27.410 | INFO |   RESUME API RESPONSE: 200
2026-02-07 16:01:28.418 | INFO |   SESSION_RESUME log event: {"event": "SESSION_RESUME", "user": "OPUS", "project": "MO08587_TV-wand_(2-7)", "session_id": "OPUS_MO08587_TV-wand_(2-7)_20260207_151553", "details": "Session resumed - pause duration: 0.1 minutes", "status": "BEZIG", "file_path": "C:\\OPUS\\KORPUS\\1114_MO08587_TV-wand_(2-7)\\1114_MO08587_TV-wand_(2-7).xlsx", "timestamp": "2026-02-07T16:01:28.418454"}
2026-02-07 16:01:29.474 | INFO |   SESSION_RESUME log response: 201
2026-02-07 16:02:50.803 | INFO | ============================================================
2026-02-07 16:02:50.803 | INFO | _pause_session CALLED
2026-02-07 16:02:50.803 | INFO |   blocking: False
2026-02-07 16:02:50.803 | INFO |   current_session_id: OPUS_MO08587_TV-wand_(2-7)_20260207_151553
2026-02-07 16:02:50.803 | INFO |   api_session_id: OPUS_MO08587_TV-wand_(2-7)_20260207_151553
2026-02-07 16:02:50.803 | INFO |   session_paused: False
2026-02-07 16:02:50.803 | INFO |   active_project (CACHED): MO08587_TV-wand_(2-7)
2026-02-07 16:02:50.803 | INFO |   active_user (CACHED): OPUS
2026-02-07 16:02:50.803 | INFO |   Session marked as paused at 2026-02-07 16:02:50.803248
2026-02-07 16:02:50.803 | INFO |   Using CACHED user: OPUS
2026-02-07 16:02:50.803 | INFO |   Using CACHED project: MO08587_TV-wand_(2-7)
2026-02-07 16:02:50.803 | INFO |   Using session_id for API: OPUS_MO08587_TV-wand_(2-7)_20260207_151553
2026-02-07 16:02:50.803 | INFO |   PAUSE API data: {"session_id": "OPUS_MO08587_TV-wand_(2-7)_20260207_151553", "timestamp": "2026-02-07T16:02:50.803248", "user": "OPUS", "project": "MO08587_TV-wand_(2-7)"}
2026-02-07 16:02:50.803 | INFO |   PAUSE API CALL: POST http://localhost:5001/session/pause
2026-02-07 16:02:52.877 | INFO |   PAUSE API RESPONSE: 200
2026-02-07 16:02:52.877 | INFO |   Session pause SUCCESSFUL
2026-02-07 16:03:00.528 | INFO | ================================================================================
2026-02-07 16:03:00.528 | INFO | SESSION DEBUG LOGGER INITIALIZED
2026-02-07 16:03:00.528 | INFO | ================================================================================
2026-02-07 16:03:00.985 | INFO | ScannerPanel initialized - thread sync enabled
2026-02-07 16:04:16.641 | INFO | ============================================================
2026-02-07 16:04:16.642 | INFO | _start_session_for_excel_work CALLED
2026-02-07 16:04:16.642 | INFO |   excel_file_path: C:\OPUS\KORPUS\1114_MO08587_TV-wand_(2-7)\1114_MO08587_TV-wand_(2-7).xlsx
2026-02-07 16:04:16.642 | INFO |   existing current_session_id: None
2026-02-07 16:04:16.642 | INFO |   existing api_session_id: None
2026-02-07 16:04:16.642 | INFO |   existing active_project: None
2026-02-07 16:04:16.642 | INFO |   existing active_user: OPUS
2026-02-07 16:04:16.642 | INFO |   User source: active_user = OPUS
2026-02-07 16:04:16.642 | INFO |   Project extracted and CACHED: MO08587_TV-wand_(2-7)
2026-02-07 16:04:16.642 | INFO |   Checking for existing session: user=OPUS, project=MO08587_TV-wand_(2-7)
2026-02-07 16:04:18.672 | INFO |   FOUND existing session from API:
2026-02-07 16:04:18.672 | INFO |     session_id: OPUS_MO08587_TV-wand_(2-7)_20260207_151553
2026-02-07 16:04:18.672 | INFO |     is_paused: True
2026-02-07 16:04:18.672 | INFO |   Session IDs synchronized: api=OPUS_MO08587_TV-wand_(2-7)_20260207_151553, local=OPUS_MO08587_TV-wand_(2-7)_20260207_151553
2026-02-07 16:04:18.672 | INFO |   Session IS paused - will call _resume_session()
2026-02-07 16:04:18.672 | INFO | ============================================================
2026-02-07 16:04:18.672 | INFO | _resume_session CALLED
2026-02-07 16:04:18.672 | INFO |   current_session_id: OPUS_MO08587_TV-wand_(2-7)_20260207_151553
2026-02-07 16:04:18.672 | INFO |   api_session_id: OPUS_MO08587_TV-wand_(2-7)_20260207_151553
2026-02-07 16:04:18.672 | INFO |   session_paused: True
2026-02-07 16:04:18.672 | INFO |   active_project (CACHED): MO08587_TV-wand_(2-7)
2026-02-07 16:04:18.672 | INFO |   active_user (CACHED): OPUS
2026-02-07 16:04:18.672 | INFO |   Session marked as resumed
2026-02-07 16:04:18.672 | INFO |   Using CACHED user: OPUS
2026-02-07 16:04:18.672 | INFO |   Using CACHED project: MO08587_TV-wand_(2-7)
2026-02-07 16:04:18.672 | INFO |   Using session_id for API: OPUS_MO08587_TV-wand_(2-7)_20260207_151553
2026-02-07 16:04:18.672 | INFO |   RESUME API data: {"session_id": "OPUS_MO08587_TV-wand_(2-7)_20260207_151553", "timestamp": "2026-02-07T16:04:18.672457", "total_pause_duration": 33.900000000000006, "user": "OPUS", "project": "MO08587_TV-wand_(2-7)"}
2026-02-07 16:04:18.672 | INFO |   RESUME API CALL: POST http://localhost:5001/session/resume
2026-02-07 16:04:19.698 | INFO |   RESUME API RESPONSE: 200
2026-02-07 16:04:20.714 | INFO |   SESSION_RESUME log event: {"event": "SESSION_RESUME", "user": "OPUS", "project": "MO08587_TV-wand_(2-7)", "session_id": "OPUS_MO08587_TV-wand_(2-7)_20260207_151553", "details": "Session resumed - pause duration: 0.0 minutes", "status": "BEZIG", "file_path": "C:\\OPUS\\KORPUS\\1114_MO08587_TV-wand_(2-7)\\1114_MO08587_TV-wand_(2-7).xlsx", "timestamp": "2026-02-07T16:04:20.714274"}
2026-02-07 16:04:21.757 | INFO |   SESSION_RESUME log response: 201
2026-02-07 16:04:25.098 | INFO | ============================================================
2026-02-07 16:04:25.098 | INFO | _pause_session CALLED
2026-02-07 16:04:25.098 | INFO |   blocking: False
2026-02-07 16:04:25.098 | INFO |   current_session_id: OPUS_MO08587_TV-wand_(2-7)_20260207_151553
2026-02-07 16:04:25.098 | INFO |   api_session_id: OPUS_MO08587_TV-wand_(2-7)_20260207_151553
2026-02-07 16:04:25.098 | INFO |   session_paused: False
2026-02-07 16:04:25.098 | INFO |   active_project (CACHED): MO08587_TV-wand_(2-7)
2026-02-07 16:04:25.098 | INFO |   active_user (CACHED): OPUS
2026-02-07 16:04:25.098 | INFO |   Session marked as paused at 2026-02-07 16:04:25.098061
2026-02-07 16:04:25.098 | INFO |   Using CACHED user: OPUS
2026-02-07 16:04:25.098 | INFO |   Using CACHED project: MO08587_TV-wand_(2-7)
2026-02-07 16:04:25.099 | INFO |   Using session_id for API: OPUS_MO08587_TV-wand_(2-7)_20260207_151553
2026-02-07 16:04:25.099 | INFO |   PAUSE API data: {"session_id": "OPUS_MO08587_TV-wand_(2-7)_20260207_151553", "timestamp": "2026-02-07T16:04:25.098061", "user": "OPUS", "project": "MO08587_TV-wand_(2-7)"}
2026-02-07 16:04:25.100 | INFO |   PAUSE API CALL: POST http://localhost:5001/session/pause
2026-02-07 16:04:27.199 | INFO |   PAUSE API RESPONSE: 200
2026-02-07 16:04:27.199 | INFO |   Session pause SUCCESSFUL
2026-02-07 16:04:28.231 | INFO |   SESSION_PAUSE log event: {"event": "SESSION_PAUSE", "user": "OPUS", "project": "MO08587_TV-wand_(2-7)", "session_id": "OPUS_MO08587_TV-wand_(2-7)_20260207_151553", "details": "Session paused - panel hidden", "status": "PAUZE", "file_path": "C:\\OPUS\\KORPUS\\1114_MO08587_TV-wand_(2-7)\\1114_MO08587_TV-wand_(2-7).xlsx", "timestamp": "2026-02-07T16:04:25.098061"}
2026-02-07 16:04:30.318 | INFO |   SESSION_PAUSE log response: 201
2026-02-07 16:04:30.318 | INFO |   PAUSE COMPLETE - _pause_complete_event SET
2026-02-07 16:04:40.785 | INFO | ============================================================
2026-02-07 16:04:40.785 | INFO | _start_session_for_excel_work CALLED
2026-02-07 16:04:40.785 | INFO |   excel_file_path: C:\OPUS\KORPUS\1114_MO08587_TV-wand_(2-7)\1114_MO08587_TV-wand_(2-7).xlsx
2026-02-07 16:04:40.785 | INFO |   existing current_session_id: OPUS_MO08587_TV-wand_(2-7)_20260207_151553
2026-02-07 16:04:40.785 | INFO |   existing api_session_id: OPUS_MO08587_TV-wand_(2-7)_20260207_151553
2026-02-07 16:04:40.785 | INFO |   existing active_project: MO08587_TV-wand_(2-7)
2026-02-07 16:04:40.785 | INFO |   existing active_user: OPUS
2026-02-07 16:04:40.785 | INFO |   User source: active_user = OPUS
2026-02-07 16:04:40.785 | INFO |   Project extracted and CACHED: MO08587_TV-wand_(2-7)
2026-02-07 16:04:40.785 | INFO | ============================================================
2026-02-07 16:04:40.785 | INFO | _resume_session CALLED
2026-02-07 16:04:40.785 | INFO |   current_session_id: OPUS_MO08587_TV-wand_(2-7)_20260207_151553
2026-02-07 16:04:40.785 | INFO |   api_session_id: OPUS_MO08587_TV-wand_(2-7)_20260207_151553
2026-02-07 16:04:40.785 | INFO |   session_paused: True
2026-02-07 16:04:40.785 | INFO |   active_project (CACHED): MO08587_TV-wand_(2-7)
2026-02-07 16:04:40.785 | INFO |   active_user (CACHED): OPUS
2026-02-07 16:04:40.785 | INFO |   Session marked as resumed
2026-02-07 16:04:40.785 | INFO |   Using CACHED user: OPUS
2026-02-07 16:04:40.785 | INFO |   Using CACHED project: MO08587_TV-wand_(2-7)
2026-02-07 16:04:40.785 | INFO |   Using session_id for API: OPUS_MO08587_TV-wand_(2-7)_20260207_151553
2026-02-07 16:04:40.790 | INFO |   RESUME API data: {"session_id": "OPUS_MO08587_TV-wand_(2-7)_20260207_151553", "timestamp": "2026-02-07T16:04:40.790888", "total_pause_duration": 33.900000000000006, "user": "OPUS", "project": "MO08587_TV-wand_(2-7)"}
2026-02-07 16:04:40.790 | INFO |   RESUME API CALL: POST http://localhost:5001/session/resume
2026-02-07 16:04:41.822 | INFO |   RESUME API RESPONSE: 200
2026-02-07 16:04:42.853 | INFO |   SESSION_RESUME log event: {"event": "SESSION_RESUME", "user": "OPUS", "project": "MO08587_TV-wand_(2-7)", "session_id": "OPUS_MO08587_TV-wand_(2-7)_20260207_151553", "details": "Session resumed - pause duration: 0.3 minutes", "status": "BEZIG", "file_path": "C:\\OPUS\\KORPUS\\1114_MO08587_TV-wand_(2-7)\\1114_MO08587_TV-wand_(2-7).xlsx", "timestamp": "2026-02-07T16:04:42.853788"}
2026-02-07 16:04:43.902 | INFO |   SESSION_RESUME log response: 201
2026-02-07 16:05:04.673 | INFO | ============================================================
2026-02-07 16:05:04.673 | INFO | _pause_session CALLED
2026-02-07 16:05:04.673 | INFO |   blocking: False
2026-02-07 16:05:04.673 | INFO |   current_session_id: OPUS_MO08587_TV-wand_(2-7)_20260207_151553
2026-02-07 16:05:04.673 | INFO |   api_session_id: OPUS_MO08587_TV-wand_(2-7)_20260207_151553
2026-02-07 16:05:04.673 | INFO |   session_paused: False
2026-02-07 16:05:04.673 | INFO |   active_project (CACHED): MO08587_TV-wand_(2-7)
2026-02-07 16:05:04.673 | INFO |   active_user (CACHED): OPUS
2026-02-07 16:05:04.673 | INFO |   Session marked as paused at 2026-02-07 16:05:04.673683
2026-02-07 16:05:04.673 | INFO |   Using CACHED user: OPUS
2026-02-07 16:05:04.674 | INFO |   Using CACHED project: MO08587_TV-wand_(2-7)
2026-02-07 16:05:04.674 | INFO |   Using session_id for API: OPUS_MO08587_TV-wand_(2-7)_20260207_151553
2026-02-07 16:05:04.674 | INFO |   PAUSE API data: {"session_id": "OPUS_MO08587_TV-wand_(2-7)_20260207_151553", "timestamp": "2026-02-07T16:05:04.673683", "user": "OPUS", "project": "MO08587_TV-wand_(2-7)"}
2026-02-07 16:05:04.674 | INFO |   PAUSE API CALL: POST http://localhost:5001/session/pause
2026-02-07 16:05:06.761 | INFO |   PAUSE API RESPONSE: 200
2026-02-07 16:05:06.762 | INFO |   Session pause SUCCESSFUL
2026-02-07 16:05:07.782 | INFO |   SESSION_PAUSE log event: {"event": "SESSION_PAUSE", "user": "OPUS", "project": "MO08587_TV-wand_(2-7)", "session_id": "OPUS_MO08587_TV-wand_(2-7)_20260207_151553", "details": "Session paused - panel hidden", "status": "PAUZE", "file_path": "C:\\OPUS\\KORPUS\\1114_MO08587_TV-wand_(2-7)\\1114_MO08587_TV-wand_(2-7).xlsx", "timestamp": "2026-02-07T16:05:04.673683"}
2026-02-07 16:05:09.846 | INFO |   SESSION_PAUSE log response: 201
2026-02-07 16:05:09.848 | INFO |   PAUSE COMPLETE - _pause_complete_event SET
2026-02-07 19:54:28.841 | INFO | ============================================================
2026-02-07 19:54:28.841 | INFO | _start_session_for_excel_work CALLED
2026-02-07 19:54:28.841 | INFO |   excel_file_path: C:\OPUS\KORPUS\1114_MO08587_TV-wand_(2-7)\1114_MO08587_TV-wand_(2-7).xlsx
2026-02-07 19:54:28.841 | INFO |   existing current_session_id: OPUS_MO08587_TV-wand_(2-7)_20260207_151553
2026-02-07 19:54:28.841 | INFO |   existing api_session_id: OPUS_MO08587_TV-wand_(2-7)_20260207_151553
2026-02-07 19:54:28.841 | INFO |   existing active_project: MO08587_TV-wand_(2-7)
2026-02-07 19:54:28.841 | INFO |   existing active_user: OPUS
2026-02-07 19:54:28.841 | INFO |   User source: active_user = OPUS
2026-02-07 19:54:28.848 | INFO |   Project extracted and CACHED: MO08587_TV-wand_(2-7)
2026-02-07 19:54:28.848 | INFO | ============================================================
2026-02-07 19:54:28.848 | INFO | _resume_session CALLED
2026-02-07 19:54:28.848 | INFO |   current_session_id: OPUS_MO08587_TV-wand_(2-7)_20260207_151553
2026-02-07 19:54:28.848 | INFO |   api_session_id: OPUS_MO08587_TV-wand_(2-7)_20260207_151553
2026-02-07 19:54:28.848 | INFO |   session_paused: True
2026-02-07 19:54:28.848 | INFO |   active_project (CACHED): MO08587_TV-wand_(2-7)
2026-02-07 19:54:28.848 | INFO |   active_user (CACHED): OPUS
2026-02-07 19:54:28.848 | INFO |   Session marked as resumed
2026-02-07 19:54:28.848 | INFO |   Using CACHED user: OPUS
2026-02-07 19:54:28.848 | INFO |   Using CACHED project: MO08587_TV-wand_(2-7)
2026-02-07 19:54:28.858 | INFO |   Using session_id for API: OPUS_MO08587_TV-wand_(2-7)_20260207_151553
2026-02-07 19:54:28.858 | INFO |   RESUME API data: {"session_id": "OPUS_MO08587_TV-wand_(2-7)_20260207_151553", "timestamp": "2026-02-07T19:54:28.858992", "total_pause_duration": 33.900000000000006, "user": "OPUS", "project": "MO08587_TV-wand_(2-7)"}
2026-02-07 19:54:28.858 | INFO |   RESUME API CALL: POST http://localhost:5001/session/resume
2026-02-07 19:54:29.889 | INFO |   RESUME API RESPONSE: 200
2026-02-07 19:54:30.896 | INFO |   SESSION_RESUME log event: {"event": "SESSION_RESUME", "user": "OPUS", "project": "MO08587_TV-wand_(2-7)", "session_id": "OPUS_MO08587_TV-wand_(2-7)_20260207_151553", "details": "Session resumed - pause duration: 229.4 minutes", "status": "BEZIG", "file_path": "C:\\OPUS\\KORPUS\\1114_MO08587_TV-wand_(2-7)\\1114_MO08587_TV-wand_(2-7).xlsx", "timestamp": "2026-02-07T19:54:30.896502"}
2026-02-07 19:54:31.931 | INFO |   SESSION_RESUME log response: 201
2026-02-07 19:57:45.088 | INFO | ============================================================
2026-02-07 19:57:45.088 | INFO | _pause_session CALLED
2026-02-07 19:57:45.098 | INFO |   blocking: True
2026-02-07 19:57:45.098 | INFO |   current_session_id: OPUS_MO08587_TV-wand_(2-7)_20260207_151553
2026-02-07 19:57:45.098 | INFO |   api_session_id: OPUS_MO08587_TV-wand_(2-7)_20260207_151553
2026-02-07 19:57:45.098 | INFO |   session_paused: False
2026-02-07 19:57:45.098 | INFO |   active_project (CACHED): MO08587_TV-wand_(2-7)
2026-02-07 19:57:45.098 | INFO |   active_user (CACHED): OPUS
2026-02-07 19:57:45.098 | INFO |   Session marked as paused at 2026-02-07 19:57:45.098203
2026-02-07 19:57:45.098 | INFO |   Using CACHED user: OPUS
2026-02-07 19:57:45.098 | INFO |   Using CACHED project: MO08587_TV-wand_(2-7)
2026-02-07 19:57:45.099 | INFO |   Using session_id for API: OPUS_MO08587_TV-wand_(2-7)_20260207_151553
2026-02-07 19:57:45.099 | INFO |   PAUSE API data: {"session_id": "OPUS_MO08587_TV-wand_(2-7)_20260207_151553", "timestamp": "2026-02-07T19:57:45.098203", "user": "OPUS", "project": "MO08587_TV-wand_(2-7)"}
2026-02-07 19:57:45.099 | INFO |   PAUSE API CALL: POST http://localhost:5001/session/pause
2026-02-07 19:57:47.166 | INFO |   PAUSE API RESPONSE: 200
2026-02-07 19:57:47.166 | INFO |   Session pause SUCCESSFUL
2026-02-07 19:57:48.199 | INFO |   SESSION_PAUSE log event: {"event": "SESSION_PAUSE", "user": "OPUS", "project": "MO08587_TV-wand_(2-7)", "session_id": "OPUS_MO08587_TV-wand_(2-7)_20260207_151553", "details": "Session paused - panel hidden", "status": "PAUZE", "file_path": "C:\\OPUS\\KORPUS\\1114_MO08587_TV-wand_(2-7)\\1114_MO08587_TV-wand_(2-7).xlsx", "timestamp": "2026-02-07T19:57:45.098203"}
2026-02-07 19:57:50.262 | INFO |   SESSION_PAUSE log response: 201
2026-02-07 19:57:50.262 | INFO |   PAUSE COMPLETE - _pause_complete_event SET
2026-02-07 20:14:15.440 | INFO | ================================================================================
2026-02-07 20:14:15.440 | INFO | SESSION DEBUG LOGGER INITIALIZED
2026-02-07 20:14:15.440 | INFO | ================================================================================
2026-02-07 20:14:16.915 | INFO | ScannerPanel initialized - thread sync enabled
2026-02-07 20:32:05.212 | INFO | ================================================================================
2026-02-07 20:32:05.212 | INFO | SESSION DEBUG LOGGER INITIALIZED
2026-02-07 20:32:05.212 | INFO | ================================================================================
2026-02-07 20:32:05.657 | INFO | ScannerPanel initialized - thread sync enabled
2026-02-07 20:32:36.504 | INFO | ================================================================================
2026-02-07 20:32:36.504 | INFO | SESSION DEBUG LOGGER INITIALIZED
2026-02-07 20:32:36.504 | INFO | ================================================================================
2026-02-07 20:32:36.945 | INFO | ScannerPanel initialized - thread sync enabled
2026-02-07 20:32:40.615 | INFO | ScannerPanel initialized - thread sync enabled
2026-02-07 20:37:38.235 | INFO | ================================================================================
2026-02-07 20:37:38.235 | INFO | SESSION DEBUG LOGGER INITIALIZED
2026-02-07 20:37:38.235 | INFO | ================================================================================
2026-02-07 20:37:38.695 | INFO | ScannerPanel initialized - thread sync enabled
2026-02-07 20:42:29.845 | INFO | ================================================================================
2026-02-07 20:42:29.845 | INFO | SESSION DEBUG LOGGER INITIALIZED
2026-02-07 20:42:29.845 | INFO | ================================================================================
2026-02-07 20:42:30.310 | INFO | ScannerPanel initialized - thread sync enabled
2026-02-07 20:48:29.396 | INFO | ================================================================================
2026-02-07 20:48:29.396 | INFO | SESSION DEBUG LOGGER INITIALIZED
2026-02-07 20:48:29.396 | INFO | ================================================================================
2026-02-07 20:48:29.849 | INFO | ScannerPanel initialized - thread sync enabled
2026-02-07 20:57:46.564 | INFO | ================================================================================
2026-02-07 20:57:46.564 | INFO | SESSION DEBUG LOGGER INITIALIZED
2026-02-07 20:57:46.564 | INFO | ================================================================================
2026-02-07 20:57:47.016 | INFO | ScannerPanel initialized - thread sync enabled
2026-02-07 21:19:33.318 | INFO | ================================================================================
2026-02-07 21:19:33.320 | INFO | SESSION DEBUG LOGGER INITIALIZED
2026-02-07 21:19:33.320 | INFO | ================================================================================
2026-02-07 21:19:33.774 | INFO | ScannerPanel initialized - thread sync enabled
2026-02-07 21:31:54.231 | INFO | ================================================================================
2026-02-07 21:31:54.231 | INFO | SESSION DEBUG LOGGER INITIALIZED
2026-02-07 21:31:54.231 | INFO | ================================================================================
2026-02-07 21:31:54.691 | INFO | ScannerPanel initialized - thread sync enabled
2026-02-07 21:38:06.411 | INFO | ================================================================================
2026-02-07 21:38:06.411 | INFO | SESSION DEBUG LOGGER INITIALIZED
2026-02-07 21:38:06.411 | INFO | ================================================================================
2026-02-07 21:38:06.861 | INFO | ScannerPanel initialized - thread sync enabled
2026-02-09 08:20:29.243 | INFO | ================================================================================
2026-02-09 08:20:29.243 | INFO | SESSION DEBUG LOGGER INITIALIZED
2026-02-09 08:20:29.243 | INFO | ================================================================================
2026-02-09 08:20:30.542 | INFO | ScannerPanel initialized - thread sync enabled
2026-02-09 08:21:37.747 | INFO | ============================================================
2026-02-09 08:21:37.747 | INFO | _start_session_for_excel_work CALLED
2026-02-09 08:21:37.747 | INFO |   excel_file_path: C:\BOERE\MO08587_TV-wand_(2-7)_20260207_151231.xlsx
2026-02-09 08:21:37.747 | INFO |   existing current_session_id: None
2026-02-09 08:21:37.747 | INFO |   existing api_session_id: None
2026-02-09 08:21:37.747 | INFO |   existing active_project: None
2026-02-09 08:21:37.747 | INFO |   existing active_user: BOERE
2026-02-09 08:21:37.747 | INFO |   User source: active_user = BOERE
2026-02-09 08:21:37.773 | INFO |   Project extracted and CACHED: MO08587_TV-wand_(2-7)
2026-02-09 08:21:37.773 | INFO |   Checking for existing session: user=BOERE, project=MO08587_TV-wand_(2-7)
2026-02-09 08:21:39.800 | INFO |   FOUND existing session from API:
2026-02-09 08:21:39.800 | INFO |     session_id: BOERE_MO08587_TV-wand_(2-7)_20260207_152503
2026-02-09 08:21:39.800 | INFO |     is_paused: True
2026-02-09 08:21:39.800 | INFO |   Session IDs synchronized: api=BOERE_MO08587_TV-wand_(2-7)_20260207_152503, local=BOERE_MO08587_TV-wand_(2-7)_20260207_152503
2026-02-09 08:21:39.800 | INFO |   Session IS paused - will call _resume_session()
2026-02-09 08:21:39.800 | INFO | ============================================================
2026-02-09 08:21:39.800 | INFO | _resume_session CALLED
2026-02-09 08:21:39.800 | INFO |   current_session_id: BOERE_MO08587_TV-wand_(2-7)_20260207_152503
2026-02-09 08:21:39.800 | INFO |   api_session_id: BOERE_MO08587_TV-wand_(2-7)_20260207_152503
2026-02-09 08:21:39.800 | INFO |   session_paused: True
2026-02-09 08:21:39.800 | INFO |   active_project (CACHED): MO08587_TV-wand_(2-7)
2026-02-09 08:21:39.800 | INFO |   active_user (CACHED): BOERE
2026-02-09 08:21:39.800 | INFO |   Session marked as resumed
2026-02-09 08:21:39.800 | INFO |   Using CACHED user: BOERE
2026-02-09 08:21:39.800 | INFO |   Using CACHED project: MO08587_TV-wand_(2-7)
2026-02-09 08:21:39.800 | INFO |   Using session_id for API: BOERE_MO08587_TV-wand_(2-7)_20260207_152503
2026-02-09 08:21:39.800 | INFO |   RESUME API data: {"session_id": "BOERE_MO08587_TV-wand_(2-7)_20260207_152503", "timestamp": "2026-02-09T08:21:39.800253", "total_pause_duration": 2.28, "user": "BOERE", "project": "MO08587_TV-wand_(2-7)"}
2026-02-09 08:21:39.800 | INFO |   RESUME API CALL: POST http://localhost:5001/session/resume
2026-02-09 08:21:40.854 | INFO |   RESUME API RESPONSE: 200
2026-02-09 08:21:41.878 | INFO |   SESSION_RESUME log event: {"event": "SESSION_RESUME", "user": "BOERE", "project": "MO08587_TV-wand_(2-7)", "session_id": "BOERE_MO08587_TV-wand_(2-7)_20260207_152503", "details": "Session resumed - pause duration: 0.0 minutes", "status": "BEZIG", "file_path": "C:\\BOERE\\MO08587_TV-wand_(2-7)_20260207_151231.xlsx", "timestamp": "2026-02-09T08:21:41.878864"}
2026-02-09 08:21:42.909 | INFO |   SESSION_RESUME log response: 201
2026-02-09 08:23:01.465 | INFO | ============================================================
2026-02-09 08:23:01.465 | INFO | _pause_session CALLED
2026-02-09 08:23:01.465 | INFO |   blocking: False
2026-02-09 08:23:01.465 | INFO |   current_session_id: BOERE_MO08587_TV-wand_(2-7)_20260207_152503
2026-02-09 08:23:01.465 | INFO |   api_session_id: BOERE_MO08587_TV-wand_(2-7)_20260207_152503
2026-02-09 08:23:01.465 | INFO |   session_paused: False
2026-02-09 08:23:01.465 | INFO |   active_project (CACHED): MO08587_TV-wand_(2-7)
2026-02-09 08:23:01.465 | INFO |   active_user (CACHED): BOERE
2026-02-09 08:23:01.465 | INFO |   Session marked as paused at 2026-02-09 08:23:01.465473
2026-02-09 08:23:01.465 | INFO |   Using CACHED user: BOERE
2026-02-09 08:23:01.465 | INFO |   Using CACHED project: MO08587_TV-wand_(2-7)
2026-02-09 08:23:01.465 | INFO |   Using session_id for API: BOERE_MO08587_TV-wand_(2-7)_20260207_152503
2026-02-09 08:23:01.465 | INFO |   PAUSE API data: {"session_id": "BOERE_MO08587_TV-wand_(2-7)_20260207_152503", "timestamp": "2026-02-09T08:23:01.465473", "user": "BOERE", "project": "MO08587_TV-wand_(2-7)"}
2026-02-09 08:23:01.465 | INFO |   PAUSE API CALL: POST http://localhost:5001/session/pause
2026-02-09 08:23:03.514 | INFO |   PAUSE API RESPONSE: 404
2026-02-09 08:23:03.514 | ERROR |   PAUSE API FAILED: 404 - {"error":"Session not found or already ended","success":false}

2026-02-09 08:23:03.520 | INFO |   PAUSE COMPLETE - _pause_complete_event SET
2026-02-09 08:27:45.752 | INFO | ============================================================
2026-02-09 08:27:45.752 | INFO | _start_session_for_excel_work CALLED
2026-02-09 08:27:45.752 | INFO |   excel_file_path: C:\OPUS\KORPUS\1114_MO08587_TV-wand_(2-7)\1114_MO08587_TV-wand_(2-7).xlsx
2026-02-09 08:27:45.752 | INFO |   existing current_session_id: BOERE_MO08587_TV-wand_(2-7)_20260207_152503
2026-02-09 08:27:45.752 | INFO |   existing api_session_id: BOERE_MO08587_TV-wand_(2-7)_20260207_152503
2026-02-09 08:27:45.752 | INFO |   existing active_project: MO08587_TV-wand_(2-7)
2026-02-09 08:27:45.752 | INFO |   existing active_user: OPUS
2026-02-09 08:27:45.752 | INFO |   User source: active_user = OPUS
2026-02-09 08:27:45.767 | INFO |   Project extracted and CACHED: MO08587_TV-wand_(2-7)
2026-02-09 08:27:45.767 | INFO |   Checking for existing session: user=OPUS, project=MO08587_TV-wand_(2-7)
2026-02-09 08:27:47.788 | INFO |   No existing session found - creating NEW session
2026-02-09 08:27:47.788 | INFO |   NEW session created: OPUS_MO08587_TV-wand_(2-7)_20260209_082747
2026-02-09 08:27:47.788 | INFO |   (api_session_id will be set when API responds)
2026-02-09 08:27:47.788 | INFO |   API CALL: POST http://localhost:5001/session/xlsx_updated
2026-02-09 08:27:47.788 | INFO |   API DATA: {"event": "XLSX_UPDATED", "user": "OPUS", "project": "MO08587_TV-wand_(2-7)", "file_path": "C:\\OPUS\\KORPUS\\1114_MO08587_TV-wand_(2-7)\\1114_MO08587_TV-wand_(2-7).xlsx", "item_count": 98, "timestamp": "2026-02-09T08:27:47.788955", "session_id": "OPUS_MO08587_TV-wand_(2-7)_20260209_082747"}
2026-02-09 08:27:49.860 | INFO |   API RESPONSE: session_id=OPUS_MO08587_TV-wand_(2-7)_20260209_082749
2026-02-09 08:27:49.860 | INFO |   SESSION IDs NOW: api=OPUS_MO08587_TV-wand_(2-7)_20260209_082749, local=OPUS_MO08587_TV-wand_(2-7)_20260209_082747
2026-02-09 08:27:55.227 | INFO | ============================================================
2026-02-09 08:27:55.227 | INFO | _pause_session CALLED
2026-02-09 08:27:55.227 | INFO |   blocking: False
2026-02-09 08:27:55.227 | INFO |   current_session_id: OPUS_MO08587_TV-wand_(2-7)_20260209_082747
2026-02-09 08:27:55.227 | INFO |   api_session_id: OPUS_MO08587_TV-wand_(2-7)_20260209_082749
2026-02-09 08:27:55.227 | INFO |   session_paused: False
2026-02-09 08:27:55.227 | INFO |   active_project (CACHED): MO08587_TV-wand_(2-7)
2026-02-09 08:27:55.227 | INFO |   active_user (CACHED): OPUS
2026-02-09 08:27:55.227 | INFO |   Session marked as paused at 2026-02-09 08:27:55.227325
2026-02-09 08:27:55.227 | INFO |   Using CACHED user: OPUS
2026-02-09 08:27:55.227 | INFO |   Using CACHED project: MO08587_TV-wand_(2-7)
2026-02-09 08:27:55.228 | INFO |   Using session_id for API: OPUS_MO08587_TV-wand_(2-7)_20260209_082749
2026-02-09 08:27:55.228 | INFO |   PAUSE API data: {"session_id": "OPUS_MO08587_TV-wand_(2-7)_20260209_082749", "timestamp": "2026-02-09T08:27:55.227325", "user": "OPUS", "project": "MO08587_TV-wand_(2-7)"}
2026-02-09 08:27:55.228 | INFO |   PAUSE API CALL: POST http://localhost:5001/session/pause
2026-02-09 08:27:57.311 | INFO |   PAUSE API RESPONSE: 200
2026-02-09 08:27:57.311 | INFO |   Session pause SUCCESSFUL
2026-02-09 08:27:58.339 | INFO |   SESSION_PAUSE log event: {"event": "SESSION_PAUSE", "user": "OPUS", "project": "MO08587_TV-wand_(2-7)", "session_id": "OPUS_MO08587_TV-wand_(2-7)_20260209_082749", "details": "Session paused - panel hidden", "status": "PAUZE", "file_path": "C:\\OPUS\\KORPUS\\1114_MO08587_TV-wand_(2-7)\\1114_MO08587_TV-wand_(2-7).xlsx", "timestamp": "2026-02-09T08:27:55.227325"}
2026-02-09 08:28:00.398 | INFO |   SESSION_PAUSE log response: 201
2026-02-09 08:28:00.398 | INFO |   PAUSE COMPLETE - _pause_complete_event SET
2026-02-09 08:45:37.591 | INFO | ================================================================================
2026-02-09 08:45:37.591 | INFO | SESSION DEBUG LOGGER INITIALIZED
2026-02-09 08:45:37.591 | INFO | ================================================================================
2026-02-09 08:45:38.857 | INFO | ScannerPanel initialized - thread sync enabled
2026-02-10 19:07:12.887 | INFO | ================================================================================
2026-02-10 19:07:12.887 | INFO | SESSION DEBUG LOGGER INITIALIZED
2026-02-10 19:07:12.887 | INFO | ================================================================================
2026-02-10 19:07:14.176 | INFO | ScannerPanel initialized - thread sync enabled
2026-02-10 19:07:19.032 | INFO | ScannerPanel initialized - thread sync enabled
2026-02-10 19:13:44.301 | INFO | ================================================================================
2026-02-10 19:13:44.301 | INFO | SESSION DEBUG LOGGER INITIALIZED
2026-02-10 19:13:44.301 | INFO | ================================================================================
2026-02-10 19:13:44.761 | INFO | ScannerPanel initialized - thread sync enabled
2026-02-10 19:15:57.744 | INFO | ================================================================================
2026-02-10 19:15:57.744 | INFO | SESSION DEBUG LOGGER INITIALIZED
2026-02-10 19:15:57.744 | INFO | ================================================================================
2026-02-10 19:15:58.211 | INFO | ScannerPanel initialized - thread sync enabled
2026-02-10 19:17:19.789 | INFO | ================================================================================
2026-02-10 19:17:19.789 | INFO | SESSION DEBUG LOGGER INITIALIZED
2026-02-10 19:17:19.789 | INFO | ================================================================================
2026-02-10 19:17:20.279 | INFO | ScannerPanel initialized - thread sync enabled
2026-02-10 19:18:14.426 | INFO | ================================================================================
2026-02-10 19:18:14.426 | INFO | SESSION DEBUG LOGGER INITIALIZED
2026-02-10 19:18:14.426 | INFO | ================================================================================
2026-02-10 19:18:14.909 | INFO | ScannerPanel initialized - thread sync enabled
2026-02-10 19:19:26.148 | INFO | ================================================================================
2026-02-10 19:19:26.148 | INFO | SESSION DEBUG LOGGER INITIALIZED
2026-02-10 19:19:26.148 | INFO | ================================================================================
2026-02-10 19:19:26.607 | INFO | ScannerPanel initialized - thread sync enabled
2026-02-10 19:19:59.224 | INFO | ================================================================================
2026-02-10 19:19:59.224 | INFO | SESSION DEBUG LOGGER INITIALIZED
2026-02-10 19:19:59.224 | INFO | ================================================================================
2026-02-10 19:19:59.684 | INFO | ScannerPanel initialized - thread sync enabled
2026-02-10 19:20:25.834 | INFO | ================================================================================
2026-02-10 19:20:25.834 | INFO | SESSION DEBUG LOGGER INITIALIZED
2026-02-10 19:20:25.834 | INFO | ================================================================================
2026-02-10 19:20:26.294 | INFO | ScannerPanel initialized - thread sync enabled
2026-02-10 19:20:31.383 | INFO | ScannerPanel initialized - thread sync enabled
2026-02-10 19:51:16.747 | INFO | ================================================================================
2026-02-10 19:51:16.747 | INFO | SESSION DEBUG LOGGER INITIALIZED
2026-02-10 19:51:16.747 | INFO | ================================================================================
2026-02-10 19:51:17.222 | INFO | ScannerPanel initialized - thread sync enabled
2026-02-10 19:57:33.835 | INFO | ================================================================================
2026-02-10 19:57:33.835 | INFO | SESSION DEBUG LOGGER INITIALIZED
2026-02-10 19:57:33.835 | INFO | ================================================================================
2026-02-10 19:57:34.294 | INFO | ScannerPanel initialized - thread sync enabled
2026-02-10 20:03:03.273 | INFO | ================================================================================
2026-02-10 20:03:03.273 | INFO | SESSION DEBUG LOGGER INITIALIZED
2026-02-10 20:03:03.273 | INFO | ================================================================================
2026-02-10 20:03:03.747 | INFO | ScannerPanel initialized - thread sync enabled
2026-02-10 20:03:08.190 | INFO | ScannerPanel initialized - thread sync enabled
2026-02-12 21:31:10.991 | INFO | ================================================================================
2026-02-12 21:31:10.991 | INFO | SESSION DEBUG LOGGER INITIALIZED
2026-02-12 21:31:10.991 | INFO | ================================================================================
2026-02-12 21:31:12.114 | INFO | ScannerPanel initialized - thread sync enabled
2026-02-12 21:31:58.541 | INFO | ============================================================
2026-02-12 21:31:58.541 | INFO | _start_session_for_excel_work CALLED
2026-02-12 21:31:58.541 | INFO |   excel_file_path: C:\ACCURA\MO06791_Lavabomeubel_(9-16)_20260212_212636.xlsx
2026-02-12 21:31:58.541 | INFO |   existing current_session_id: None
2026-02-12 21:31:58.541 | INFO |   existing api_session_id: None
2026-02-12 21:31:58.541 | INFO |   existing active_project: None
2026-02-12 21:31:58.541 | INFO |   existing active_user: ACCURA
2026-02-12 21:31:58.541 | INFO |   User source: active_user = ACCURA
2026-02-12 21:31:58.553 | INFO |   Project extracted and CACHED: MO06791_Lavabomeubel_(9-16)
2026-02-12 21:31:58.553 | INFO |   Checking for existing session: user=ACCURA, project=MO06791_Lavabomeubel_(9-16)
2026-02-12 21:32:00.576 | INFO |   No existing session found - creating NEW session
2026-02-12 21:32:00.576 | INFO |   NEW session created: ACCURA_MO06791_Lavabomeubel_(9-16)_20260212_213200
2026-02-12 21:32:00.576 | INFO |   (api_session_id will be set when API responds)
2026-02-12 21:32:00.576 | INFO |   API CALL: POST http://localhost:5001/session/xlsx_updated
2026-02-12 21:32:00.576 | INFO |   API DATA: {"event": "XLSX_UPDATED", "user": "ACCURA", "project": "MO06791_Lavabomeubel_(9-16)", "file_path": "C:\\ACCURA\\MO06791_Lavabomeubel_(9-16)_20260212_212636.xlsx", "item_count": 17, "timestamp": "2026-02-12T21:32:00.576600", "session_id": "ACCURA_MO06791_Lavabomeubel_(9-16)_20260212_213200"}
2026-02-12 21:32:02.644 | INFO |   API RESPONSE: session_id=ACCURA_MO06791_Lavabomeubel_(9-16)_20260212_213202
2026-02-12 21:32:02.644 | INFO |   SESSION IDs NOW: api=ACCURA_MO06791_Lavabomeubel_(9-16)_20260212_213202, local=ACCURA_MO06791_Lavabomeubel_(9-16)_20260212_213200
2026-02-12 21:32:20.025 | INFO | _save_updated_excel: Session already exists (api=ACCURA_MO06791_Lavabomeubel_(9-16)_20260212_213202), skipping XLSX_UPDATED
2026-02-12 21:51:20.726 | INFO | ============================================================
2026-02-12 21:51:20.726 | INFO | _pause_session CALLED
2026-02-12 21:51:20.726 | INFO |   blocking: False
2026-02-12 21:51:20.726 | INFO |   current_session_id: ACCURA_MO06791_Lavabomeubel_(9-16)_20260212_213200
2026-02-12 21:51:20.726 | INFO |   api_session_id: ACCURA_MO06791_Lavabomeubel_(9-16)_20260212_213202
2026-02-12 21:51:20.726 | INFO |   session_paused: False
2026-02-12 21:51:20.726 | INFO |   active_project (CACHED): MO06791_Lavabomeubel_(9-16)
2026-02-12 21:51:20.726 | INFO |   active_user (CACHED): ACCURA
2026-02-12 21:51:20.726 | INFO |   Session marked as paused at 2026-02-12 21:51:20.726347
2026-02-12 21:51:20.726 | INFO |   Using CACHED user: ACCURA
2026-02-12 21:51:20.726 | INFO |   Using CACHED project: MO06791_Lavabomeubel_(9-16)
2026-02-12 21:51:20.729 | INFO |   Using session_id for API: ACCURA_MO06791_Lavabomeubel_(9-16)_20260212_213202
2026-02-12 21:51:20.729 | INFO |   PAUSE API data: {"session_id": "ACCURA_MO06791_Lavabomeubel_(9-16)_20260212_213202", "timestamp": "2026-02-12T21:51:20.726347", "user": "ACCURA", "project": "MO06791_Lavabomeubel_(9-16)"}
2026-02-12 21:51:20.729 | INFO |   PAUSE API CALL: POST http://localhost:5001/session/pause
2026-02-12 21:51:22.798 | INFO |   PAUSE API RESPONSE: 200
2026-02-12 21:51:22.798 | INFO |   Session pause SUCCESSFUL
2026-02-12 21:51:40.715 | INFO | ================================================================================
2026-02-12 21:51:40.715 | INFO | SESSION DEBUG LOGGER INITIALIZED
2026-02-12 21:51:40.715 | INFO | ================================================================================
2026-02-12 21:51:41.181 | INFO | ScannerPanel initialized - thread sync enabled
2026-02-12 21:52:19.354 | INFO | ============================================================
2026-02-12 21:52:19.354 | INFO | _start_session_for_excel_work CALLED
2026-02-12 21:52:19.354 | INFO |   excel_file_path: C:\ACCURA\MO06791_Lavabomeubel_(9-16)_20260212_212636.xlsx
2026-02-12 21:52:19.354 | INFO |   existing current_session_id: None
2026-02-12 21:52:19.354 | INFO |   existing api_session_id: None
2026-02-12 21:52:19.354 | INFO |   existing active_project: None
2026-02-12 21:52:19.354 | INFO |   existing active_user: ACCURA
2026-02-12 21:52:19.367 | INFO |   User source: active_user = ACCURA
2026-02-12 21:52:19.376 | INFO |   Project extracted and CACHED: MO06791_Lavabomeubel_(9-16)
2026-02-12 21:52:19.376 | INFO |   Checking for existing session: user=ACCURA, project=MO06791_Lavabomeubel_(9-16)
2026-02-12 21:52:21.388 | INFO |   FOUND existing session from API:
2026-02-12 21:52:21.388 | INFO |     session_id: ACCURA_MO06791_Lavabomeubel_(9-16)_20260212_213202
2026-02-12 21:52:21.388 | INFO |     is_paused: True
2026-02-12 21:52:21.388 | INFO |   Session IDs synchronized: api=ACCURA_MO06791_Lavabomeubel_(9-16)_20260212_213202, local=ACCURA_MO06791_Lavabomeubel_(9-16)_20260212_213202
2026-02-12 21:52:21.388 | INFO |   Session IS paused - will call _resume_session()
2026-02-12 21:52:21.388 | INFO | ============================================================
2026-02-12 21:52:21.388 | INFO | _resume_session CALLED
2026-02-12 21:52:21.388 | INFO |   current_session_id: ACCURA_MO06791_Lavabomeubel_(9-16)_20260212_213202
2026-02-12 21:52:21.390 | INFO |   api_session_id: ACCURA_MO06791_Lavabomeubel_(9-16)_20260212_213202
2026-02-12 21:52:21.390 | INFO |   session_paused: True
2026-02-12 21:52:21.390 | INFO |   active_project (CACHED): MO06791_Lavabomeubel_(9-16)
2026-02-12 21:52:21.390 | INFO |   active_user (CACHED): ACCURA
2026-02-12 21:52:21.390 | INFO |   Session marked as resumed
2026-02-12 21:52:21.390 | INFO |   Using CACHED user: ACCURA
2026-02-12 21:52:21.390 | INFO |   Using CACHED project: MO06791_Lavabomeubel_(9-16)
2026-02-12 21:52:21.390 | INFO |   Using session_id for API: ACCURA_MO06791_Lavabomeubel_(9-16)_20260212_213202
2026-02-12 21:52:21.390 | INFO |   RESUME API data: {"session_id": "ACCURA_MO06791_Lavabomeubel_(9-16)_20260212_213202", "timestamp": "2026-02-12T21:52:21.390231", "total_pause_duration": 0, "user": "ACCURA", "project": "MO06791_Lavabomeubel_(9-16)"}
2026-02-12 21:52:21.390 | INFO |   RESUME API CALL: POST http://localhost:5001/session/resume
2026-02-12 21:52:22.418 | INFO |   RESUME API RESPONSE: 200
2026-02-12 21:52:23.440 | INFO |   SESSION_RESUME log event: {"event": "SESSION_RESUME", "user": "ACCURA", "project": "MO06791_Lavabomeubel_(9-16)", "session_id": "ACCURA_MO06791_Lavabomeubel_(9-16)_20260212_213202", "details": "Session resumed - pause duration: 0.0 minutes", "status": "BEZIG", "file_path": "C:\\ACCURA\\MO06791_Lavabomeubel_(9-16)_20260212_212636.xlsx", "timestamp": "2026-02-12T21:52:23.440495"}
2026-02-12 21:52:24.469 | INFO |   SESSION_RESUME log response: 201
2026-02-12 22:00:22.899 | INFO | ============================================================
2026-02-12 22:00:22.899 | INFO | _pause_session CALLED
2026-02-12 22:00:22.899 | INFO |   blocking: False
2026-02-12 22:00:22.899 | INFO |   current_session_id: ACCURA_MO06791_Lavabomeubel_(9-16)_20260212_213202
2026-02-12 22:00:22.899 | INFO |   api_session_id: ACCURA_MO06791_Lavabomeubel_(9-16)_20260212_213202
2026-02-12 22:00:22.899 | INFO |   session_paused: False
2026-02-12 22:00:22.899 | INFO |   active_project (CACHED): MO06791_Lavabomeubel_(9-16)
2026-02-12 22:00:22.899 | INFO |   active_user (CACHED): ACCURA
2026-02-12 22:00:22.899 | INFO |   Session marked as paused at 2026-02-12 22:00:22.899721
2026-02-12 22:00:22.899 | INFO |   Using CACHED user: ACCURA
2026-02-12 22:00:22.899 | INFO |   Using CACHED project: MO06791_Lavabomeubel_(9-16)
2026-02-12 22:00:22.907 | INFO |   Using session_id for API: ACCURA_MO06791_Lavabomeubel_(9-16)_20260212_213202
2026-02-12 22:00:22.907 | INFO |   PAUSE API data: {"session_id": "ACCURA_MO06791_Lavabomeubel_(9-16)_20260212_213202", "timestamp": "2026-02-12T22:00:22.899721", "user": "ACCURA", "project": "MO06791_Lavabomeubel_(9-16)"}
2026-02-12 22:00:22.907 | INFO |   PAUSE API CALL: POST http://localhost:5001/session/pause
2026-02-12 22:00:24.966 | INFO |   PAUSE API RESPONSE: 200
2026-02-12 22:00:24.966 | INFO |   Session pause SUCCESSFUL
2026-02-12 22:00:25.985 | INFO |   SESSION_PAUSE log event: {"event": "SESSION_PAUSE", "user": "ACCURA", "project": "MO06791_Lavabomeubel_(9-16)", "session_id": "ACCURA_MO06791_Lavabomeubel_(9-16)_20260212_213202", "details": "Session paused - panel hidden", "status": "PAUZE", "file_path": "C:\\ACCURA\\MO06791_Lavabomeubel_(9-16)_20260212_212636.xlsx", "timestamp": "2026-02-12T22:00:22.899721"}
2026-02-12 22:00:28.065 | INFO |   SESSION_PAUSE log response: 201
2026-02-12 22:00:28.065 | INFO |   PAUSE COMPLETE - _pause_complete_event SET
2026-02-12 22:00:40.983 | INFO | ================================================================================
2026-02-12 22:00:40.983 | INFO | SESSION DEBUG LOGGER INITIALIZED
2026-02-12 22:00:40.983 | INFO | ================================================================================
2026-02-12 22:00:41.453 | INFO | ScannerPanel initialized - thread sync enabled
2026-02-12 22:00:48.815 | INFO | ============================================================
2026-02-12 22:00:48.815 | INFO | _start_session_for_excel_work CALLED
2026-02-12 22:00:48.815 | INFO |   excel_file_path: C:\ACCURA\MO06791_Lavabomeubel_(9-16)_20260212_212636.xlsx
2026-02-12 22:00:48.815 | INFO |   existing current_session_id: None
2026-02-12 22:00:48.815 | INFO |   existing api_session_id: None
2026-02-12 22:00:48.815 | INFO |   existing active_project: None
2026-02-12 22:00:48.815 | INFO |   existing active_user: ACCURA
2026-02-12 22:00:48.815 | INFO |   User source: active_user = ACCURA
2026-02-12 22:00:48.826 | INFO |   Project extracted and CACHED: MO06791_Lavabomeubel_(9-16)
2026-02-12 22:00:48.826 | INFO |   Checking for existing session: user=ACCURA, project=MO06791_Lavabomeubel_(9-16)
2026-02-12 22:00:50.837 | INFO |   FOUND existing session from API:
2026-02-12 22:00:50.837 | INFO |     session_id: ACCURA_MO06791_Lavabomeubel_(9-16)_20260212_213202
2026-02-12 22:00:50.838 | INFO |     is_paused: True
2026-02-12 22:00:50.838 | INFO |   Session IDs synchronized: api=ACCURA_MO06791_Lavabomeubel_(9-16)_20260212_213202, local=ACCURA_MO06791_Lavabomeubel_(9-16)_20260212_213202
2026-02-12 22:00:50.838 | INFO |   Session IS paused - will call _resume_session()
2026-02-12 22:00:50.838 | INFO | ============================================================
2026-02-12 22:00:50.838 | INFO | _resume_session CALLED
2026-02-12 22:00:50.838 | INFO |   current_session_id: ACCURA_MO06791_Lavabomeubel_(9-16)_20260212_213202
2026-02-12 22:00:50.838 | INFO |   api_session_id: ACCURA_MO06791_Lavabomeubel_(9-16)_20260212_213202
2026-02-12 22:00:50.838 | INFO |   session_paused: True
2026-02-12 22:00:50.838 | INFO |   active_project (CACHED): MO06791_Lavabomeubel_(9-16)
2026-02-12 22:00:50.838 | INFO |   active_user (CACHED): ACCURA
2026-02-12 22:00:50.838 | INFO |   Session marked as resumed
2026-02-12 22:00:50.838 | INFO |   Using CACHED user: ACCURA
2026-02-12 22:00:50.838 | INFO |   Using CACHED project: MO06791_Lavabomeubel_(9-16)
2026-02-12 22:00:50.838 | INFO |   Using session_id for API: ACCURA_MO06791_Lavabomeubel_(9-16)_20260212_213202
2026-02-12 22:00:50.838 | INFO |   RESUME API data: {"session_id": "ACCURA_MO06791_Lavabomeubel_(9-16)_20260212_213202", "timestamp": "2026-02-12T22:00:50.838729", "total_pause_duration": 0, "user": "ACCURA", "project": "MO06791_Lavabomeubel_(9-16)"}
2026-02-12 22:00:50.838 | INFO |   RESUME API CALL: POST http://localhost:5001/session/resume
2026-02-12 22:00:51.865 | INFO |   RESUME API RESPONSE: 200
2026-02-12 22:00:52.887 | INFO |   SESSION_RESUME log event: {"event": "SESSION_RESUME", "user": "ACCURA", "project": "MO06791_Lavabomeubel_(9-16)", "session_id": "ACCURA_MO06791_Lavabomeubel_(9-16)_20260212_213202", "details": "Session resumed - pause duration: 0.0 minutes", "status": "BEZIG", "file_path": "C:\\ACCURA\\MO06791_Lavabomeubel_(9-16)_20260212_212636.xlsx", "timestamp": "2026-02-12T22:00:52.887103"}
2026-02-12 22:00:53.929 | INFO |   SESSION_RESUME log response: 201
2026-02-12 22:02:32.188 | INFO | ============================================================
2026-02-12 22:02:32.188 | INFO | _pause_session CALLED
2026-02-12 22:02:32.188 | INFO |   blocking: True
2026-02-12 22:02:32.188 | INFO |   current_session_id: ACCURA_MO06791_Lavabomeubel_(9-16)_20260212_213202
2026-02-12 22:02:32.188 | INFO |   api_session_id: ACCURA_MO06791_Lavabomeubel_(9-16)_20260212_213202
2026-02-12 22:02:32.188 | INFO |   session_paused: False
2026-02-12 22:02:32.188 | INFO |   active_project (CACHED): MO06791_Lavabomeubel_(9-16)
2026-02-12 22:02:32.188 | INFO |   active_user (CACHED): ACCURA
2026-02-12 22:02:32.188 | INFO |   Session marked as paused at 2026-02-12 22:02:32.188908
2026-02-12 22:02:32.188 | INFO |   Using CACHED user: ACCURA
2026-02-12 22:02:32.193 | INFO |   Using CACHED project: MO06791_Lavabomeubel_(9-16)
2026-02-12 22:02:32.194 | INFO |   Using session_id for API: ACCURA_MO06791_Lavabomeubel_(9-16)_20260212_213202
2026-02-12 22:02:32.194 | INFO |   PAUSE API data: {"session_id": "ACCURA_MO06791_Lavabomeubel_(9-16)_20260212_213202", "timestamp": "2026-02-12T22:02:32.188908", "user": "ACCURA", "project": "MO06791_Lavabomeubel_(9-16)"}
2026-02-12 22:02:32.194 | INFO |   PAUSE API CALL: POST http://localhost:5001/session/pause
2026-02-12 22:02:34.246 | INFO |   PAUSE API RESPONSE: 200
2026-02-12 22:02:34.246 | INFO |   Session pause SUCCESSFUL
2026-02-12 22:02:35.288 | INFO |   SESSION_PAUSE log event: {"event": "SESSION_PAUSE", "user": "ACCURA", "project": "MO06791_Lavabomeubel_(9-16)", "session_id": "ACCURA_MO06791_Lavabomeubel_(9-16)_20260212_213202", "details": "Session paused - panel hidden", "status": "PAUZE", "file_path": "C:\\ACCURA\\MO06791_Lavabomeubel_(9-16)_20260212_212636.xlsx", "timestamp": "2026-02-12T22:02:32.188908"}
2026-02-12 22:02:37.353 | INFO |   SESSION_PAUSE log response: 201
2026-02-12 22:02:37.353 | INFO |   PAUSE COMPLETE - _pause_complete_event SET
2026-02-12 22:02:41.497 | INFO | ================================================================================
2026-02-12 22:02:41.497 | INFO | SESSION DEBUG LOGGER INITIALIZED
2026-02-12 22:02:41.497 | INFO | ================================================================================
2026-02-12 22:02:41.961 | INFO | ScannerPanel initialized - thread sync enabled
2026-02-12 22:02:50.783 | INFO | ============================================================
2026-02-12 22:02:50.783 | INFO | _start_session_for_excel_work CALLED
2026-02-12 22:02:50.783 | INFO |   excel_file_path: C:\ACCURA\MO06791_Lavabomeubel_(9-16)_20260212_212636.xlsx
2026-02-12 22:02:50.783 | INFO |   existing current_session_id: None
2026-02-12 22:02:50.783 | INFO |   existing api_session_id: None
2026-02-12 22:02:50.783 | INFO |   existing active_project: None
2026-02-12 22:02:50.783 | INFO |   existing active_user: ACCURA
2026-02-12 22:02:50.783 | INFO |   User source: active_user = ACCURA
2026-02-12 22:02:50.789 | INFO |   Project extracted and CACHED: MO06791_Lavabomeubel_(9-16)
2026-02-12 22:02:50.789 | INFO |   Checking for existing session: user=ACCURA, project=MO06791_Lavabomeubel_(9-16)
2026-02-12 22:02:52.810 | INFO |   FOUND existing session from API:
2026-02-12 22:02:52.810 | INFO |     session_id: ACCURA_MO06791_Lavabomeubel_(9-16)_20260212_213202
2026-02-12 22:02:52.810 | INFO |     is_paused: True
2026-02-12 22:02:52.810 | INFO |   Session IDs synchronized: api=ACCURA_MO06791_Lavabomeubel_(9-16)_20260212_213202, local=ACCURA_MO06791_Lavabomeubel_(9-16)_20260212_213202
2026-02-12 22:02:52.810 | INFO |   Session IS paused - will call _resume_session()
2026-02-12 22:02:52.810 | INFO | ============================================================
2026-02-12 22:02:52.810 | INFO | _resume_session CALLED
2026-02-12 22:02:52.810 | INFO |   current_session_id: ACCURA_MO06791_Lavabomeubel_(9-16)_20260212_213202
2026-02-12 22:02:52.810 | INFO |   api_session_id: ACCURA_MO06791_Lavabomeubel_(9-16)_20260212_213202
2026-02-12 22:02:52.810 | INFO |   session_paused: True
2026-02-12 22:02:52.810 | INFO |   active_project (CACHED): MO06791_Lavabomeubel_(9-16)
2026-02-12 22:02:52.810 | INFO |   active_user (CACHED): ACCURA
2026-02-12 22:02:52.810 | INFO |   Session marked as resumed
2026-02-12 22:02:52.810 | INFO |   Using CACHED user: ACCURA
2026-02-12 22:02:52.810 | INFO |   Using CACHED project: MO06791_Lavabomeubel_(9-16)
2026-02-12 22:02:52.810 | INFO |   Using session_id for API: ACCURA_MO06791_Lavabomeubel_(9-16)_20260212_213202
2026-02-12 22:02:52.810 | INFO |   RESUME API data: {"session_id": "ACCURA_MO06791_Lavabomeubel_(9-16)_20260212_213202", "timestamp": "2026-02-12T22:02:52.810111", "total_pause_duration": 0, "user": "ACCURA", "project": "MO06791_Lavabomeubel_(9-16)"}
2026-02-12 22:02:52.810 | INFO |   RESUME API CALL: POST http://localhost:5001/session/resume
2026-02-12 22:02:53.845 | INFO |   RESUME API RESPONSE: 200
2026-02-12 22:02:54.867 | INFO |   SESSION_RESUME log event: {"event": "SESSION_RESUME", "user": "ACCURA", "project": "MO06791_Lavabomeubel_(9-16)", "session_id": "ACCURA_MO06791_Lavabomeubel_(9-16)_20260212_213202", "details": "Session resumed - pause duration: 0.0 minutes", "status": "BEZIG", "file_path": "C:\\ACCURA\\MO06791_Lavabomeubel_(9-16)_20260212_212636.xlsx", "timestamp": "2026-02-12T22:02:54.867640"}
2026-02-12 22:02:55.897 | INFO |   SESSION_RESUME log response: 201
2026-02-12 22:16:19.196 | INFO | ============================================================
2026-02-12 22:16:19.196 | INFO | _pause_session CALLED
2026-02-12 22:16:19.196 | INFO |   blocking: True
2026-02-12 22:16:19.196 | INFO |   current_session_id: ACCURA_MO06791_Lavabomeubel_(9-16)_20260212_213202
2026-02-12 22:16:19.196 | INFO |   api_session_id: ACCURA_MO06791_Lavabomeubel_(9-16)_20260212_213202
2026-02-12 22:16:19.196 | INFO |   session_paused: False
2026-02-12 22:16:19.196 | INFO |   active_project (CACHED): MO06791_Lavabomeubel_(9-16)
2026-02-12 22:16:19.196 | INFO |   active_user (CACHED): ACCURA
2026-02-12 22:16:19.196 | INFO |   Session marked as paused at 2026-02-12 22:16:19.196301
2026-02-12 22:16:19.196 | INFO |   Using CACHED user: ACCURA
2026-02-12 22:16:19.196 | INFO |   Using CACHED project: MO06791_Lavabomeubel_(9-16)
2026-02-12 22:16:19.207 | INFO |   Using session_id for API: ACCURA_MO06791_Lavabomeubel_(9-16)_20260212_213202
2026-02-12 22:16:19.207 | INFO |   PAUSE API data: {"session_id": "ACCURA_MO06791_Lavabomeubel_(9-16)_20260212_213202", "timestamp": "2026-02-12T22:16:19.196301", "user": "ACCURA", "project": "MO06791_Lavabomeubel_(9-16)"}
2026-02-12 22:16:19.207 | INFO |   PAUSE API CALL: POST http://localhost:5001/session/pause
2026-02-12 22:16:21.276 | INFO |   PAUSE API RESPONSE: 200
2026-02-12 22:16:21.276 | INFO |   Session pause SUCCESSFUL
2026-02-12 22:16:22.300 | INFO |   SESSION_PAUSE log event: {"event": "SESSION_PAUSE", "user": "ACCURA", "project": "MO06791_Lavabomeubel_(9-16)", "session_id": "ACCURA_MO06791_Lavabomeubel_(9-16)_20260212_213202", "details": "Session paused - panel hidden", "status": "PAUZE", "file_path": "C:\\ACCURA\\MO06791_Lavabomeubel_(9-16)_20260212_212636.xlsx", "timestamp": "2026-02-12T22:16:19.196301"}
2026-02-12 22:16:24.393 | INFO |   SESSION_PAUSE log response: 201
2026-02-12 22:16:24.393 | INFO |   PAUSE COMPLETE - _pause_complete_event SET
2026-02-12 22:16:29.041 | INFO | ================================================================================
2026-02-12 22:16:29.041 | INFO | SESSION DEBUG LOGGER INITIALIZED
2026-02-12 22:16:29.041 | INFO | ================================================================================
2026-02-12 22:16:29.515 | INFO | ScannerPanel initialized - thread sync enabled
2026-02-12 22:16:36.521 | INFO | ============================================================
2026-02-12 22:16:36.521 | INFO | _start_session_for_excel_work CALLED
2026-02-12 22:16:36.521 | INFO |   excel_file_path: C:\ACCURA\MO06791_Lavabomeubel_(9-16)_20260212_212636.xlsx
2026-02-12 22:16:36.521 | INFO |   existing current_session_id: None
2026-02-12 22:16:36.521 | INFO |   existing api_session_id: None
2026-02-12 22:16:36.521 | INFO |   existing active_project: None
2026-02-12 22:16:36.521 | INFO |   existing active_user: ACCURA
2026-02-12 22:16:36.521 | INFO |   User source: active_user = ACCURA
2026-02-12 22:16:36.526 | INFO |   Project extracted and CACHED: MO06791_Lavabomeubel_(9-16)
2026-02-12 22:16:36.526 | INFO |   Checking for existing session: user=ACCURA, project=MO06791_Lavabomeubel_(9-16)
2026-02-12 22:16:38.555 | INFO |   FOUND existing session from API:
2026-02-12 22:16:38.555 | INFO |     session_id: ACCURA_MO06791_Lavabomeubel_(9-16)_20260212_213202
2026-02-12 22:16:38.555 | INFO |     is_paused: True
2026-02-12 22:16:38.555 | INFO |   Session IDs synchronized: api=ACCURA_MO06791_Lavabomeubel_(9-16)_20260212_213202, local=ACCURA_MO06791_Lavabomeubel_(9-16)_20260212_213202
2026-02-12 22:16:38.555 | INFO |   Session IS paused - will call _resume_session()
2026-02-12 22:16:38.555 | INFO | ============================================================
2026-02-12 22:16:38.555 | INFO | _resume_session CALLED
2026-02-12 22:16:38.555 | INFO |   current_session_id: ACCURA_MO06791_Lavabomeubel_(9-16)_20260212_213202
2026-02-12 22:16:38.555 | INFO |   api_session_id: ACCURA_MO06791_Lavabomeubel_(9-16)_20260212_213202
2026-02-12 22:16:38.555 | INFO |   session_paused: True
2026-02-12 22:16:38.555 | INFO |   active_project (CACHED): MO06791_Lavabomeubel_(9-16)
2026-02-12 22:16:38.555 | INFO |   active_user (CACHED): ACCURA
2026-02-12 22:16:38.555 | INFO |   Session marked as resumed
2026-02-12 22:16:38.555 | INFO |   Using CACHED user: ACCURA
2026-02-12 22:16:38.555 | INFO |   Using CACHED project: MO06791_Lavabomeubel_(9-16)
2026-02-12 22:16:38.555 | INFO |   Using session_id for API: ACCURA_MO06791_Lavabomeubel_(9-16)_20260212_213202
2026-02-12 22:16:38.555 | INFO |   RESUME API data: {"session_id": "ACCURA_MO06791_Lavabomeubel_(9-16)_20260212_213202", "timestamp": "2026-02-12T22:16:38.555024", "total_pause_duration": 0, "user": "ACCURA", "project": "MO06791_Lavabomeubel_(9-16)"}
2026-02-12 22:16:38.555 | INFO |   RESUME API CALL: POST http://localhost:5001/session/resume
2026-02-12 22:16:39.583 | INFO |   RESUME API RESPONSE: 200
2026-02-12 22:16:40.609 | INFO |   SESSION_RESUME log event: {"event": "SESSION_RESUME", "user": "ACCURA", "project": "MO06791_Lavabomeubel_(9-16)", "session_id": "ACCURA_MO06791_Lavabomeubel_(9-16)_20260212_213202", "details": "Session resumed - pause duration: 0.0 minutes", "status": "BEZIG", "file_path": "C:\\ACCURA\\MO06791_Lavabomeubel_(9-16)_20260212_212636.xlsx", "timestamp": "2026-02-12T22:16:40.609276"}
2026-02-12 22:16:41.654 | INFO |   SESSION_RESUME log response: 201
2026-02-13 06:39:28.876 | INFO | ============================================================
2026-02-13 06:39:28.876 | INFO | _pause_session CALLED
2026-02-13 06:39:28.876 | INFO |   blocking: True
2026-02-13 06:39:28.876 | INFO |   current_session_id: ACCURA_MO06791_Lavabomeubel_(9-16)_20260212_213202
2026-02-13 06:39:28.876 | INFO |   api_session_id: ACCURA_MO06791_Lavabomeubel_(9-16)_20260212_213202
2026-02-13 06:39:28.876 | INFO |   session_paused: False
2026-02-13 06:39:28.876 | INFO |   active_project (CACHED): MO06791_Lavabomeubel_(9-16)
2026-02-13 06:39:28.876 | INFO |   active_user (CACHED): ACCURA
2026-02-13 06:39:28.876 | INFO |   Session marked as paused at 2026-02-13 06:39:28.876284
2026-02-13 06:39:28.876 | INFO |   Using CACHED user: ACCURA
2026-02-13 06:39:28.876 | INFO |   Using CACHED project: MO06791_Lavabomeubel_(9-16)
2026-02-13 06:39:28.876 | INFO |   Using session_id for API: ACCURA_MO06791_Lavabomeubel_(9-16)_20260212_213202
2026-02-13 06:39:28.876 | INFO |   PAUSE API data: {"session_id": "ACCURA_MO06791_Lavabomeubel_(9-16)_20260212_213202", "timestamp": "2026-02-13T06:39:28.876284", "user": "ACCURA", "project": "MO06791_Lavabomeubel_(9-16)"}
2026-02-13 06:39:28.876 | INFO |   PAUSE API CALL: POST http://localhost:5001/session/pause
2026-02-13 06:39:32.946 | ERROR |   PAUSE API CONNECTION ERROR: HTTPConnectionPool(host='localhost', port=5001): Max retries exceeded with url: /session/pause (Caused by NewConnectionError('<urllib3.connection.HTTPConnection object at 0x00000270C1374490>: Failed to establish a new connection: [WinError 10061] Kan geen verbinding maken omdat de doelcomputer de verbinding actief heeft geweigerd'))
2026-02-13 06:39:32.946 | INFO |   PAUSE COMPLETE - _pause_complete_event SET
2026-02-13 19:30:00.752 | INFO | ================================================================================
2026-02-13 19:30:00.752 | INFO | SESSION DEBUG LOGGER INITIALIZED
2026-02-13 19:30:00.752 | INFO | ================================================================================
2026-02-13 19:30:01.941 | INFO | ScannerPanel initialized - thread sync enabled
2026-02-13 19:30:23.062 | INFO | ============================================================
2026-02-13 19:30:23.062 | INFO | _start_session_for_excel_work CALLED
2026-02-13 19:30:23.062 | INFO |   excel_file_path: C:/ACCURA/MO06791_Lavabomeubel_(9-16)_20260212_212636.xlsx
2026-02-13 19:30:23.062 | INFO |   existing current_session_id: None
2026-02-13 19:30:23.062 | INFO |   existing api_session_id: None
2026-02-13 19:30:23.062 | INFO |   existing active_project: None
2026-02-13 19:30:23.062 | INFO |   existing active_user: None
2026-02-13 19:30:23.062 | INFO |   User source: config fallback = ACCURA
2026-02-13 19:30:23.085 | INFO |   Project extracted and CACHED: MO06791_Lavabomeubel_(9-16)
2026-02-13 19:30:23.085 | INFO |   Checking for existing session: user=ACCURA, project=MO06791_Lavabomeubel_(9-16)
2026-02-13 19:30:27.112 | INFO |   No existing session found - creating NEW session
2026-02-13 19:30:27.112 | INFO |   NEW session created: ACCURA_MO06791_Lavabomeubel_(9-16)_20260213_193027
2026-02-13 19:30:27.112 | INFO |   (api_session_id will be set when API responds)
2026-02-13 19:30:27.114 | INFO |   API CALL: POST http://localhost:5001/session/xlsx_updated
2026-02-13 19:30:27.114 | INFO |   API DATA: {"event": "XLSX_UPDATED", "user": "ACCURA", "project": "MO06791_Lavabomeubel_(9-16)", "file_path": "C:/ACCURA/MO06791_Lavabomeubel_(9-16)_20260212_212636.xlsx", "item_count": 17, "timestamp": "2026-02-13T19:30:27.112609", "session_id": "ACCURA_MO06791_Lavabomeubel_(9-16)_20260213_193027"}
2026-02-13 19:30:31.159 | ERROR |   API EXCEPTION: HTTPConnectionPool(host='localhost', port=5001): Max retries exceeded with url: /session/xlsx_updated (Caused by NewConnectionError('<urllib3.connection.HTTPConnection object at 0x000001D1776923D0>: Failed to establish a new connection: [WinError 10061] Kan geen verbinding maken omdat de doelcomputer de verbinding actief heeft geweigerd'))
2026-02-13 19:43:33.890 | INFO | ============================================================
2026-02-13 19:43:33.890 | INFO | _pause_session CALLED
2026-02-13 19:43:33.890 | INFO |   blocking: True
2026-02-13 19:43:33.890 | INFO |   current_session_id: ACCURA_MO06791_Lavabomeubel_(9-16)_20260213_193027
2026-02-13 19:43:33.890 | INFO |   api_session_id: None
2026-02-13 19:43:33.890 | INFO |   session_paused: False
2026-02-13 19:43:33.890 | INFO |   active_project (CACHED): MO06791_Lavabomeubel_(9-16)
2026-02-13 19:43:33.890 | INFO |   active_user (CACHED): ACCURA
2026-02-13 19:43:33.890 | INFO |   Session marked as paused at 2026-02-13 19:43:33.890118
2026-02-13 19:43:33.890 | INFO |   Using CACHED user: ACCURA
2026-02-13 19:43:33.890 | INFO |   Using CACHED project: MO06791_Lavabomeubel_(9-16)
2026-02-13 19:43:33.897 | INFO |   Using session_id for API: ACCURA_MO06791_Lavabomeubel_(9-16)_20260213_193027
2026-02-13 19:43:33.897 | INFO |   PAUSE API data: {"session_id": "ACCURA_MO06791_Lavabomeubel_(9-16)_20260213_193027", "timestamp": "2026-02-13T19:43:33.890118", "user": "ACCURA", "project": "MO06791_Lavabomeubel_(9-16)"}
2026-02-13 19:43:33.897 | INFO |   PAUSE API CALL: POST http://localhost:5001/session/pause
2026-02-13 19:43:37.966 | ERROR |   PAUSE API CONNECTION ERROR: HTTPConnectionPool(host='localhost', port=5001): Max retries exceeded with url: /session/pause (Caused by NewConnectionError('<urllib3.connection.HTTPConnection object at 0x000001D1777B36D0>: Failed to establish a new connection: [WinError 10061] Kan geen verbinding maken omdat de doelcomputer de verbinding actief heeft geweigerd'))
2026-02-13 19:43:37.966 | INFO |   PAUSE COMPLETE - _pause_complete_event SET
2026-02-13 19:43:49.402 | INFO | ================================================================================
2026-02-13 19:43:49.402 | INFO | SESSION DEBUG LOGGER INITIALIZED
2026-02-13 19:43:49.402 | INFO | ================================================================================
2026-02-13 19:43:49.874 | INFO | ScannerPanel initialized - thread sync enabled
2026-02-13 19:44:01.055 | INFO | ============================================================
2026-02-13 19:44:01.055 | INFO | _start_session_for_excel_work CALLED
2026-02-13 19:44:01.055 | INFO |   excel_file_path: C:/ACCURA/MO06791_Lavabomeubel_(9-16)_20260212_212636.xlsx
2026-02-13 19:44:01.055 | INFO |   existing current_session_id: None
2026-02-13 19:44:01.055 | INFO |   existing api_session_id: None
2026-02-13 19:44:01.056 | INFO |   existing active_project: None
2026-02-13 19:44:01.056 | INFO |   existing active_user: None
2026-02-13 19:44:01.056 | INFO |   User source: config fallback = ACCURA
2026-02-13 19:44:01.066 | INFO |   Project extracted and CACHED: MO06791_Lavabomeubel_(9-16)
2026-02-13 19:44:01.066 | INFO |   Checking for existing session: user=ACCURA, project=MO06791_Lavabomeubel_(9-16)
2026-02-13 19:44:05.092 | INFO |   No existing session found - creating NEW session
2026-02-13 19:44:05.092 | INFO |   NEW session created: ACCURA_MO06791_Lavabomeubel_(9-16)_20260213_194405
2026-02-13 19:44:05.092 | INFO |   (api_session_id will be set when API responds)
2026-02-13 19:44:05.092 | INFO |   API CALL: POST http://localhost:5001/session/xlsx_updated
2026-02-13 19:44:05.092 | INFO |   API DATA: {"event": "XLSX_UPDATED", "user": "ACCURA", "project": "MO06791_Lavabomeubel_(9-16)", "file_path": "C:/ACCURA/MO06791_Lavabomeubel_(9-16)_20260212_212636.xlsx", "item_count": 17, "timestamp": "2026-02-13T19:44:05.092701", "session_id": "ACCURA_MO06791_Lavabomeubel_(9-16)_20260213_194405"}
2026-02-13 19:44:09.186 | ERROR |   API EXCEPTION: HTTPConnectionPool(host='localhost', port=5001): Max retries exceeded with url: /session/xlsx_updated (Caused by NewConnectionError('<urllib3.connection.HTTPConnection object at 0x00000241504DDAD0>: Failed to establish a new connection: [WinError 10061] Kan geen verbinding maken omdat de doelcomputer de verbinding actief heeft geweigerd'))
2026-02-13 20:02:06.947 | INFO | ============================================================
2026-02-13 20:02:06.947 | INFO | _pause_session CALLED
2026-02-13 20:02:06.947 | INFO |   blocking: True
2026-02-13 20:02:06.947 | INFO |   current_session_id: ACCURA_MO06791_Lavabomeubel_(9-16)_20260213_194405
2026-02-13 20:02:06.947 | INFO |   api_session_id: None
2026-02-13 20:02:06.947 | INFO |   session_paused: False
2026-02-13 20:02:06.947 | INFO |   active_project (CACHED): MO06791_Lavabomeubel_(9-16)
2026-02-13 20:02:06.947 | INFO |   active_user (CACHED): ACCURA
2026-02-13 20:02:06.947 | INFO |   Session marked as paused at 2026-02-13 20:02:06.947228
2026-02-13 20:02:06.947 | INFO |   Using CACHED user: ACCURA
2026-02-13 20:02:06.947 | INFO |   Using CACHED project: MO06791_Lavabomeubel_(9-16)
2026-02-13 20:02:06.950 | INFO |   Using session_id for API: ACCURA_MO06791_Lavabomeubel_(9-16)_20260213_194405
2026-02-13 20:02:06.950 | INFO |   PAUSE API data: {"session_id": "ACCURA_MO06791_Lavabomeubel_(9-16)_20260213_194405", "timestamp": "2026-02-13T20:02:06.947228", "user": "ACCURA", "project": "MO06791_Lavabomeubel_(9-16)"}
2026-02-13 20:02:06.950 | INFO |   PAUSE API CALL: POST http://localhost:5001/session/pause
2026-02-13 20:02:11.010 | ERROR |   PAUSE API CONNECTION ERROR: HTTPConnectionPool(host='localhost', port=5001): Max retries exceeded with url: /session/pause (Caused by NewConnectionError('<urllib3.connection.HTTPConnection object at 0x000002414FF4B350>: Failed to establish a new connection: [WinError 10061] Kan geen verbinding maken omdat de doelcomputer de verbinding actief heeft geweigerd'))
2026-02-13 20:02:11.010 | INFO |   PAUSE COMPLETE - _pause_complete_event SET
2026-02-13 20:04:09.692 | INFO | ================================================================================
2026-02-13 20:04:09.692 | INFO | SESSION DEBUG LOGGER INITIALIZED
2026-02-13 20:04:09.692 | INFO | ================================================================================
2026-02-13 20:04:10.167 | INFO | ScannerPanel initialized - thread sync enabled
2026-02-13 20:04:22.631 | INFO | ============================================================
2026-02-13 20:04:22.631 | INFO | _start_session_for_excel_work CALLED
2026-02-13 20:04:22.631 | INFO |   excel_file_path: C:/ACCURA/MO06791_Lavabomeubel_(9-16)_20260212_212636.xlsx
2026-02-13 20:04:22.631 | INFO |   existing current_session_id: None
2026-02-13 20:04:22.631 | INFO |   existing api_session_id: None
2026-02-13 20:04:22.631 | INFO |   existing active_project: None
2026-02-13 20:04:22.631 | INFO |   existing active_user: None
2026-02-13 20:04:22.631 | INFO |   User source: config fallback = ACCURA
2026-02-13 20:04:22.645 | INFO |   Project extracted and CACHED: MO06791_Lavabomeubel_(9-16)
2026-02-13 20:04:22.645 | INFO |   Checking for existing session: user=ACCURA, project=MO06791_Lavabomeubel_(9-16)
2026-02-13 20:04:26.668 | INFO |   No existing session found - creating NEW session
2026-02-13 20:04:26.668 | INFO |   NEW session created: ACCURA_MO06791_Lavabomeubel_(9-16)_20260213_200426
2026-02-13 20:04:26.668 | INFO |   (api_session_id will be set when API responds)
2026-02-13 20:04:26.668 | INFO |   API CALL: POST http://localhost:5001/session/xlsx_updated
2026-02-13 20:04:26.668 | INFO |   API DATA: {"event": "XLSX_UPDATED", "user": "ACCURA", "project": "MO06791_Lavabomeubel_(9-16)", "file_path": "C:/ACCURA/MO06791_Lavabomeubel_(9-16)_20260212_212636.xlsx", "item_count": 17, "timestamp": "2026-02-13T20:04:26.668518", "session_id": "ACCURA_MO06791_Lavabomeubel_(9-16)_20260213_200426"}
2026-02-13 20:04:30.743 | ERROR |   API EXCEPTION: HTTPConnectionPool(host='localhost', port=5001): Max retries exceeded with url: /session/xlsx_updated (Caused by NewConnectionError('<urllib3.connection.HTTPConnection object at 0x000001FB40AEF010>: Failed to establish a new connection: [WinError 10061] Kan geen verbinding maken omdat de doelcomputer de verbinding actief heeft geweigerd'))
2026-02-13 20:51:47.747 | INFO | ============================================================
2026-02-13 20:51:47.748 | INFO | _pause_session CALLED
2026-02-13 20:51:47.748 | INFO |   blocking: True
2026-02-13 20:51:47.748 | INFO |   current_session_id: ACCURA_MO06791_Lavabomeubel_(9-16)_20260213_200426
2026-02-13 20:51:47.748 | INFO |   api_session_id: None
2026-02-13 20:51:47.748 | INFO |   session_paused: False
2026-02-13 20:51:47.748 | INFO |   active_project (CACHED): MO06791_Lavabomeubel_(9-16)
2026-02-13 20:51:47.748 | INFO |   active_user (CACHED): ACCURA
2026-02-13 20:51:47.748 | INFO |   Session marked as paused at 2026-02-13 20:51:47.748166
2026-02-13 20:51:47.748 | INFO |   Using CACHED user: ACCURA
2026-02-13 20:51:47.748 | INFO |   Using CACHED project: MO06791_Lavabomeubel_(9-16)
2026-02-13 20:51:47.749 | INFO |   Using session_id for API: ACCURA_MO06791_Lavabomeubel_(9-16)_20260213_200426
2026-02-13 20:51:47.749 | INFO |   PAUSE API data: {"session_id": "ACCURA_MO06791_Lavabomeubel_(9-16)_20260213_200426", "timestamp": "2026-02-13T20:51:47.748166", "user": "ACCURA", "project": "MO06791_Lavabomeubel_(9-16)"}
2026-02-13 20:51:47.749 | INFO |   PAUSE API CALL: POST http://localhost:5001/session/pause
2026-02-13 20:51:51.828 | ERROR |   PAUSE API CONNECTION ERROR: HTTPConnectionPool(host='localhost', port=5001): Max retries exceeded with url: /session/pause (Caused by NewConnectionError('<urllib3.connection.HTTPConnection object at 0x000001FB40B19E50>: Failed to establish a new connection: [WinError 10061] Kan geen verbinding maken omdat de doelcomputer de verbinding actief heeft geweigerd'))
2026-02-13 20:51:51.828 | INFO |   PAUSE COMPLETE - _pause_complete_event SET
2026-02-13 20:51:59.466 | INFO | ================================================================================
2026-02-13 20:51:59.466 | INFO | SESSION DEBUG LOGGER INITIALIZED
2026-02-13 20:51:59.466 | INFO | ================================================================================
2026-02-13 20:51:59.973 | INFO | ScannerPanel initialized - thread sync enabled
2026-02-13 20:52:03.600 | INFO | ScannerPanel initialized - thread sync enabled
2026-02-13 20:52:12.500 | INFO | ============================================================
2026-02-13 20:52:12.500 | INFO | _start_session_for_excel_work CALLED
2026-02-13 20:52:12.500 | INFO |   excel_file_path: C:/ACCURA/MO06791_Lavabomeubel_(9-16)_20260212_212636.xlsx
2026-02-13 20:52:12.500 | INFO |   existing current_session_id: None
2026-02-13 20:52:12.500 | INFO |   existing api_session_id: None
2026-02-13 20:52:12.500 | INFO |   existing active_project: None
2026-02-13 20:52:12.500 | INFO |   existing active_user: None
2026-02-13 20:52:12.500 | INFO |   User source: config fallback = ACCURA
2026-02-13 20:52:12.509 | INFO |   Project extracted and CACHED: MO06791_Lavabomeubel_(9-16)
2026-02-13 20:52:12.509 | INFO |   Checking for existing session: user=ACCURA, project=MO06791_Lavabomeubel_(9-16)
2026-02-13 20:52:16.532 | INFO |   No existing session found - creating NEW session
2026-02-13 20:52:16.533 | INFO |   NEW session created: ACCURA_MO06791_Lavabomeubel_(9-16)_20260213_205216
2026-02-13 20:52:16.533 | INFO |   (api_session_id will be set when API responds)
2026-02-13 20:52:16.533 | INFO |   API CALL: POST http://localhost:5001/session/xlsx_updated
2026-02-13 20:52:16.533 | INFO |   API DATA: {"event": "XLSX_UPDATED", "user": "ACCURA", "project": "MO06791_Lavabomeubel_(9-16)", "file_path": "C:/ACCURA/MO06791_Lavabomeubel_(9-16)_20260212_212636.xlsx", "item_count": 17, "timestamp": "2026-02-13T20:52:16.533362", "session_id": "ACCURA_MO06791_Lavabomeubel_(9-16)_20260213_205216"}
2026-02-13 20:52:20.613 | ERROR |   API EXCEPTION: HTTPConnectionPool(host='localhost', port=5001): Max retries exceeded with url: /session/xlsx_updated (Caused by NewConnectionError('<urllib3.connection.HTTPConnection object at 0x00000284485EDB50>: Failed to establish a new connection: [WinError 10061] Kan geen verbinding maken omdat de doelcomputer de verbinding actief heeft geweigerd'))
2026-02-14 07:21:13.350 | INFO | ============================================================
2026-02-14 07:21:13.350 | INFO | _pause_session CALLED
2026-02-14 07:21:13.350 | INFO |   blocking: True
2026-02-14 07:21:13.350 | INFO |   current_session_id: ACCURA_MO06791_Lavabomeubel_(9-16)_20260213_205216
2026-02-14 07:21:13.350 | INFO |   api_session_id: None
2026-02-14 07:21:13.350 | INFO |   session_paused: False
2026-02-14 07:21:13.350 | INFO |   active_project (CACHED): MO06791_Lavabomeubel_(9-16)
2026-02-14 07:21:13.350 | INFO |   active_user (CACHED): ACCURA
2026-02-14 07:21:13.350 | INFO |   Session marked as paused at 2026-02-14 07:21:13.350133
2026-02-14 07:21:13.350 | INFO |   Using CACHED user: ACCURA
2026-02-14 07:21:13.350 | INFO |   Using CACHED project: MO06791_Lavabomeubel_(9-16)
2026-02-14 07:21:13.353 | INFO |   Using session_id for API: ACCURA_MO06791_Lavabomeubel_(9-16)_20260213_205216
2026-02-14 07:21:13.353 | INFO |   PAUSE API data: {"session_id": "ACCURA_MO06791_Lavabomeubel_(9-16)_20260213_205216", "timestamp": "2026-02-14T07:21:13.350133", "user": "ACCURA", "project": "MO06791_Lavabomeubel_(9-16)"}
2026-02-14 07:21:13.353 | INFO |   PAUSE API CALL: POST http://localhost:5001/session/pause
2026-02-14 07:21:17.436 | ERROR |   PAUSE API CONNECTION ERROR: HTTPConnectionPool(host='localhost', port=5001): Max retries exceeded with url: /session/pause (Caused by NewConnectionError('<urllib3.connection.HTTPConnection object at 0x000002845164CB50>: Failed to establish a new connection: [WinError 10061] Kan geen verbinding maken omdat de doelcomputer de verbinding actief heeft geweigerd'))
2026-02-14 07:21:17.436 | INFO |   PAUSE COMPLETE - _pause_complete_event SET
2026-02-14 07:22:01.931 | INFO | ================================================================================
2026-02-14 07:22:01.931 | INFO | SESSION DEBUG LOGGER INITIALIZED
2026-02-14 07:22:01.931 | INFO | ================================================================================
2026-02-14 07:22:03.172 | INFO | ScannerPanel initialized - thread sync enabled
2026-02-14 07:22:20.244 | INFO | ============================================================
2026-02-14 07:22:20.244 | INFO | _start_session_for_excel_work CALLED
2026-02-14 07:22:20.244 | INFO |   excel_file_path: C:/ACCURA/MO06791_Lavabomeubel_(9-16)_20260212_212636.xlsx
2026-02-14 07:22:20.244 | INFO |   existing current_session_id: None
2026-02-14 07:22:20.244 | INFO |   existing api_session_id: None
2026-02-14 07:22:20.244 | INFO |   existing active_project: None
2026-02-14 07:22:20.244 | INFO |   existing active_user: None
2026-02-14 07:22:20.244 | INFO |   User source: config fallback = ACCURA
2026-02-14 07:22:20.252 | INFO |   Project extracted and CACHED: MO06791_Lavabomeubel_(9-16)
2026-02-14 07:22:20.252 | INFO |   Checking for existing session: user=ACCURA, project=MO06791_Lavabomeubel_(9-16)
2026-02-14 07:22:24.273 | INFO |   No existing session found - creating NEW session
2026-02-14 07:22:24.273 | INFO |   NEW session created: ACCURA_MO06791_Lavabomeubel_(9-16)_20260214_072224
2026-02-14 07:22:24.273 | INFO |   (api_session_id will be set when API responds)
2026-02-14 07:22:24.276 | INFO |   API CALL: POST http://localhost:5001/session/xlsx_updated
2026-02-14 07:22:24.276 | INFO |   API DATA: {"event": "XLSX_UPDATED", "user": "ACCURA", "project": "MO06791_Lavabomeubel_(9-16)", "file_path": "C:/ACCURA/MO06791_Lavabomeubel_(9-16)_20260212_212636.xlsx", "item_count": 17, "timestamp": "2026-02-14T07:22:24.273618", "session_id": "ACCURA_MO06791_Lavabomeubel_(9-16)_20260214_072224"}
2026-02-14 07:22:28.407 | ERROR |   API EXCEPTION: HTTPConnectionPool(host='localhost', port=5001): Max retries exceeded with url: /session/xlsx_updated (Caused by NewConnectionError('<urllib3.connection.HTTPConnection object at 0x000002C451F2B310>: Failed to establish a new connection: [WinError 10061] Kan geen verbinding maken omdat de doelcomputer de verbinding actief heeft geweigerd'))
2026-02-14 07:25:51.350 | INFO | ============================================================
2026-02-14 07:25:51.350 | INFO | _pause_session CALLED
2026-02-14 07:25:51.350 | INFO |   blocking: True
2026-02-14 07:25:51.350 | INFO |   current_session_id: ACCURA_MO06791_Lavabomeubel_(9-16)_20260214_072224
2026-02-14 07:25:51.350 | INFO |   api_session_id: None
2026-02-14 07:25:51.350 | INFO |   session_paused: False
2026-02-14 07:25:51.350 | INFO |   active_project (CACHED): MO06791_Lavabomeubel_(9-16)
2026-02-14 07:25:51.350 | INFO |   active_user (CACHED): ACCURA
2026-02-14 07:25:51.350 | INFO |   Session marked as paused at 2026-02-14 07:25:51.350812
2026-02-14 07:25:51.350 | INFO |   Using CACHED user: ACCURA
2026-02-14 07:25:51.350 | INFO |   Using CACHED project: MO06791_Lavabomeubel_(9-16)
2026-02-14 07:25:51.351 | INFO |   Using session_id for API: ACCURA_MO06791_Lavabomeubel_(9-16)_20260214_072224
2026-02-14 07:25:51.351 | INFO |   PAUSE API data: {"session_id": "ACCURA_MO06791_Lavabomeubel_(9-16)_20260214_072224", "timestamp": "2026-02-14T07:25:51.350812", "user": "ACCURA", "project": "MO06791_Lavabomeubel_(9-16)"}
2026-02-14 07:25:51.351 | INFO |   PAUSE API CALL: POST http://localhost:5001/session/pause
2026-02-14 07:25:55.442 | ERROR |   PAUSE API CONNECTION ERROR: HTTPConnectionPool(host='localhost', port=5001): Max retries exceeded with url: /session/pause (Caused by NewConnectionError('<urllib3.connection.HTTPConnection object at 0x000002C451A7A250>: Failed to establish a new connection: [WinError 10061] Kan geen verbinding maken omdat de doelcomputer de verbinding actief heeft geweigerd'))
2026-02-14 07:25:55.443 | INFO |   PAUSE COMPLETE - _pause_complete_event SET
2026-02-14 07:26:03.015 | INFO | ================================================================================
2026-02-14 07:26:03.015 | INFO | SESSION DEBUG LOGGER INITIALIZED
2026-02-14 07:26:03.015 | INFO | ================================================================================
2026-02-14 07:26:03.488 | INFO | ScannerPanel initialized - thread sync enabled
2026-02-14 07:26:07.376 | INFO | ScannerPanel initialized - thread sync enabled
2026-02-14 07:26:15.708 | INFO | ============================================================
2026-02-14 07:26:15.709 | INFO | _start_session_for_excel_work CALLED
2026-02-14 07:26:15.709 | INFO |   excel_file_path: C:/ACCURA/MO06791_Lavabomeubel_(9-16)_20260212_212636.xlsx
2026-02-14 07:26:15.709 | INFO |   existing current_session_id: None
2026-02-14 07:26:15.709 | INFO |   existing api_session_id: None
2026-02-14 07:26:15.709 | INFO |   existing active_project: None
2026-02-14 07:26:15.709 | INFO |   existing active_user: None
2026-02-14 07:26:15.709 | INFO |   User source: config fallback = ACCURA
2026-02-14 07:26:15.717 | INFO |   Project extracted and CACHED: MO06791_Lavabomeubel_(9-16)
2026-02-14 07:26:15.717 | INFO |   Checking for existing session: user=ACCURA, project=MO06791_Lavabomeubel_(9-16)
2026-02-14 07:26:19.718 | INFO |   No existing session found - creating NEW session
2026-02-14 07:26:19.718 | INFO |   NEW session created: ACCURA_MO06791_Lavabomeubel_(9-16)_20260214_072619
2026-02-14 07:26:19.718 | INFO |   (api_session_id will be set when API responds)
2026-02-14 07:26:19.718 | INFO |   API CALL: POST http://localhost:5001/session/xlsx_updated
2026-02-14 07:26:19.718 | INFO |   API DATA: {"event": "XLSX_UPDATED", "user": "ACCURA", "project": "MO06791_Lavabomeubel_(9-16)", "file_path": "C:/ACCURA/MO06791_Lavabomeubel_(9-16)_20260212_212636.xlsx", "item_count": 17, "timestamp": "2026-02-14T07:26:19.718600", "session_id": "ACCURA_MO06791_Lavabomeubel_(9-16)_20260214_072619"}
2026-02-14 07:26:23.794 | ERROR |   API EXCEPTION: HTTPConnectionPool(host='localhost', port=5001): Max retries exceeded with url: /session/xlsx_updated (Caused by NewConnectionError('<urllib3.connection.HTTPConnection object at 0x0000020ED0BDEE10>: Failed to establish a new connection: [WinError 10061] Kan geen verbinding maken omdat de doelcomputer de verbinding actief heeft geweigerd'))
2026-02-14 07:32:52.502 | INFO | ============================================================
2026-02-14 07:32:52.502 | INFO | _pause_session CALLED
2026-02-14 07:32:52.502 | INFO |   blocking: True
2026-02-14 07:32:52.502 | INFO |   current_session_id: ACCURA_MO06791_Lavabomeubel_(9-16)_20260214_072619
2026-02-14 07:32:52.502 | INFO |   api_session_id: None
2026-02-14 07:32:52.502 | INFO |   session_paused: False
2026-02-14 07:32:52.502 | INFO |   active_project (CACHED): MO06791_Lavabomeubel_(9-16)
2026-02-14 07:32:52.502 | INFO |   active_user (CACHED): ACCURA
2026-02-14 07:32:52.502 | INFO |   Session marked as paused at 2026-02-14 07:32:52.502407
2026-02-14 07:32:52.502 | INFO |   Using CACHED user: ACCURA
2026-02-14 07:32:52.502 | INFO |   Using CACHED project: MO06791_Lavabomeubel_(9-16)
2026-02-14 07:32:52.506 | INFO |   Using session_id for API: ACCURA_MO06791_Lavabomeubel_(9-16)_20260214_072619
2026-02-14 07:32:52.506 | INFO |   PAUSE API data: {"session_id": "ACCURA_MO06791_Lavabomeubel_(9-16)_20260214_072619", "timestamp": "2026-02-14T07:32:52.502407", "user": "ACCURA", "project": "MO06791_Lavabomeubel_(9-16)"}
2026-02-14 07:32:52.506 | INFO |   PAUSE API CALL: POST http://localhost:5001/session/pause
2026-02-14 07:32:56.570 | ERROR |   PAUSE API CONNECTION ERROR: HTTPConnectionPool(host='localhost', port=5001): Max retries exceeded with url: /session/pause (Caused by NewConnectionError('<urllib3.connection.HTTPConnection object at 0x0000020ED0BC5050>: Failed to establish a new connection: [WinError 10061] Kan geen verbinding maken omdat de doelcomputer de verbinding actief heeft geweigerd'))
2026-02-14 07:32:56.570 | INFO |   PAUSE COMPLETE - _pause_complete_event SET
2026-02-14 07:33:03.881 | INFO | ================================================================================
2026-02-14 07:33:03.881 | INFO | SESSION DEBUG LOGGER INITIALIZED
2026-02-14 07:33:03.881 | INFO | ================================================================================
2026-02-14 07:33:04.335 | INFO | ScannerPanel initialized - thread sync enabled
2026-02-14 07:33:08.451 | INFO | ScannerPanel initialized - thread sync enabled
2026-02-14 07:33:17.124 | INFO | ============================================================
2026-02-14 07:33:17.124 | INFO | _start_session_for_excel_work CALLED
2026-02-14 07:33:17.124 | INFO |   excel_file_path: C:/ACCURA/MO06791_Lavabomeubel_(9-16)_20260212_212636.xlsx
2026-02-14 07:33:17.124 | INFO |   existing current_session_id: None
2026-02-14 07:33:17.124 | INFO |   existing api_session_id: None
2026-02-14 07:33:17.124 | INFO |   existing active_project: None
2026-02-14 07:33:17.124 | INFO |   existing active_user: None
2026-02-14 07:33:17.125 | INFO |   User source: config fallback = ACCURA
2026-02-14 07:33:17.134 | INFO |   Project extracted and CACHED: MO06791_Lavabomeubel_(9-16)
2026-02-14 07:33:17.134 | INFO |   Checking for existing session: user=ACCURA, project=MO06791_Lavabomeubel_(9-16)
2026-02-14 07:33:21.154 | INFO |   No existing session found - creating NEW session
2026-02-14 07:33:21.155 | INFO |   NEW session created: ACCURA_MO06791_Lavabomeubel_(9-16)_20260214_073321
2026-02-14 07:33:21.155 | INFO |   (api_session_id will be set when API responds)
2026-02-14 07:33:21.155 | INFO |   API CALL: POST http://localhost:5001/session/xlsx_updated
2026-02-14 07:33:21.155 | INFO |   API DATA: {"event": "XLSX_UPDATED", "user": "ACCURA", "project": "MO06791_Lavabomeubel_(9-16)", "file_path": "C:/ACCURA/MO06791_Lavabomeubel_(9-16)_20260212_212636.xlsx", "item_count": 17, "timestamp": "2026-02-14T07:33:21.155233", "session_id": "ACCURA_MO06791_Lavabomeubel_(9-16)_20260214_073321"}
2026-02-14 07:33:25.242 | ERROR |   API EXCEPTION: HTTPConnectionPool(host='localhost', port=5001): Max retries exceeded with url: /session/xlsx_updated (Caused by NewConnectionError('<urllib3.connection.HTTPConnection object at 0x0000018832E7F0D0>: Failed to establish a new connection: [WinError 10061] Kan geen verbinding maken omdat de doelcomputer de verbinding actief heeft geweigerd'))
2026-02-14 07:36:34.765 | INFO | ============================================================
2026-02-14 07:36:34.765 | INFO | _pause_session CALLED
2026-02-14 07:36:34.765 | INFO |   blocking: True
2026-02-14 07:36:34.765 | INFO |   current_session_id: ACCURA_MO06791_Lavabomeubel_(9-16)_20260214_073321
2026-02-14 07:36:34.765 | INFO |   api_session_id: None
2026-02-14 07:36:34.765 | INFO |   session_paused: False
2026-02-14 07:36:34.765 | INFO |   active_project (CACHED): MO06791_Lavabomeubel_(9-16)
2026-02-14 07:36:34.765 | INFO |   active_user (CACHED): ACCURA
2026-02-14 07:36:34.765 | INFO |   Session marked as paused at 2026-02-14 07:36:34.765466
2026-02-14 07:36:34.765 | INFO |   Using CACHED user: ACCURA
2026-02-14 07:36:34.769 | INFO |   Using CACHED project: MO06791_Lavabomeubel_(9-16)
2026-02-14 07:36:34.769 | INFO |   Using session_id for API: ACCURA_MO06791_Lavabomeubel_(9-16)_20260214_073321
2026-02-14 07:36:34.769 | INFO |   PAUSE API data: {"session_id": "ACCURA_MO06791_Lavabomeubel_(9-16)_20260214_073321", "timestamp": "2026-02-14T07:36:34.765466", "user": "ACCURA", "project": "MO06791_Lavabomeubel_(9-16)"}
2026-02-14 07:36:34.769 | INFO |   PAUSE API CALL: POST http://localhost:5001/session/pause
2026-02-14 07:36:38.841 | ERROR |   PAUSE API CONNECTION ERROR: HTTPConnectionPool(host='localhost', port=5001): Max retries exceeded with url: /session/pause (Caused by NewConnectionError('<urllib3.connection.HTTPConnection object at 0x00000188328A4690>: Failed to establish a new connection: [WinError 10061] Kan geen verbinding maken omdat de doelcomputer de verbinding actief heeft geweigerd'))
2026-02-14 07:36:38.842 | INFO |   PAUSE COMPLETE - _pause_complete_event SET
2026-02-14 07:36:48.358 | INFO | ================================================================================
2026-02-14 07:36:48.358 | INFO | SESSION DEBUG LOGGER INITIALIZED
2026-02-14 07:36:48.358 | INFO | ================================================================================
2026-02-14 07:36:48.820 | INFO | ScannerPanel initialized - thread sync enabled
2026-02-14 07:36:57.243 | INFO | ============================================================
2026-02-14 07:36:57.243 | INFO | _start_session_for_excel_work CALLED
2026-02-14 07:36:57.243 | INFO |   excel_file_path: C:/ACCURA/MO06791_Lavabomeubel_(9-16)_20260212_212636.xlsx
2026-02-14 07:36:57.243 | INFO |   existing current_session_id: None
2026-02-14 07:36:57.243 | INFO |   existing api_session_id: None
2026-02-14 07:36:57.243 | INFO |   existing active_project: None
2026-02-14 07:36:57.243 | INFO |   existing active_user: None
2026-02-14 07:36:57.243 | INFO |   User source: config fallback = ACCURA
2026-02-14 07:36:57.252 | INFO |   Project extracted and CACHED: MO06791_Lavabomeubel_(9-16)
2026-02-14 07:36:57.252 | INFO |   Checking for existing session: user=ACCURA, project=MO06791_Lavabomeubel_(9-16)
2026-02-14 07:37:01.267 | INFO |   No existing session found - creating NEW session
2026-02-14 07:37:01.267 | INFO |   NEW session created: ACCURA_MO06791_Lavabomeubel_(9-16)_20260214_073701
2026-02-14 07:37:01.267 | INFO |   (api_session_id will be set when API responds)
2026-02-14 07:37:01.267 | INFO |   API CALL: POST http://localhost:5001/session/xlsx_updated
2026-02-14 07:37:01.267 | INFO |   API DATA: {"event": "XLSX_UPDATED", "user": "ACCURA", "project": "MO06791_Lavabomeubel_(9-16)", "file_path": "C:/ACCURA/MO06791_Lavabomeubel_(9-16)_20260212_212636.xlsx", "item_count": 17, "timestamp": "2026-02-14T07:37:01.267850", "session_id": "ACCURA_MO06791_Lavabomeubel_(9-16)_20260214_073701"}
2026-02-14 07:37:05.328 | ERROR |   API EXCEPTION: HTTPConnectionPool(host='localhost', port=5001): Max retries exceeded with url: /session/xlsx_updated (Caused by NewConnectionError('<urllib3.connection.HTTPConnection object at 0x000001BDEF8399D0>: Failed to establish a new connection: [WinError 10061] Kan geen verbinding maken omdat de doelcomputer de verbinding actief heeft geweigerd'))
2026-02-14 07:52:50.062 | INFO | ============================================================
2026-02-14 07:52:50.062 | INFO | _pause_session CALLED
2026-02-14 07:52:50.062 | INFO |   blocking: False
2026-02-14 07:52:50.062 | INFO |   current_session_id: ACCURA_MO06791_Lavabomeubel_(9-16)_20260214_073701
2026-02-14 07:52:50.062 | INFO |   api_session_id: None
2026-02-14 07:52:50.062 | INFO |   session_paused: False
2026-02-14 07:52:50.062 | INFO |   active_project (CACHED): MO06791_Lavabomeubel_(9-16)
2026-02-14 07:52:50.062 | INFO |   active_user (CACHED): ACCURA
2026-02-14 07:52:50.062 | INFO |   Session marked as paused at 2026-02-14 07:52:50.062479
2026-02-14 07:52:50.062 | INFO |   Using CACHED user: ACCURA
2026-02-14 07:52:50.062 | INFO |   Using CACHED project: MO06791_Lavabomeubel_(9-16)
2026-02-14 07:52:50.062 | INFO |   Using session_id for API: ACCURA_MO06791_Lavabomeubel_(9-16)_20260214_073701
2026-02-14 07:52:50.062 | INFO |   PAUSE API data: {"session_id": "ACCURA_MO06791_Lavabomeubel_(9-16)_20260214_073701", "timestamp": "2026-02-14T07:52:50.062479", "user": "ACCURA", "project": "MO06791_Lavabomeubel_(9-16)"}
2026-02-14 07:52:50.062 | INFO |   PAUSE API CALL: POST http://localhost:5001/session/pause
2026-02-14 07:52:54.129 | ERROR |   PAUSE API CONNECTION ERROR: HTTPConnectionPool(host='localhost', port=5001): Max retries exceeded with url: /session/pause (Caused by NewConnectionError('<urllib3.connection.HTTPConnection object at 0x000001BDEF96E950>: Failed to establish a new connection: [WinError 10061] Kan geen verbinding maken omdat de doelcomputer de verbinding actief heeft geweigerd'))
2026-02-14 07:52:54.129 | INFO |   PAUSE COMPLETE - _pause_complete_event SET
2026-02-14 07:52:58.866 | INFO | ============================================================
2026-02-14 07:52:58.866 | INFO | _pause_session CALLED
2026-02-14 07:52:58.866 | INFO |   blocking: False
2026-02-14 07:52:58.866 | INFO |   current_session_id: ACCURA_MO06791_Lavabomeubel_(9-16)_20260214_073701
2026-02-14 07:52:58.866 | INFO |   api_session_id: None
2026-02-14 07:52:58.866 | INFO |   session_paused: False
2026-02-14 07:52:58.866 | INFO |   active_project (CACHED): MO06791_Lavabomeubel_(9-16)
2026-02-14 07:52:58.866 | INFO |   active_user (CACHED): ACCURA
2026-02-14 07:52:58.866 | INFO |   Session marked as paused at 2026-02-14 07:52:50.062479
2026-02-14 07:52:58.866 | INFO |   Using CACHED user: ACCURA
2026-02-14 07:52:58.866 | INFO |   Using CACHED project: MO06791_Lavabomeubel_(9-16)
2026-02-14 07:52:58.880 | INFO |   Using session_id for API: ACCURA_MO06791_Lavabomeubel_(9-16)_20260214_073701
2026-02-14 07:52:58.880 | INFO |   PAUSE API data: {"session_id": "ACCURA_MO06791_Lavabomeubel_(9-16)_20260214_073701", "timestamp": "2026-02-14T07:52:50.062479", "user": "ACCURA", "project": "MO06791_Lavabomeubel_(9-16)"}
2026-02-14 07:52:58.880 | INFO |   PAUSE API CALL: POST http://localhost:5001/session/pause
2026-02-14 10:30:18.213 | INFO | ================================================================================
2026-02-14 10:30:18.213 | INFO | SESSION DEBUG LOGGER INITIALIZED
2026-02-14 10:30:18.213 | INFO | ================================================================================
2026-02-14 10:30:19.604 | INFO | ScannerPanel initialized - thread sync enabled
2026-02-14 10:30:28.754 | INFO | ============================================================
2026-02-14 10:30:28.754 | INFO | _start_session_for_excel_work CALLED
2026-02-14 10:30:28.754 | INFO |   excel_file_path: C:/ACCURA/MO06791_Lavabomeubel_(9-16)_20260212_212636.xlsx
2026-02-14 10:30:28.754 | INFO |   existing current_session_id: None
2026-02-14 10:30:28.754 | INFO |   existing api_session_id: None
2026-02-14 10:30:28.754 | INFO |   existing active_project: None
2026-02-14 10:30:28.754 | INFO |   existing active_user: None
2026-02-14 10:30:28.754 | INFO |   User source: config fallback = ACCURA
2026-02-14 10:30:28.802 | INFO |   Project extracted and CACHED: MO06791_Lavabomeubel_(9-16)
2026-02-14 10:30:28.802 | INFO |   Checking for existing session: user=ACCURA, project=MO06791_Lavabomeubel_(9-16)
2026-02-14 10:30:32.826 | INFO |   No existing session found - creating NEW session
2026-02-14 10:30:32.826 | INFO |   NEW session created: ACCURA_MO06791_Lavabomeubel_(9-16)_20260214_103032
2026-02-14 10:30:32.826 | INFO |   (api_session_id will be set when API responds)
2026-02-14 10:30:32.826 | INFO |   API CALL: POST http://localhost:5001/session/xlsx_updated
2026-02-14 10:30:32.826 | INFO |   API DATA: {"event": "XLSX_UPDATED", "user": "ACCURA", "project": "MO06791_Lavabomeubel_(9-16)", "file_path": "C:/ACCURA/MO06791_Lavabomeubel_(9-16)_20260212_212636.xlsx", "item_count": 17, "timestamp": "2026-02-14T10:30:32.826259", "session_id": "ACCURA_MO06791_Lavabomeubel_(9-16)_20260214_103032"}
2026-02-14 10:30:36.910 | ERROR |   API EXCEPTION: HTTPConnectionPool(host='localhost', port=5001): Max retries exceeded with url: /session/xlsx_updated (Caused by NewConnectionError('<urllib3.connection.HTTPConnection object at 0x00000258B038D490>: Failed to establish a new connection: [WinError 10061] Kan geen verbinding maken omdat de doelcomputer de verbinding actief heeft geweigerd'))
2026-02-14 14:40:39.831 | INFO | ============================================================
2026-02-14 14:40:39.831 | INFO | _pause_session CALLED
2026-02-14 14:40:39.831 | INFO |   blocking: True
2026-02-14 14:40:39.831 | INFO |   current_session_id: ACCURA_MO06791_Lavabomeubel_(9-16)_20260214_103032
2026-02-14 14:40:39.831 | INFO |   api_session_id: None
2026-02-14 14:40:39.831 | INFO |   session_paused: False
2026-02-14 14:40:39.831 | INFO |   active_project (CACHED): MO06791_Lavabomeubel_(9-16)
2026-02-14 14:40:39.831 | INFO |   active_user (CACHED): ACCURA
2026-02-14 14:40:39.831 | INFO |   Session marked as paused at 2026-02-14 14:40:39.831959
2026-02-14 14:40:39.831 | INFO |   Using CACHED user: ACCURA
2026-02-14 14:40:39.831 | INFO |   Using CACHED project: MO06791_Lavabomeubel_(9-16)
2026-02-14 14:40:39.838 | INFO |   Using session_id for API: ACCURA_MO06791_Lavabomeubel_(9-16)_20260214_103032
2026-02-14 14:40:39.838 | INFO |   PAUSE API data: {"session_id": "ACCURA_MO06791_Lavabomeubel_(9-16)_20260214_103032", "timestamp": "2026-02-14T14:40:39.831959", "user": "ACCURA", "project": "MO06791_Lavabomeubel_(9-16)"}
2026-02-14 14:40:39.838 | INFO |   PAUSE API CALL: POST http://localhost:5001/session/pause
2026-02-14 14:40:43.953 | ERROR |   PAUSE API CONNECTION ERROR: HTTPConnectionPool(host='localhost', port=5001): Max retries exceeded with url: /session/pause (Caused by NewConnectionError('<urllib3.connection.HTTPConnection object at 0x00000258B045F210>: Failed to establish a new connection: [WinError 10061] Kan geen verbinding maken omdat de doelcomputer de verbinding actief heeft geweigerd'))
2026-02-14 14:40:43.953 | INFO |   PAUSE COMPLETE - _pause_complete_event SET
