2025-07-24 23:20:28,528 INFO [INIT] Background service log callback initialized
2025-07-24 23:20:28,528 INFO Using default work hours configuration
2025-07-24 23:20:28,635 INFO Initializing database at C:\Users\Rob_v\Desktop\Test-thuis\BarcodeMaster\dist\database/central_logging.sqlite
2025-07-24 23:20:28,647 INFO Added 'nesting_count' column to logs table.
2025-07-24 23:20:28,648 INFO Added 'opdeelzaag_count' column to logs table.
2025-07-24 23:20:28,648 INFO Added 'aantal_items' column to logs table.
2025-07-24 23:20:28,648 INFO Added 'aantal_sides' column to logs table.
2025-07-24 23:20:28,648 INFO Added 'mo_number' column to logs table.
2025-07-24 23:20:28,649 INFO Added 'so_number' column to logs table.
2025-07-24 23:20:28,649 INFO Added 'color' column to logs table.
2025-07-24 23:20:28,649 INFO Added 'customer_name' column to logs table.
2025-07-24 23:20:28,649 INFO Added 'nesting_count' column to sessions table.
2025-07-24 23:20:28,649 INFO Added 'opdeelzaag_count' column to sessions table.
2025-07-24 23:20:28,650 INFO Database initialization complete.
2025-07-24 23:20:28,654 ERROR Error creating efficiency tables: Working outside of application context.

This typically means that you attempted to use functionality that needed
the current application. To solve this, set up an application context
with app.app_context(). See the documentation for more information.
2025-07-24 23:20:28,654 INFO Daily efficiency update scheduler started
2025-07-24 23:20:28,657 INFO Daily efficiency updated for 0 users
2025-07-24 23:20:28,661 INFO Efficiency update triggered: {'success': True, 'updated_users': []}
2025-07-24 23:20:28,661 INFO Efficiency tracking system initialized
2025-07-24 23:20:28,675 INFO Starting database API server with Waitress on http://0.0.0.0:5001
2025-07-24 23:20:30,243 INFO [CALLBACK] Scanner panel callback registered
2025-07-24 23:21:22,257 INFO [db_log_api] /log called with data: {'event': 'OPEN', 'details': 'Y:\\OPUS\\KORPUS\\0619_MO06787_Dressing_A_deel2_(5-16)\\IND_06SchoenplankLV.HOP', 'project': 'MO06787_Dressing_A_deel2_(5-16)', 'base_mo_code': 'MO06787', 'is_rep_variant': False, 'user': 'DYNESTIC'}
2025-07-24 23:21:22,259 INFO Event OPEN received for DYNESTIC on MO06787_Dressing_A_deel2_(5-16). Triggering background import service.
2025-07-24 23:21:22,259 INFO Configuratie succesvol geladen.
2025-07-24 23:21:22,259 INFO Event ontvangen: User=DYNESTIC, Project=MO06787_Dressing_A_deel2_(5-16). Controleren voor import...
2025-07-24 23:21:22,259 INFO [BACKGROUND_CALLBACK] Event ontvangen: User=DYNESTIC, Project=MO06787_Dressing_A_deel2_(5-16). Controleren voor import...
2025-07-24 23:21:22,259 INFO [BACKGROUND_CALLBACK] Forwarded message to scanner panel: Event ontvangen: User=DYNESTIC, Project=MO06787_Dressing_A_deel2_(5-16). Controleren voor import...
2025-07-24 23:21:22,259 INFO NESTING_PROCESSING voor user 'DYNESTIC': triggering unified Excel processing voor 'MO06787_Dressing_A_deel2_(5-16)'
2025-07-24 23:21:22,259 INFO [BACKGROUND_CALLBACK] NESTING_PROCESSING voor user 'DYNESTIC': triggering unified Excel processing voor 'MO06787_Dressing_A_deel2_(5-16)'
2025-07-24 23:21:22,259 INFO [BACKGROUND_CALLBACK] Forwarded message to scanner panel: NESTING_PROCESSING voor user 'DYNESTIC': triggering unified Excel processing voor 'MO06787_Dressing_A_deel2_(5-16)'
2025-07-24 23:21:22,260 INFO [UNIFIED_SCAN] Processing ALL Excel users for project 'MO06787_Dressing_A_deel2_(5-16)' (triggered by DYNESTIC)
2025-07-24 23:21:22,260 INFO [BACKGROUND_CALLBACK] [UNIFIED_SCAN] Processing ALL Excel users for project 'MO06787_Dressing_A_deel2_(5-16)' (triggered by DYNESTIC)
2025-07-24 23:21:22,260 INFO [BACKGROUND_CALLBACK] Forwarded message to scanner panel: [UNIFIED_SCAN] Processing ALL Excel users for project 'MO06787_Dressing_A_deel2_(5-16)' (triggered by DYNESTIC)
2025-07-24 23:21:22,261 INFO [UNIFIED_SCAN] Found Excel processors: ['DYNESTIC']
2025-07-24 23:21:22,261 INFO [BACKGROUND_CALLBACK] [UNIFIED_SCAN] Found Excel processors: ['DYNESTIC']
2025-07-24 23:21:22,261 INFO [BACKGROUND_CALLBACK] Forwarded message to scanner panel: [UNIFIED_SCAN] Found Excel processors: ['DYNESTIC']
2025-07-24 23:21:22,261 INFO [UNIFIED_EXCEL] Processing directory 'C:/Rapporten' for Excel processors: ['DYNESTIC']
2025-07-24 23:21:22,261 INFO [BACKGROUND_CALLBACK] [UNIFIED_EXCEL] Processing directory 'C:/Rapporten' for Excel processors: ['DYNESTIC']
2025-07-24 23:21:22,261 INFO [BACKGROUND_CALLBACK] Forwarded message to scanner panel: [UNIFIED_EXCEL] Processing directory 'C:/Rapporten' for Excel processors: ['DYNESTIC']
2025-07-24 23:21:22,261 INFO [UNIFIED_EXCEL] Found Excel file: C:/Rapporten\S04710_MO06787_Dressing_A_deel2_(5-16)_Frank Celis.xls
2025-07-24 23:21:22,261 INFO [BACKGROUND_CALLBACK] [UNIFIED_EXCEL] Found Excel file: C:/Rapporten\S04710_MO06787_Dressing_A_deel2_(5-16)_Frank Celis.xls
2025-07-24 23:21:22,261 INFO [BACKGROUND_CALLBACK] Forwarded message to scanner panel: [UNIFIED_EXCEL] Found Excel file: C:/Rapporten\S04710_MO06787_Dressing_A_deel2_(5-16)_Frank Celis.xls
2025-07-24 23:21:22,299 INFO [BG_TASK] Processing OPEN for MO06787_Dressing_A_deel2_(5-16), scanned by DYNESTIC.
2025-07-24 23:21:22,299 INFO Background task started for OPEN event: MO06787_Dressing_A_deel2_(5-16)
2025-07-24 23:21:22,300 INFO [UNIFIED_EXCEL] NESTING_PROCESSING results: {'item_count': np.int64(22), 'nesting_count': np.int64(18), 'opdeelzaag_count': np.int64(4), 'mo_number': 'MO06787', 'so_number': 'S04710', 'customer_name': 'Frank Celis', 'color': 'S6'}
2025-07-24 23:21:22,300 INFO [BG_TASK] Finished processing OPEN for MO06787_Dressing_A_deel2_(5-16).
2025-07-24 23:21:22,300 INFO [BACKGROUND_CALLBACK] [UNIFIED_EXCEL] NESTING_PROCESSING results: {'item_count': np.int64(22), 'nesting_count': np.int64(18), 'opdeelzaag_count': np.int64(4), 'mo_number': 'MO06787', 'so_number': 'S04710', 'customer_name': 'Frank Celis', 'color': 'S6'}
2025-07-24 23:21:22,300 INFO [BACKGROUND_CALLBACK] Forwarded message to scanner panel: [UNIFIED_EXCEL] NESTING_PROCESSING results: {'item_count': np.int64(22), 'nesting_count': np.int64(18), 'opdeelzaag_count': np.int64(4), 'mo_number': 'MO06787', 'so_number': 'S04710', 'customer_name': 'Frank Celis', 'color': 'S6'}
2025-07-24 23:21:22,300 INFO [UNIFIED_EXCEL] Checking DYNESTIC: in_results=True, has_work=True, item_count=22
2025-07-24 23:21:22,300 INFO [BACKGROUND_CALLBACK] [UNIFIED_EXCEL] Checking DYNESTIC: in_results=True, has_work=True, item_count=22
2025-07-24 23:21:22,300 INFO [BACKGROUND_CALLBACK] Forwarded message to scanner panel: [UNIFIED_EXCEL] Checking DYNESTIC: in_results=True, has_work=True, item_count=22
2025-07-24 23:21:22,300 INFO [UNIFIED_EXCEL] Skipping additional OPEN event for triggering user DYNESTIC - already has one from original scan
2025-07-24 23:21:22,300 INFO [BACKGROUND_CALLBACK] [UNIFIED_EXCEL] Skipping additional OPEN event for triggering user DYNESTIC - already has one from original scan
2025-07-24 23:21:22,300 INFO [BACKGROUND_CALLBACK] Forwarded message to scanner panel: [UNIFIED_EXCEL] Skipping additional OPEN event for triggering user DYNESTIC - already has one from original scan
2025-07-24 23:21:22,300 INFO [UPDATE_EXISTING] NESTING_PROCESSING for DYNESTIC: {'has_work': np.True_, 'item_count': np.int64(22), 'nesting_count': np.int64(18), 'opdeelzaag_count': np.int64(4), 'mo_number': 'MO06787', 'so_number': 'S04710', 'customer_name': 'Frank Celis', 'color': 'S6'}
2025-07-24 23:21:22,301 INFO [BACKGROUND_CALLBACK] [UPDATE_EXISTING] NESTING_PROCESSING for DYNESTIC: {'has_work': np.True_, 'item_count': np.int64(22), 'nesting_count': np.int64(18), 'opdeelzaag_count': np.int64(4), 'mo_number': 'MO06787', 'so_number': 'S04710', 'customer_name': 'Frank Celis', 'color': 'S6'}
2025-07-24 23:21:22,301 INFO [BACKGROUND_CALLBACK] Forwarded message to scanner panel: [UPDATE_EXISTING] NESTING_PROCESSING for DYNESTIC: {'has_work': np.True_, 'item_count': np.int64(22), 'nesting_count': np.int64(18), 'opdeelzaag_count': np.int64(4), 'mo_number': 'MO06787', 'so_number': 'S04710', 'customer_name': 'Frank Celis', 'color': 'S6'}
2025-07-24 23:21:22,301 INFO [UPDATE_METADATA] Updating metadata for project MO06787_Dressing_A_deel2_(5-16), user DYNESTIC
2025-07-24 23:21:22,301 INFO [BACKGROUND_CALLBACK] [UPDATE_METADATA] Updating metadata for project MO06787_Dressing_A_deel2_(5-16), user DYNESTIC
2025-07-24 23:21:22,301 INFO [BACKGROUND_CALLBACK] Forwarded message to scanner panel: [UPDATE_METADATA] Updating metadata for project MO06787_Dressing_A_deel2_(5-16), user DYNESTIC
2025-07-24 23:21:24,329 INFO Updated metadata for 1 rows - project: MO06787_Dressing_A_deel2_(5-16), user: DYNESTIC
2025-07-24 23:21:24,333 INFO [UPDATE_METADATA] Successfully updated metadata for MO06787_Dressing_A_deel2_(5-16), user DYNESTIC
2025-07-24 23:21:24,333 INFO [BACKGROUND_CALLBACK] [UPDATE_METADATA] Successfully updated metadata for MO06787_Dressing_A_deel2_(5-16), user DYNESTIC
2025-07-24 23:21:24,333 INFO [BACKGROUND_CALLBACK] Forwarded message to scanner panel: [UPDATE_METADATA] Successfully updated metadata for MO06787_Dressing_A_deel2_(5-16), user DYNESTIC
2025-07-24 23:21:26,337 INFO [db_log_api] /update_item_count called with data: {'project': 'MO06787_Dressing_A_deel2_(5-16)', 'user': 'DYNESTIC', 'item_count': 22, 'nesting_count': 18, 'opdeelzaag_count': 4, 'timestamp': '2025-07-24T23:21:24.333980'}
2025-07-24 23:21:26,341 INFO Updated item count for DYNESTIC - MO06787_Dressing_A_deel2_(5-16): Total=22 (Nesting=18, Opdeelzaag=4)
2025-07-24 23:21:26,344 INFO OPEN event updated with item count for: DYNESTIC - MO06787_Dressing_A_deel2_(5-16) (Total: 22, Nesting: 18, Opdeelzaag: 4)
2025-07-24 23:21:26,344 INFO [BACKGROUND_CALLBACK] OPEN event updated with item count for: DYNESTIC - MO06787_Dressing_A_deel2_(5-16) (Total: 22, Nesting: 18, Opdeelzaag: 4)
2025-07-24 23:21:26,344 INFO [BACKGROUND_CALLBACK] Forwarded message to scanner panel: OPEN event updated with item count for: DYNESTIC - MO06787_Dressing_A_deel2_(5-16) (Total: 22, Nesting: 18, Opdeelzaag: 4)
2025-07-24 23:21:26,344 INFO [UNIFIED_EXCEL] Preparing callback for triggering user DYNESTIC (processing_type: NESTING_PROCESSING)
2025-07-24 23:21:26,344 INFO [BACKGROUND_CALLBACK] [UNIFIED_EXCEL] Preparing callback for triggering user DYNESTIC (processing_type: NESTING_PROCESSING)
2025-07-24 23:21:26,345 INFO [BACKGROUND_CALLBACK] Forwarded message to scanner panel: [UNIFIED_EXCEL] Preparing callback for triggering user DYNESTIC (processing_type: NESTING_PROCESSING)
2025-07-24 23:21:26,345 INFO [UNIFIED_EXCEL] Sending callback for triggering user DYNESTIC
2025-07-24 23:21:26,345 INFO [BACKGROUND_CALLBACK] [UNIFIED_EXCEL] Sending callback for triggering user DYNESTIC
2025-07-24 23:21:26,345 INFO [BACKGROUND_CALLBACK] Forwarded message to scanner panel: [UNIFIED_EXCEL] Sending callback for triggering user DYNESTIC
2025-07-24 23:21:26,345 INFO [UNIFIED_EXCEL] NESTING callback: 22 items
2025-07-24 23:21:26,345 INFO [BACKGROUND_CALLBACK] [UNIFIED_EXCEL] NESTING callback: 22 items
2025-07-24 23:21:26,345 INFO [BACKGROUND_CALLBACK] Forwarded message to scanner panel: [UNIFIED_EXCEL] NESTING callback: 22 items
2025-07-24 23:21:26,345 INFO [BACKGROUND_CALLBACK] BACKGROUND_WORK_FOUND:MO06787_Dressing_A_deel2_(5-16):DYNESTIC:22
2025-07-24 23:21:26,347 INFO [BACKGROUND_CALLBACK] Forwarded message to scanner panel: BACKGROUND_WORK_FOUND:MO06787_Dressing_A_deel2_(5-16):DYNESTIC:22
2025-07-24 23:21:26,349 INFO [BACKGROUND_CALLBACK] Logged work found event for DYNESTIC on MO06787_Dressing_A_deel2_(5-16): 22 items
2025-07-24 23:21:26,354 INFO [UNIFIED_EXCEL] Completed unified Excel processing for project 'MO06787_Dressing_A_deel2_(5-16)'
2025-07-24 23:21:26,354 INFO [BACKGROUND_CALLBACK] [UNIFIED_EXCEL] Completed unified Excel processing for project 'MO06787_Dressing_A_deel2_(5-16)'
2025-07-24 23:21:26,354 INFO [BACKGROUND_CALLBACK] Forwarded message to scanner panel: [UNIFIED_EXCEL] Completed unified Excel processing for project 'MO06787_Dressing_A_deel2_(5-16)'
2025-07-24 23:21:26,354 INFO [BACKGROUND_CALLBACK] BACKGROUND_PROCESSING_COMPLETE:MO06787_Dressing_A_deel2_(5-16)
2025-07-24 23:21:26,356 INFO [BACKGROUND_CALLBACK] Forwarded message to scanner panel: BACKGROUND_PROCESSING_COMPLETE:MO06787_Dressing_A_deel2_(5-16)
2025-07-24 23:21:26,356 INFO [UNIFIED_SCAN] Completed unified Excel processing for project 'MO06787_Dressing_A_deel2_(5-16)'
2025-07-24 23:21:26,356 INFO [BACKGROUND_CALLBACK] [UNIFIED_SCAN] Completed unified Excel processing for project 'MO06787_Dressing_A_deel2_(5-16)'
2025-07-24 23:21:26,356 INFO [BACKGROUND_CALLBACK] Forwarded message to scanner panel: [UNIFIED_SCAN] Completed unified Excel processing for project 'MO06787_Dressing_A_deel2_(5-16)'
2025-07-24 23:22:38,235 INFO logs_project endpoint called for project: 'MO06787_Dressing_A_deel2_(5-16)'
2025-07-24 23:22:39,044 INFO Dashboard display users: ['DYNESTIC']
2025-07-24 23:22:42,314 INFO logs_project endpoint called for project: 'MO06787_Dressing_A_deel2_(5-16)'
2025-07-24 23:22:45,672 INFO users endpoint was called
2025-07-24 23:22:56,141 INFO database management page was called
2025-07-24 23:22:57,737 INFO Dashboard display users: ['DYNESTIC']
2025-07-24 23:23:27,898 INFO Dashboard display users: ['DYNESTIC']
2025-07-24 23:23:58,261 INFO Dashboard display users: ['DYNESTIC']
2025-07-24 23:24:28,468 INFO Dashboard display users: ['DYNESTIC']
2025-07-24 23:24:58,535 INFO Dashboard display users: ['DYNESTIC']
2025-07-24 23:25:28,603 INFO Dashboard display users: ['DYNESTIC']
2025-07-24 23:25:58,671 INFO Dashboard display users: ['DYNESTIC']
2025-07-24 23:26:28,865 INFO Dashboard display users: ['DYNESTIC']
2025-07-24 23:26:58,933 INFO Dashboard display users: ['DYNESTIC']
2025-07-24 23:27:29,002 INFO Dashboard display users: ['DYNESTIC']
2025-07-24 23:27:59,070 INFO Dashboard display users: ['DYNESTIC']
2025-07-24 23:28:29,137 INFO Dashboard display users: ['DYNESTIC']
2025-07-24 23:28:59,209 INFO Dashboard display users: ['DYNESTIC']
2025-07-24 23:29:29,276 INFO Dashboard display users: ['DYNESTIC']
2025-07-24 23:29:59,345 INFO Dashboard display users: ['DYNESTIC']
2025-07-24 23:30:29,411 INFO Dashboard display users: ['DYNESTIC']
2025-07-24 23:30:59,479 INFO Dashboard display users: ['DYNESTIC']
2025-07-24 23:31:29,545 INFO Dashboard display users: ['DYNESTIC']
2025-07-24 23:31:59,611 INFO Dashboard display users: ['DYNESTIC']
2025-07-24 23:32:29,681 INFO Dashboard display users: ['DYNESTIC']
2025-07-24 23:32:59,751 INFO Dashboard display users: ['DYNESTIC']
2025-07-24 23:33:29,819 INFO Dashboard display users: ['DYNESTIC']
2025-07-24 23:33:59,889 INFO Dashboard display users: ['DYNESTIC']
2025-07-24 23:34:29,953 INFO Dashboard display users: ['DYNESTIC']
2025-07-24 23:35:00,010 INFO Dashboard display users: ['DYNESTIC']
2025-07-24 23:35:30,069 INFO Dashboard display users: ['DYNESTIC']
2025-07-24 23:36:00,127 INFO Dashboard display users: ['DYNESTIC']
2025-07-24 23:36:30,268 INFO Dashboard display users: ['DYNESTIC']
2025-07-24 23:37:00,327 INFO Dashboard display users: ['DYNESTIC']
2025-07-24 23:37:30,388 INFO Dashboard display users: ['DYNESTIC']
2025-07-24 23:38:00,452 INFO Dashboard display users: ['DYNESTIC']
2025-07-24 23:38:30,519 INFO Dashboard display users: ['DYNESTIC']
2025-07-24 23:39:00,587 INFO Dashboard display users: ['DYNESTIC']
2025-07-24 23:39:30,754 INFO Dashboard display users: ['DYNESTIC']
2025-07-24 23:40:00,814 INFO Dashboard display users: ['DYNESTIC']
2025-07-24 23:40:30,875 INFO Dashboard display users: ['DYNESTIC']
2025-07-24 23:41:00,938 INFO Dashboard display users: ['DYNESTIC']
2025-07-24 23:41:31,113 INFO Dashboard display users: ['DYNESTIC']
2025-07-24 23:42:01,171 INFO Dashboard display users: ['DYNESTIC']
2025-07-24 23:42:31,233 INFO Dashboard display users: ['DYNESTIC']
2025-07-24 23:43:01,301 INFO Dashboard display users: ['DYNESTIC']
2025-07-24 23:43:31,367 INFO Dashboard display users: ['DYNESTIC']
2025-07-24 23:44:01,437 INFO Dashboard display users: ['DYNESTIC']
2025-07-24 23:44:31,506 INFO Dashboard display users: ['DYNESTIC']
2025-07-24 23:45:01,573 INFO Dashboard display users: ['DYNESTIC']
2025-07-24 23:45:31,640 INFO Dashboard display users: ['DYNESTIC']
2025-07-24 23:46:01,704 INFO Dashboard display users: ['DYNESTIC']
2025-07-24 23:46:31,900 INFO Dashboard display users: ['DYNESTIC']
2025-07-24 23:47:01,971 INFO Dashboard display users: ['DYNESTIC']
2025-07-24 23:47:32,338 INFO Dashboard display users: ['DYNESTIC']
2025-07-24 23:48:02,410 INFO Dashboard display users: ['DYNESTIC']
2025-07-24 23:48:32,602 INFO Dashboard display users: ['DYNESTIC']
2025-07-24 23:49:02,676 INFO Dashboard display users: ['DYNESTIC']
2025-07-24 23:49:32,736 INFO Dashboard display users: ['DYNESTIC']
2025-07-24 23:50:02,801 INFO Dashboard display users: ['DYNESTIC']
2025-07-24 23:50:32,973 INFO Dashboard display users: ['DYNESTIC']
2025-07-24 23:51:03,143 INFO Dashboard display users: ['DYNESTIC']
2025-07-24 23:51:33,202 INFO Dashboard display users: ['DYNESTIC']
2025-07-24 23:52:03,260 INFO Dashboard display users: ['DYNESTIC']
2025-07-24 23:52:33,319 INFO Dashboard display users: ['DYNESTIC']
2025-07-24 23:53:03,386 INFO Dashboard display users: ['DYNESTIC']
2025-07-24 23:53:33,569 INFO Dashboard display users: ['DYNESTIC']
2025-07-24 23:54:03,639 INFO Dashboard display users: ['DYNESTIC']
2025-07-24 23:54:33,820 INFO Dashboard display users: ['DYNESTIC']
2025-07-24 23:55:03,888 INFO Dashboard display users: ['DYNESTIC']
2025-07-24 23:55:34,090 INFO Dashboard display users: ['DYNESTIC']
2025-07-24 23:56:04,155 INFO Dashboard display users: ['DYNESTIC']
2025-07-24 23:56:34,340 INFO Dashboard display users: ['DYNESTIC']
2025-07-24 23:57:04,405 INFO Dashboard display users: ['DYNESTIC']
2025-07-24 23:57:34,473 INFO Dashboard display users: ['DYNESTIC']
2025-07-24 23:58:04,538 INFO Dashboard display users: ['DYNESTIC']
2025-07-24 23:58:34,608 INFO Dashboard display users: ['DYNESTIC']
2025-07-24 23:59:04,675 INFO Dashboard display users: ['DYNESTIC']
2025-07-24 23:59:34,742 INFO Dashboard display users: ['DYNESTIC']
2025-07-25 00:00:04,811 INFO Dashboard display users: ['DYNESTIC']
2025-07-25 00:00:34,881 INFO Dashboard display users: ['DYNESTIC']
2025-07-25 00:01:04,944 INFO Dashboard display users: ['DYNESTIC']
2025-07-25 00:01:35,124 INFO Dashboard display users: ['DYNESTIC']
2025-07-25 00:02:05,191 INFO Dashboard display users: ['DYNESTIC']
2025-07-25 00:02:35,257 INFO Dashboard display users: ['DYNESTIC']
2025-07-25 00:03:05,325 INFO Dashboard display users: ['DYNESTIC']
2025-07-25 00:03:35,393 INFO Dashboard display users: ['DYNESTIC']
2025-07-25 00:04:05,462 INFO Dashboard display users: ['DYNESTIC']
2025-07-25 00:04:35,672 INFO Dashboard display users: ['DYNESTIC']
2025-07-25 00:05:05,735 INFO Dashboard display users: ['DYNESTIC']
2025-07-25 00:05:35,801 INFO Dashboard display users: ['DYNESTIC']
2025-07-25 00:06:05,869 INFO Dashboard display users: ['DYNESTIC']
2025-07-25 00:06:35,973 INFO Dashboard display users: ['DYNESTIC']
2025-07-25 00:07:06,040 INFO Dashboard display users: ['DYNESTIC']
2025-07-25 00:07:36,114 INFO Dashboard display users: ['DYNESTIC']
2025-07-25 00:08:06,308 INFO Dashboard display users: ['DYNESTIC']
2025-07-25 00:08:36,370 INFO Dashboard display users: ['DYNESTIC']
2025-07-25 00:09:06,439 INFO Dashboard display users: ['DYNESTIC']
2025-07-25 00:09:36,509 INFO Dashboard display users: ['DYNESTIC']
2025-07-25 00:10:06,575 INFO Dashboard display users: ['DYNESTIC']
2025-07-25 00:10:36,654 INFO Dashboard display users: ['DYNESTIC']
2025-07-25 00:11:06,719 INFO Dashboard display users: ['DYNESTIC']
2025-07-25 00:11:36,896 INFO Dashboard display users: ['DYNESTIC']
2025-07-25 00:12:06,965 INFO Dashboard display users: ['DYNESTIC']
2025-07-25 00:12:37,031 INFO Dashboard display users: ['DYNESTIC']
2025-07-25 00:13:07,105 INFO Dashboard display users: ['DYNESTIC']
2025-07-25 00:13:37,174 INFO Dashboard display users: ['DYNESTIC']
2025-07-25 00:14:07,242 INFO Dashboard display users: ['DYNESTIC']
2025-07-25 00:14:37,506 INFO Dashboard display users: ['DYNESTIC']
2025-07-25 00:15:07,580 INFO Dashboard display users: ['DYNESTIC']
2025-07-25 00:15:37,765 INFO Dashboard display users: ['DYNESTIC']
2025-07-25 00:16:07,834 INFO Dashboard display users: ['DYNESTIC']
2025-07-25 00:16:37,902 INFO Dashboard display users: ['DYNESTIC']
2025-07-25 00:17:08,295 INFO Dashboard display users: ['DYNESTIC']
2025-07-25 00:17:38,365 INFO Dashboard display users: ['DYNESTIC']
2025-07-25 00:18:08,431 INFO Dashboard display users: ['DYNESTIC']
2025-07-25 00:18:38,592 INFO Dashboard display users: ['DYNESTIC']
2025-07-25 00:19:08,661 INFO Dashboard display users: ['DYNESTIC']
2025-07-25 00:19:38,845 INFO Dashboard display users: ['DYNESTIC']
2025-07-25 00:20:08,909 INFO Dashboard display users: ['DYNESTIC']
2025-07-25 00:20:38,978 INFO Dashboard display users: ['DYNESTIC']
2025-07-25 00:21:09,047 INFO Dashboard display users: ['DYNESTIC']
2025-07-25 00:21:39,245 INFO Dashboard display users: ['DYNESTIC']
2025-07-25 00:22:09,412 INFO Dashboard display users: ['DYNESTIC']
2025-07-25 00:22:39,483 INFO Dashboard display users: ['DYNESTIC']
2025-07-25 00:23:09,659 INFO Dashboard display users: ['DYNESTIC']
2025-07-25 00:23:39,733 INFO Dashboard display users: ['DYNESTIC']
2025-07-25 00:24:09,802 INFO Dashboard display users: ['DYNESTIC']
2025-07-25 00:24:39,870 INFO Dashboard display users: ['DYNESTIC']
2025-07-25 00:25:09,938 INFO Dashboard display users: ['DYNESTIC']
2025-07-25 00:25:40,118 INFO Dashboard display users: ['DYNESTIC']
2025-07-25 00:26:10,182 INFO Dashboard display users: ['DYNESTIC']
2025-07-25 00:26:40,345 INFO Dashboard display users: ['DYNESTIC']
2025-07-25 00:27:10,415 INFO Dashboard display users: ['DYNESTIC']
2025-07-25 00:27:40,480 INFO Dashboard display users: ['DYNESTIC']
2025-07-25 00:28:10,549 INFO Dashboard display users: ['DYNESTIC']
2025-07-25 00:28:40,633 INFO Dashboard display users: ['DYNESTIC']
2025-07-25 00:29:10,824 INFO Dashboard display users: ['DYNESTIC']
2025-07-25 00:29:40,896 INFO Dashboard display users: ['DYNESTIC']
2025-07-25 00:30:10,959 INFO Dashboard display users: ['DYNESTIC']
2025-07-25 00:30:41,025 INFO Dashboard display users: ['DYNESTIC']
2025-07-25 00:31:11,092 INFO Dashboard display users: ['DYNESTIC']
2025-07-25 00:31:41,162 INFO Dashboard display users: ['DYNESTIC']
2025-07-25 00:32:11,232 INFO Dashboard display users: ['DYNESTIC']
2025-07-25 00:32:41,411 INFO Dashboard display users: ['DYNESTIC']
2025-07-25 00:33:11,488 INFO Dashboard display users: ['DYNESTIC']
2025-07-25 00:33:41,553 INFO Dashboard display users: ['DYNESTIC']
2025-07-25 00:34:11,622 INFO Dashboard display users: ['DYNESTIC']
2025-07-25 00:34:41,691 INFO Dashboard display users: ['DYNESTIC']
2025-07-25 00:35:11,763 INFO Dashboard display users: ['DYNESTIC']
2025-07-25 00:35:41,837 INFO Dashboard display users: ['DYNESTIC']
2025-07-25 00:36:11,912 INFO Dashboard display users: ['DYNESTIC']
2025-07-25 00:36:41,987 INFO Dashboard display users: ['DYNESTIC']
2025-07-25 00:37:12,057 INFO Dashboard display users: ['DYNESTIC']
2025-07-25 00:37:42,130 INFO Dashboard display users: ['DYNESTIC']
2025-07-25 00:38:12,199 INFO Dashboard display users: ['DYNESTIC']
2025-07-25 00:38:42,388 INFO Dashboard display users: ['DYNESTIC']
2025-07-25 00:39:12,586 INFO Dashboard display users: ['DYNESTIC']
2025-07-25 00:39:42,659 INFO Dashboard display users: ['DYNESTIC']
2025-07-25 00:40:12,728 INFO Dashboard display users: ['DYNESTIC']
2025-07-25 00:40:42,800 INFO Dashboard display users: ['DYNESTIC']
2025-07-25 00:41:12,969 INFO Dashboard display users: ['DYNESTIC']
2025-07-25 00:41:43,150 INFO Dashboard display users: ['DYNESTIC']
2025-07-25 00:42:13,780 INFO Dashboard display users: ['DYNESTIC']
2025-07-25 00:42:44,032 INFO Dashboard display users: ['DYNESTIC']
2025-07-25 00:43:14,234 INFO Dashboard display users: ['DYNESTIC']
2025-07-25 00:43:44,304 INFO Dashboard display users: ['DYNESTIC']
2025-07-25 00:44:14,372 INFO Dashboard display users: ['DYNESTIC']
2025-07-25 00:44:44,447 INFO Dashboard display users: ['DYNESTIC']
2025-07-25 00:45:14,516 INFO Dashboard display users: ['DYNESTIC']
2025-07-25 00:45:44,581 INFO Dashboard display users: ['DYNESTIC']
2025-07-25 00:46:14,646 INFO Dashboard display users: ['DYNESTIC']
2025-07-25 00:46:44,713 INFO Dashboard display users: ['DYNESTIC']
2025-07-25 00:47:15,084 INFO Dashboard display users: ['DYNESTIC']
2025-07-25 00:47:45,156 INFO Dashboard display users: ['DYNESTIC']
2025-07-25 00:48:15,222 INFO Dashboard display users: ['DYNESTIC']
2025-07-25 00:48:45,290 INFO Dashboard display users: ['DYNESTIC']
2025-07-25 00:49:15,360 INFO Dashboard display users: ['DYNESTIC']
2025-07-25 00:49:45,432 INFO Dashboard display users: ['DYNESTIC']
2025-07-25 00:50:15,606 INFO Dashboard display users: ['DYNESTIC']
2025-07-25 00:50:45,676 INFO Dashboard display users: ['DYNESTIC']
2025-07-25 00:51:15,745 INFO Dashboard display users: ['DYNESTIC']
2025-07-25 00:51:45,815 INFO Dashboard display users: ['DYNESTIC']
2025-07-25 00:52:15,886 INFO Dashboard display users: ['DYNESTIC']
2025-07-25 00:52:46,069 INFO Dashboard display users: ['DYNESTIC']
2025-07-25 00:53:16,145 INFO Dashboard display users: ['DYNESTIC']
2025-07-25 00:53:46,218 INFO Dashboard display users: ['DYNESTIC']
2025-07-25 00:54:16,287 INFO Dashboard display users: ['DYNESTIC']
2025-07-25 00:54:46,353 INFO Dashboard display users: ['DYNESTIC']
2025-07-25 00:55:16,422 INFO Dashboard display users: ['DYNESTIC']
2025-07-25 00:55:46,492 INFO Dashboard display users: ['DYNESTIC']
2025-07-25 00:56:16,563 INFO Dashboard display users: ['DYNESTIC']
2025-07-25 00:56:46,636 INFO Dashboard display users: ['DYNESTIC']
2025-07-25 00:57:16,703 INFO Dashboard display users: ['DYNESTIC']
2025-07-25 00:57:46,766 INFO Dashboard display users: ['DYNESTIC']
2025-07-25 00:58:16,835 INFO Dashboard display users: ['DYNESTIC']
2025-07-25 00:58:46,900 INFO Dashboard display users: ['DYNESTIC']
2025-07-25 00:59:16,965 INFO Dashboard display users: ['DYNESTIC']
2025-07-25 00:59:47,033 INFO Dashboard display users: ['DYNESTIC']
2025-07-25 01:00:17,100 INFO Dashboard display users: ['DYNESTIC']
2025-07-25 01:00:47,168 INFO Dashboard display users: ['DYNESTIC']
2025-07-25 01:01:17,240 INFO Dashboard display users: ['DYNESTIC']
2025-07-25 01:01:47,421 INFO Dashboard display users: ['DYNESTIC']
2025-07-25 01:02:17,491 INFO Dashboard display users: ['DYNESTIC']
2025-07-25 01:02:47,556 INFO Dashboard display users: ['DYNESTIC']
2025-07-25 01:03:17,638 INFO Dashboard display users: ['DYNESTIC']
2025-07-25 01:03:47,708 INFO Dashboard display users: ['DYNESTIC']
2025-07-25 01:04:17,779 INFO Dashboard display users: ['DYNESTIC']
2025-07-25 01:04:47,944 INFO Dashboard display users: ['DYNESTIC']
2025-07-25 01:05:18,012 INFO Dashboard display users: ['DYNESTIC']
2025-07-25 01:05:48,080 INFO Dashboard display users: ['DYNESTIC']
2025-07-25 01:06:18,147 INFO Dashboard display users: ['DYNESTIC']
2025-07-25 01:06:48,214 INFO Dashboard display users: ['DYNESTIC']
2025-07-25 01:07:18,280 INFO Dashboard display users: ['DYNESTIC']
2025-07-25 01:07:48,350 INFO Dashboard display users: ['DYNESTIC']
2025-07-25 01:08:18,515 INFO Dashboard display users: ['DYNESTIC']
2025-07-25 01:08:48,585 INFO Dashboard display users: ['DYNESTIC']
2025-07-25 01:09:18,655 INFO Dashboard display users: ['DYNESTIC']
2025-07-25 01:09:48,724 INFO Dashboard display users: ['DYNESTIC']
2025-07-25 01:10:18,792 INFO Dashboard display users: ['DYNESTIC']
2025-07-25 01:10:48,858 INFO Dashboard display users: ['DYNESTIC']
2025-07-25 01:11:18,923 INFO Dashboard display users: ['DYNESTIC']
2025-07-25 01:11:48,992 INFO Dashboard display users: ['DYNESTIC']
2025-07-25 01:12:19,055 INFO Dashboard display users: ['DYNESTIC']
2025-07-25 01:12:49,119 INFO Dashboard display users: ['DYNESTIC']
2025-07-25 01:13:19,186 INFO Dashboard display users: ['DYNESTIC']
2025-07-25 01:13:49,252 INFO Dashboard display users: ['DYNESTIC']
2025-07-25 01:14:19,322 INFO Dashboard display users: ['DYNESTIC']
2025-07-25 01:14:49,505 INFO Dashboard display users: ['DYNESTIC']
2025-07-25 01:15:19,575 INFO Dashboard display users: ['DYNESTIC']
2025-07-25 01:15:49,639 INFO Dashboard display users: ['DYNESTIC']
2025-07-25 01:16:19,708 INFO Dashboard display users: ['DYNESTIC']
2025-07-25 01:16:49,772 INFO Dashboard display users: ['DYNESTIC']
2025-07-25 01:17:20,244 INFO Dashboard display users: ['DYNESTIC']
2025-07-25 01:17:50,316 INFO Dashboard display users: ['DYNESTIC']
2025-07-25 01:18:20,380 INFO Dashboard display users: ['DYNESTIC']
2025-07-25 01:18:50,449 INFO Dashboard display users: ['DYNESTIC']
2025-07-25 01:19:20,512 INFO Dashboard display users: ['DYNESTIC']
2025-07-25 01:19:50,698 INFO Dashboard display users: ['DYNESTIC']
2025-07-25 01:20:20,763 INFO Dashboard display users: ['DYNESTIC']
2025-07-25 01:20:50,941 INFO Dashboard display users: ['DYNESTIC']
2025-07-25 01:21:21,014 INFO Dashboard display users: ['DYNESTIC']
2025-07-25 01:21:51,082 INFO Dashboard display users: ['DYNESTIC']
2025-07-25 01:22:21,152 INFO Dashboard display users: ['DYNESTIC']
2025-07-25 01:22:51,218 INFO Dashboard display users: ['DYNESTIC']
2025-07-25 01:23:21,300 INFO Dashboard display users: ['DYNESTIC']
2025-07-25 01:23:51,367 INFO Dashboard display users: ['DYNESTIC']
2025-07-25 01:24:21,437 INFO Dashboard display users: ['DYNESTIC']
2025-07-25 01:24:51,507 INFO Dashboard display users: ['DYNESTIC']
2025-07-25 01:25:21,577 INFO Dashboard display users: ['DYNESTIC']
2025-07-25 01:25:51,647 INFO Dashboard display users: ['DYNESTIC']
2025-07-25 01:26:21,718 INFO Dashboard display users: ['DYNESTIC']
2025-07-25 01:26:51,791 INFO Dashboard display users: ['DYNESTIC']
2025-07-25 01:27:21,862 INFO Dashboard display users: ['DYNESTIC']
2025-07-25 01:27:51,928 INFO Dashboard display users: ['DYNESTIC']
2025-07-25 01:28:22,100 INFO Dashboard display users: ['DYNESTIC']
2025-07-25 01:28:52,168 INFO Dashboard display users: ['DYNESTIC']
2025-07-25 01:29:22,236 INFO Dashboard display users: ['DYNESTIC']
2025-07-25 01:29:52,306 INFO Dashboard display users: ['DYNESTIC']
2025-07-25 01:30:22,376 INFO Dashboard display users: ['DYNESTIC']
2025-07-25 01:30:52,453 INFO Dashboard display users: ['DYNESTIC']
2025-07-25 01:31:22,520 INFO Dashboard display users: ['DYNESTIC']
2025-07-25 01:31:52,585 INFO Dashboard display users: ['DYNESTIC']
2025-07-25 01:32:22,655 INFO Dashboard display users: ['DYNESTIC']
2025-07-25 01:32:52,827 INFO Dashboard display users: ['DYNESTIC']
2025-07-25 01:33:22,910 INFO Dashboard display users: ['DYNESTIC']
2025-07-25 01:33:52,975 INFO Dashboard display users: ['DYNESTIC']
2025-07-25 01:34:23,038 INFO Dashboard display users: ['DYNESTIC']
2025-07-25 01:34:53,102 INFO Dashboard display users: ['DYNESTIC']
2025-07-25 01:35:23,172 INFO Dashboard display users: ['DYNESTIC']
2025-07-25 01:35:53,242 INFO Dashboard display users: ['DYNESTIC']
2025-07-25 01:36:23,308 INFO Dashboard display users: ['DYNESTIC']
2025-07-25 01:36:53,489 INFO Dashboard display users: ['DYNESTIC']
2025-07-25 01:37:23,556 INFO Dashboard display users: ['DYNESTIC']
2025-07-25 01:37:53,624 INFO Dashboard display users: ['DYNESTIC']
2025-07-25 01:38:23,691 INFO Dashboard display users: ['DYNESTIC']
2025-07-25 01:38:53,763 INFO Dashboard display users: ['DYNESTIC']
2025-07-25 01:39:23,950 INFO Dashboard display users: ['DYNESTIC']
2025-07-25 01:39:54,024 INFO Dashboard display users: ['DYNESTIC']
2025-07-25 01:40:24,088 INFO Dashboard display users: ['DYNESTIC']
2025-07-25 01:40:54,266 INFO Dashboard display users: ['DYNESTIC']
2025-07-25 01:41:24,334 INFO Dashboard display users: ['DYNESTIC']
2025-07-25 01:41:54,518 INFO Dashboard display users: ['DYNESTIC']
2025-07-25 01:42:24,586 INFO Dashboard display users: ['DYNESTIC']
2025-07-25 01:42:54,652 INFO Dashboard display users: ['DYNESTIC']
2025-07-25 01:43:24,728 INFO Dashboard display users: ['DYNESTIC']
2025-07-25 01:43:54,797 INFO Dashboard display users: ['DYNESTIC']
2025-07-25 01:44:24,868 INFO Dashboard display users: ['DYNESTIC']
2025-07-25 01:44:54,935 INFO Dashboard display users: ['DYNESTIC']
2025-07-25 01:45:25,002 INFO Dashboard display users: ['DYNESTIC']
2025-07-25 01:45:55,072 INFO Dashboard display users: ['DYNESTIC']
2025-07-25 01:46:25,150 INFO Dashboard display users: ['DYNESTIC']
2025-07-25 01:46:55,218 INFO Dashboard display users: ['DYNESTIC']
2025-07-25 01:47:25,585 INFO Dashboard display users: ['DYNESTIC']
2025-07-25 01:47:55,758 INFO Dashboard display users: ['DYNESTIC']
2025-07-25 01:48:25,830 INFO Dashboard display users: ['DYNESTIC']
2025-07-25 01:48:55,903 INFO Dashboard display users: ['DYNESTIC']
2025-07-25 01:49:25,976 INFO Dashboard display users: ['DYNESTIC']
2025-07-25 01:49:56,054 INFO Dashboard display users: ['DYNESTIC']
2025-07-25 01:50:26,231 INFO Dashboard display users: ['DYNESTIC']
2025-07-25 01:50:56,300 INFO Dashboard display users: ['DYNESTIC']
2025-07-25 01:51:26,367 INFO Dashboard display users: ['DYNESTIC']
2025-07-25 01:51:56,443 INFO Dashboard display users: ['DYNESTIC']
2025-07-25 01:52:26,515 INFO Dashboard display users: ['DYNESTIC']
2025-07-25 01:52:56,584 INFO Dashboard display users: ['DYNESTIC']
2025-07-25 01:53:26,764 INFO Dashboard display users: ['DYNESTIC']
2025-07-25 01:53:56,832 INFO Dashboard display users: ['DYNESTIC']
2025-07-25 01:54:26,900 INFO Dashboard display users: ['DYNESTIC']
2025-07-25 01:54:56,967 INFO Dashboard display users: ['DYNESTIC']
2025-07-25 01:55:27,143 INFO Dashboard display users: ['DYNESTIC']
2025-07-25 01:55:57,215 INFO Dashboard display users: ['DYNESTIC']
2025-07-25 01:56:27,282 INFO Dashboard display users: ['DYNESTIC']
2025-07-25 01:56:57,352 INFO Dashboard display users: ['DYNESTIC']
2025-07-25 01:57:27,425 INFO Dashboard display users: ['DYNESTIC']
2025-07-25 01:57:57,616 INFO Dashboard display users: ['DYNESTIC']
2025-07-25 01:58:27,686 INFO Dashboard display users: ['DYNESTIC']
2025-07-25 01:58:57,757 INFO Dashboard display users: ['DYNESTIC']
2025-07-25 01:59:27,821 INFO Dashboard display users: ['DYNESTIC']
2025-07-25 01:59:57,889 INFO Dashboard display users: ['DYNESTIC']
2025-07-25 02:00:28,071 INFO Dashboard display users: ['DYNESTIC']
2025-07-25 02:00:58,143 INFO Dashboard display users: ['DYNESTIC']
2025-07-25 02:01:28,214 INFO Dashboard display users: ['DYNESTIC']
2025-07-25 02:01:58,398 INFO Dashboard display users: ['DYNESTIC']
2025-07-25 02:02:28,467 INFO Dashboard display users: ['DYNESTIC']
2025-07-25 02:02:58,537 INFO Dashboard display users: ['DYNESTIC']
2025-07-25 02:03:28,720 INFO Dashboard display users: ['DYNESTIC']
2025-07-25 02:03:58,886 INFO Dashboard display users: ['DYNESTIC']
2025-07-25 02:04:28,953 INFO Dashboard display users: ['DYNESTIC']
2025-07-25 02:04:59,023 INFO Dashboard display users: ['DYNESTIC']
2025-07-25 02:05:29,093 INFO Dashboard display users: ['DYNESTIC']
2025-07-25 02:05:59,265 INFO Dashboard display users: ['DYNESTIC']
2025-07-25 02:06:29,445 INFO Dashboard display users: ['DYNESTIC']
2025-07-25 02:06:59,516 INFO Dashboard display users: ['DYNESTIC']
2025-07-25 02:07:29,585 INFO Dashboard display users: ['DYNESTIC']
2025-07-25 02:07:59,653 INFO Dashboard display users: ['DYNESTIC']
2025-07-25 02:08:29,721 INFO Dashboard display users: ['DYNESTIC']
2025-07-25 02:08:59,792 INFO Dashboard display users: ['DYNESTIC']
2025-07-25 02:09:29,860 INFO Dashboard display users: ['DYNESTIC']
2025-07-25 02:09:59,931 INFO Dashboard display users: ['DYNESTIC']
2025-07-25 02:10:30,005 INFO Dashboard display users: ['DYNESTIC']
2025-07-25 02:11:00,176 INFO Dashboard display users: ['DYNESTIC']
2025-07-25 02:11:30,352 INFO Dashboard display users: ['DYNESTIC']
2025-07-25 02:12:00,526 INFO Dashboard display users: ['DYNESTIC']
2025-07-25 02:12:30,593 INFO Dashboard display users: ['DYNESTIC']
2025-07-25 02:13:00,663 INFO Dashboard display users: ['DYNESTIC']
2025-07-25 02:13:30,744 INFO Dashboard display users: ['DYNESTIC']
2025-07-25 02:14:00,922 INFO Dashboard display users: ['DYNESTIC']
2025-07-25 02:14:31,101 INFO Dashboard display users: ['DYNESTIC']
2025-07-25 02:15:01,173 INFO Dashboard display users: ['DYNESTIC']
2025-07-25 02:15:31,241 INFO Dashboard display users: ['DYNESTIC']
2025-07-25 02:16:01,306 INFO Dashboard display users: ['DYNESTIC']
2025-07-25 02:16:31,375 INFO Dashboard display users: ['DYNESTIC']
2025-07-25 02:17:01,443 INFO Dashboard display users: ['DYNESTIC']
2025-07-25 02:17:31,815 INFO Dashboard display users: ['DYNESTIC']
2025-07-25 02:18:01,886 INFO Dashboard display users: ['DYNESTIC']
2025-07-25 02:18:32,056 INFO Dashboard display users: ['DYNESTIC']
2025-07-25 02:19:02,115 INFO Dashboard display users: ['DYNESTIC']
2025-07-25 02:19:32,184 INFO Dashboard display users: ['DYNESTIC']
2025-07-25 02:20:02,252 INFO Dashboard display users: ['DYNESTIC']
2025-07-25 02:20:32,326 INFO Dashboard display users: ['DYNESTIC']
2025-07-25 02:21:02,392 INFO Dashboard display users: ['DYNESTIC']
2025-07-25 02:21:32,467 INFO Dashboard display users: ['DYNESTIC']
2025-07-25 02:22:02,639 INFO Dashboard display users: ['DYNESTIC']
2025-07-25 02:22:32,714 INFO Dashboard display users: ['DYNESTIC']
2025-07-25 02:23:02,780 INFO Dashboard display users: ['DYNESTIC']
2025-07-25 02:23:32,861 INFO Dashboard display users: ['DYNESTIC']
2025-07-25 02:24:03,057 INFO Dashboard display users: ['DYNESTIC']
2025-07-25 02:24:33,228 INFO Dashboard display users: ['DYNESTIC']
2025-07-25 02:25:03,297 INFO Dashboard display users: ['DYNESTIC']
2025-07-25 02:25:33,366 INFO Dashboard display users: ['DYNESTIC']
2025-07-25 02:26:03,435 INFO Dashboard display users: ['DYNESTIC']
2025-07-25 02:26:33,617 INFO Dashboard display users: ['DYNESTIC']
2025-07-25 02:27:03,683 INFO Dashboard display users: ['DYNESTIC']
2025-07-25 02:27:33,859 INFO Dashboard display users: ['DYNESTIC']
2025-07-25 02:28:03,926 INFO Dashboard display users: ['DYNESTIC']
2025-07-25 02:28:34,000 INFO Dashboard display users: ['DYNESTIC']
2025-07-25 02:29:04,063 INFO Dashboard display users: ['DYNESTIC']
2025-07-25 02:29:34,244 INFO Dashboard display users: ['DYNESTIC']
2025-07-25 02:30:04,311 INFO Dashboard display users: ['DYNESTIC']
2025-07-25 02:30:34,380 INFO Dashboard display users: ['DYNESTIC']
2025-07-25 02:31:04,448 INFO Dashboard display users: ['DYNESTIC']
2025-07-25 02:31:34,618 INFO Dashboard display users: ['DYNESTIC']
2025-07-25 02:32:04,685 INFO Dashboard display users: ['DYNESTIC']
2025-07-25 02:32:34,756 INFO Dashboard display users: ['DYNESTIC']
2025-07-25 02:33:04,826 INFO Dashboard display users: ['DYNESTIC']
2025-07-25 02:33:34,907 INFO Dashboard display users: ['DYNESTIC']
2025-07-25 02:34:04,976 INFO Dashboard display users: ['DYNESTIC']
2025-07-25 02:34:35,047 INFO Dashboard display users: ['DYNESTIC']
2025-07-25 02:35:05,111 INFO Dashboard display users: ['DYNESTIC']
2025-07-25 02:35:35,185 INFO Dashboard display users: ['DYNESTIC']
2025-07-25 02:36:05,254 INFO Dashboard display users: ['DYNESTIC']
2025-07-25 02:36:35,326 INFO Dashboard display users: ['DYNESTIC']
2025-07-25 02:37:05,398 INFO Dashboard display users: ['DYNESTIC']
2025-07-25 02:37:35,468 INFO Dashboard display users: ['DYNESTIC']
2025-07-25 02:38:05,539 INFO Dashboard display users: ['DYNESTIC']
2025-07-25 02:38:35,610 INFO Dashboard display users: ['DYNESTIC']
2025-07-25 02:39:05,789 INFO Dashboard display users: ['DYNESTIC']
2025-07-25 02:39:35,859 INFO Dashboard display users: ['DYNESTIC']
2025-07-25 02:40:06,049 INFO Dashboard display users: ['DYNESTIC']
2025-07-25 02:40:36,121 INFO Dashboard display users: ['DYNESTIC']
2025-07-25 02:41:06,192 INFO Dashboard display users: ['DYNESTIC']
2025-07-25 02:41:36,361 INFO Dashboard display users: ['DYNESTIC']
2025-07-25 02:42:06,526 INFO Dashboard display users: ['DYNESTIC']
2025-07-25 02:42:36,593 INFO Dashboard display users: ['DYNESTIC']
2025-07-25 02:43:06,655 INFO Dashboard display users: ['DYNESTIC']
2025-07-25 02:43:36,721 INFO Dashboard display users: ['DYNESTIC']
2025-07-25 02:44:06,797 INFO Dashboard display users: ['DYNESTIC']
2025-07-25 02:44:36,863 INFO Dashboard display users: ['DYNESTIC']
2025-07-25 02:45:07,041 INFO Dashboard display users: ['DYNESTIC']
2025-07-25 02:45:37,111 INFO Dashboard display users: ['DYNESTIC']
2025-07-25 02:46:07,280 INFO Dashboard display users: ['DYNESTIC']
2025-07-25 02:46:37,455 INFO Dashboard display users: ['DYNESTIC']
2025-07-25 02:47:07,824 INFO Dashboard display users: ['DYNESTIC']
2025-07-25 02:47:37,895 INFO Dashboard display users: ['DYNESTIC']
2025-07-25 02:48:07,958 INFO Dashboard display users: ['DYNESTIC']
2025-07-25 02:48:38,032 INFO Dashboard display users: ['DYNESTIC']
2025-07-25 02:49:08,208 INFO Dashboard display users: ['DYNESTIC']
2025-07-25 02:49:38,278 INFO Dashboard display users: ['DYNESTIC']
2025-07-25 02:50:08,345 INFO Dashboard display users: ['DYNESTIC']
2025-07-25 02:50:38,418 INFO Dashboard display users: ['DYNESTIC']
2025-07-25 02:51:08,486 INFO Dashboard display users: ['DYNESTIC']
2025-07-25 02:51:38,558 INFO Dashboard display users: ['DYNESTIC']
2025-07-25 02:52:08,628 INFO Dashboard display users: ['DYNESTIC']
2025-07-25 02:52:38,700 INFO Dashboard display users: ['DYNESTIC']
2025-07-25 02:53:08,876 INFO Dashboard display users: ['DYNESTIC']
2025-07-25 02:53:38,949 INFO Dashboard display users: ['DYNESTIC']
2025-07-25 02:54:09,115 INFO Dashboard display users: ['DYNESTIC']
2025-07-25 02:54:39,185 INFO Dashboard display users: ['DYNESTIC']
2025-07-25 02:55:09,251 INFO Dashboard display users: ['DYNESTIC']
2025-07-25 02:55:39,321 INFO Dashboard display users: ['DYNESTIC']
2025-07-25 02:56:09,387 INFO Dashboard display users: ['DYNESTIC']
2025-07-25 02:56:39,453 INFO Dashboard display users: ['DYNESTIC']
2025-07-25 02:57:09,521 INFO Dashboard display users: ['DYNESTIC']
2025-07-25 02:57:39,592 INFO Dashboard display users: ['DYNESTIC']
2025-07-25 02:58:09,774 INFO Dashboard display users: ['DYNESTIC']
2025-07-25 02:58:39,839 INFO Dashboard display users: ['DYNESTIC']
2025-07-25 02:59:10,010 INFO Dashboard display users: ['DYNESTIC']
2025-07-25 02:59:40,186 INFO Dashboard display users: ['DYNESTIC']
2025-07-25 03:00:10,356 INFO Dashboard display users: ['DYNESTIC']
2025-07-25 03:00:40,426 INFO Dashboard display users: ['DYNESTIC']
2025-07-25 03:01:10,490 INFO Dashboard display users: ['DYNESTIC']
2025-07-25 03:01:40,557 INFO Dashboard display users: ['DYNESTIC']
2025-07-25 03:02:10,628 INFO Dashboard display users: ['DYNESTIC']
2025-07-25 03:02:40,805 INFO Dashboard display users: ['DYNESTIC']
2025-07-25 03:03:10,876 INFO Dashboard display users: ['DYNESTIC']
2025-07-25 03:03:41,054 INFO Dashboard display users: ['DYNESTIC']
2025-07-25 03:04:11,120 INFO Dashboard display users: ['DYNESTIC']
2025-07-25 03:04:41,185 INFO Dashboard display users: ['DYNESTIC']
2025-07-25 03:05:11,367 INFO Dashboard display users: ['DYNESTIC']
2025-07-25 03:05:41,541 INFO Dashboard display users: ['DYNESTIC']
2025-07-25 03:06:11,611 INFO Dashboard display users: ['DYNESTIC']
2025-07-25 03:06:41,680 INFO Dashboard display users: ['DYNESTIC']
2025-07-25 03:07:11,749 INFO Dashboard display users: ['DYNESTIC']
2025-07-25 03:07:41,819 INFO Dashboard display users: ['DYNESTIC']
2025-07-25 03:08:11,889 INFO Dashboard display users: ['DYNESTIC']
2025-07-25 03:08:42,072 INFO Dashboard display users: ['DYNESTIC']
2025-07-25 03:09:12,139 INFO Dashboard display users: ['DYNESTIC']
2025-07-25 03:09:42,207 INFO Dashboard display users: ['DYNESTIC']
2025-07-25 03:10:12,382 INFO Dashboard display users: ['DYNESTIC']
2025-07-25 03:10:42,568 INFO Dashboard display users: ['DYNESTIC']
2025-07-25 03:11:12,730 INFO Dashboard display users: ['DYNESTIC']
2025-07-25 03:11:42,800 INFO Dashboard display users: ['DYNESTIC']
2025-07-25 03:12:12,985 INFO Dashboard display users: ['DYNESTIC']
2025-07-25 03:12:43,060 INFO Dashboard display users: ['DYNESTIC']
2025-07-25 03:13:13,237 INFO Dashboard display users: ['DYNESTIC']
2025-07-25 03:13:43,417 INFO Dashboard display users: ['DYNESTIC']
2025-07-25 03:14:13,584 INFO Dashboard display users: ['DYNESTIC']
2025-07-25 03:14:43,654 INFO Dashboard display users: ['DYNESTIC']
2025-07-25 03:15:13,835 INFO Dashboard display users: ['DYNESTIC']
2025-07-25 03:15:44,001 INFO Dashboard display users: ['DYNESTIC']
2025-07-25 03:16:14,071 INFO Dashboard display users: ['DYNESTIC']
2025-07-25 03:16:44,142 INFO Dashboard display users: ['DYNESTIC']
2025-07-25 03:17:14,618 INFO Dashboard display users: ['DYNESTIC']
2025-07-25 03:17:44,788 INFO Dashboard display users: ['DYNESTIC']
2025-07-25 03:18:14,952 INFO Dashboard display users: ['DYNESTIC']
2025-07-25 03:18:45,019 INFO Dashboard display users: ['DYNESTIC']
2025-07-25 03:19:15,087 INFO Dashboard display users: ['DYNESTIC']
2025-07-25 03:19:45,270 INFO Dashboard display users: ['DYNESTIC']
2025-07-25 03:20:15,435 INFO Dashboard display users: ['DYNESTIC']
2025-07-25 03:20:45,615 INFO Dashboard display users: ['DYNESTIC']
2025-07-25 03:21:15,684 INFO Dashboard display users: ['DYNESTIC']
2025-07-25 03:21:45,752 INFO Dashboard display users: ['DYNESTIC']
2025-07-25 03:22:15,821 INFO Dashboard display users: ['DYNESTIC']
2025-07-25 03:22:45,894 INFO Dashboard display users: ['DYNESTIC']
2025-07-25 03:23:15,963 INFO Dashboard display users: ['DYNESTIC']
2025-07-25 03:23:46,045 INFO Dashboard display users: ['DYNESTIC']
2025-07-25 03:24:16,117 INFO Dashboard display users: ['DYNESTIC']
2025-07-25 03:24:46,191 INFO Dashboard display users: ['DYNESTIC']
2025-07-25 03:25:16,259 INFO Dashboard display users: ['DYNESTIC']
2025-07-25 03:25:46,331 INFO Dashboard display users: ['DYNESTIC']
2025-07-25 03:26:16,402 INFO Dashboard display users: ['DYNESTIC']
2025-07-25 03:26:46,467 INFO Dashboard display users: ['DYNESTIC']
2025-07-25 03:27:16,533 INFO Dashboard display users: ['DYNESTIC']
2025-07-25 03:27:46,706 INFO Dashboard display users: ['DYNESTIC']
2025-07-25 03:28:16,778 INFO Dashboard display users: ['DYNESTIC']
2025-07-25 03:28:46,848 INFO Dashboard display users: ['DYNESTIC']
2025-07-25 03:29:16,918 INFO Dashboard display users: ['DYNESTIC']
2025-07-25 03:29:47,091 INFO Dashboard display users: ['DYNESTIC']
2025-07-25 03:30:17,265 INFO Dashboard display users: ['DYNESTIC']
2025-07-25 03:30:47,340 INFO Dashboard display users: ['DYNESTIC']
2025-07-25 03:31:17,535 INFO Dashboard display users: ['DYNESTIC']
2025-07-25 03:31:47,606 INFO Dashboard display users: ['DYNESTIC']
2025-07-25 03:32:17,802 INFO Dashboard display users: ['DYNESTIC']
2025-07-25 03:32:47,877 INFO Dashboard display users: ['DYNESTIC']
2025-07-25 03:33:17,945 INFO Dashboard display users: ['DYNESTIC']
2025-07-25 03:33:48,131 INFO Dashboard display users: ['DYNESTIC']
2025-07-25 03:34:18,304 INFO Dashboard display users: ['DYNESTIC']
2025-07-25 03:34:48,372 INFO Dashboard display users: ['DYNESTIC']
2025-07-25 03:35:18,436 INFO Dashboard display users: ['DYNESTIC']
2025-07-25 03:35:48,502 INFO Dashboard display users: ['DYNESTIC']
2025-07-25 03:36:18,566 INFO Dashboard display users: ['DYNESTIC']
2025-07-25 03:36:48,747 INFO Dashboard display users: ['DYNESTIC']
2025-07-25 03:37:18,816 INFO Dashboard display users: ['DYNESTIC']
2025-07-25 03:37:49,000 INFO Dashboard display users: ['DYNESTIC']
2025-07-25 03:38:19,074 INFO Dashboard display users: ['DYNESTIC']
2025-07-25 03:38:49,144 INFO Dashboard display users: ['DYNESTIC']
2025-07-25 03:39:19,215 INFO Dashboard display users: ['DYNESTIC']
2025-07-25 03:39:49,391 INFO Dashboard display users: ['DYNESTIC']
2025-07-25 03:40:19,456 INFO Dashboard display users: ['DYNESTIC']
2025-07-25 03:40:49,522 INFO Dashboard display users: ['DYNESTIC']
2025-07-25 03:41:19,593 INFO Dashboard display users: ['DYNESTIC']
2025-07-25 03:41:49,665 INFO Dashboard display users: ['DYNESTIC']
2025-07-25 03:42:19,731 INFO Dashboard display users: ['DYNESTIC']
2025-07-25 03:42:49,800 INFO Dashboard display users: ['DYNESTIC']
2025-07-25 03:43:19,873 INFO Dashboard display users: ['DYNESTIC']
2025-07-25 03:43:50,056 INFO Dashboard display users: ['DYNESTIC']
2025-07-25 03:44:20,227 INFO Dashboard display users: ['DYNESTIC']
2025-07-25 03:44:50,292 INFO Dashboard display users: ['DYNESTIC']
2025-07-25 03:45:20,358 INFO Dashboard display users: ['DYNESTIC']
2025-07-25 03:45:50,427 INFO Dashboard display users: ['DYNESTIC']
2025-07-25 03:46:20,497 INFO Dashboard display users: ['DYNESTIC']
2025-07-25 03:46:50,568 INFO Dashboard display users: ['DYNESTIC']
2025-07-25 03:47:21,044 INFO Dashboard display users: ['DYNESTIC']
2025-07-25 03:47:51,119 INFO Dashboard display users: ['DYNESTIC']
2025-07-25 03:48:21,186 INFO Dashboard display users: ['DYNESTIC']
2025-07-25 03:48:51,255 INFO Dashboard display users: ['DYNESTIC']
2025-07-25 03:49:21,328 INFO Dashboard display users: ['DYNESTIC']
2025-07-25 03:49:51,401 INFO Dashboard display users: ['DYNESTIC']
2025-07-25 03:50:21,469 INFO Dashboard display users: ['DYNESTIC']
2025-07-25 03:50:51,533 INFO Dashboard display users: ['DYNESTIC']
2025-07-25 03:51:21,703 INFO Dashboard display users: ['DYNESTIC']
2025-07-25 03:51:51,881 INFO Dashboard display users: ['DYNESTIC']
2025-07-25 03:52:22,052 INFO Dashboard display users: ['DYNESTIC']
2025-07-25 03:52:52,118 INFO Dashboard display users: ['DYNESTIC']
2025-07-25 03:53:22,310 INFO Dashboard display users: ['DYNESTIC']
2025-07-25 03:53:52,491 INFO Dashboard display users: ['DYNESTIC']
2025-07-25 03:54:22,563 INFO Dashboard display users: ['DYNESTIC']
2025-07-25 03:54:52,736 INFO Dashboard display users: ['DYNESTIC']
2025-07-25 03:55:22,902 INFO Dashboard display users: ['DYNESTIC']
2025-07-25 03:55:52,973 INFO Dashboard display users: ['DYNESTIC']
2025-07-25 03:56:23,044 INFO Dashboard display users: ['DYNESTIC']
2025-07-25 03:56:53,115 INFO Dashboard display users: ['DYNESTIC']
2025-07-25 03:57:23,309 INFO Dashboard display users: ['DYNESTIC']
2025-07-25 03:57:53,478 INFO Dashboard display users: ['DYNESTIC']
2025-07-25 03:58:23,655 INFO Dashboard display users: ['DYNESTIC']
2025-07-25 03:58:53,725 INFO Dashboard display users: ['DYNESTIC']
2025-07-25 03:59:23,799 INFO Dashboard display users: ['DYNESTIC']
2025-07-25 03:59:53,969 INFO Dashboard display users: ['DYNESTIC']
2025-07-25 04:00:24,034 INFO Dashboard display users: ['DYNESTIC']
2025-07-25 04:00:54,103 INFO Dashboard display users: ['DYNESTIC']
2025-07-25 04:01:24,167 INFO Dashboard display users: ['DYNESTIC']
2025-07-25 04:01:54,358 INFO Dashboard display users: ['DYNESTIC']
2025-07-25 04:02:24,430 INFO Dashboard display users: ['DYNESTIC']
2025-07-25 04:02:54,500 INFO Dashboard display users: ['DYNESTIC']
2025-07-25 04:03:24,670 INFO Dashboard display users: ['DYNESTIC']
2025-07-25 04:03:54,750 INFO Dashboard display users: ['DYNESTIC']
2025-07-25 04:04:24,922 INFO Dashboard display users: ['DYNESTIC']
2025-07-25 04:04:54,994 INFO Dashboard display users: ['DYNESTIC']
2025-07-25 04:05:25,066 INFO Dashboard display users: ['DYNESTIC']
2025-07-25 04:05:55,241 INFO Dashboard display users: ['DYNESTIC']
2025-07-25 04:06:25,413 INFO Dashboard display users: ['DYNESTIC']
2025-07-25 04:06:55,486 INFO Dashboard display users: ['DYNESTIC']
2025-07-25 04:07:25,551 INFO Dashboard display users: ['DYNESTIC']
2025-07-25 04:07:55,620 INFO Dashboard display users: ['DYNESTIC']
2025-07-25 04:08:25,797 INFO Dashboard display users: ['DYNESTIC']
2025-07-25 04:08:55,866 INFO Dashboard display users: ['DYNESTIC']
2025-07-25 04:09:25,936 INFO Dashboard display users: ['DYNESTIC']
2025-07-25 04:09:56,129 INFO Dashboard display users: ['DYNESTIC']
2025-07-25 04:10:26,299 INFO Dashboard display users: ['DYNESTIC']
2025-07-25 04:10:56,474 INFO Dashboard display users: ['DYNESTIC']
2025-07-25 04:11:26,545 INFO Dashboard display users: ['DYNESTIC']
2025-07-25 04:11:56,726 INFO Dashboard display users: ['DYNESTIC']
2025-07-25 04:12:26,797 INFO Dashboard display users: ['DYNESTIC']
2025-07-25 04:12:56,974 INFO Dashboard display users: ['DYNESTIC']
2025-07-25 04:13:27,140 INFO Dashboard display users: ['DYNESTIC']
2025-07-25 04:13:57,215 INFO Dashboard display users: ['DYNESTIC']
2025-07-25 04:14:27,287 INFO Dashboard display users: ['DYNESTIC']
2025-07-25 04:14:57,357 INFO Dashboard display users: ['DYNESTIC']
2025-07-25 04:15:27,545 INFO Dashboard display users: ['DYNESTIC']
2025-07-25 04:15:57,619 INFO Dashboard display users: ['DYNESTIC']
2025-07-25 04:16:27,691 INFO Dashboard display users: ['DYNESTIC']
2025-07-25 04:16:57,871 INFO Dashboard display users: ['DYNESTIC']
2025-07-25 04:17:28,243 INFO Dashboard display users: ['DYNESTIC']
2025-07-25 04:17:58,308 INFO Dashboard display users: ['DYNESTIC']
2025-07-25 04:18:28,496 INFO Dashboard display users: ['DYNESTIC']
2025-07-25 04:18:58,565 INFO Dashboard display users: ['DYNESTIC']
2025-07-25 04:19:28,640 INFO Dashboard display users: ['DYNESTIC']
2025-07-25 04:19:58,704 INFO Dashboard display users: ['DYNESTIC']
2025-07-25 04:20:28,768 INFO Dashboard display users: ['DYNESTIC']
2025-07-25 04:20:58,840 INFO Dashboard display users: ['DYNESTIC']
2025-07-25 04:21:28,909 INFO Dashboard display users: ['DYNESTIC']
2025-07-25 04:21:58,979 INFO Dashboard display users: ['DYNESTIC']
2025-07-25 04:22:29,163 INFO Dashboard display users: ['DYNESTIC']
2025-07-25 04:22:59,236 INFO Dashboard display users: ['DYNESTIC']
2025-07-25 04:23:29,306 INFO Dashboard display users: ['DYNESTIC']
2025-07-25 04:23:59,481 INFO Dashboard display users: ['DYNESTIC']
2025-07-25 04:24:29,667 INFO Dashboard display users: ['DYNESTIC']
2025-07-25 04:24:59,742 INFO Dashboard display users: ['DYNESTIC']
2025-07-25 04:25:29,929 INFO Dashboard display users: ['DYNESTIC']
2025-07-25 04:25:59,997 INFO Dashboard display users: ['DYNESTIC']
2025-07-25 04:26:30,066 INFO Dashboard display users: ['DYNESTIC']
2025-07-25 04:27:00,135 INFO Dashboard display users: ['DYNESTIC']
2025-07-25 04:27:30,205 INFO Dashboard display users: ['DYNESTIC']
2025-07-25 04:28:00,377 INFO Dashboard display users: ['DYNESTIC']
2025-07-25 04:28:30,550 INFO Dashboard display users: ['DYNESTIC']
2025-07-25 04:29:00,612 INFO Dashboard display users: ['DYNESTIC']
2025-07-25 04:29:30,680 INFO Dashboard display users: ['DYNESTIC']
2025-07-25 04:30:00,750 INFO Dashboard display users: ['DYNESTIC']
2025-07-25 04:30:30,827 INFO Dashboard display users: ['DYNESTIC']
2025-07-25 04:31:00,900 INFO Dashboard display users: ['DYNESTIC']
2025-07-25 04:31:31,084 INFO Dashboard display users: ['DYNESTIC']
2025-07-25 04:32:01,156 INFO Dashboard display users: ['DYNESTIC']
2025-07-25 04:32:31,229 INFO Dashboard display users: ['DYNESTIC']
2025-07-25 04:33:01,413 INFO Dashboard display users: ['DYNESTIC']
2025-07-25 04:33:31,480 INFO Dashboard display users: ['DYNESTIC']
2025-07-25 04:34:01,558 INFO Dashboard display users: ['DYNESTIC']
2025-07-25 04:34:31,629 INFO Dashboard display users: ['DYNESTIC']
2025-07-25 04:35:01,797 INFO Dashboard display users: ['DYNESTIC']
2025-07-25 04:35:31,861 INFO Dashboard display users: ['DYNESTIC']
2025-07-25 04:36:01,932 INFO Dashboard display users: ['DYNESTIC']
2025-07-25 04:36:32,111 INFO Dashboard display users: ['DYNESTIC']
2025-07-25 04:37:02,177 INFO Dashboard display users: ['DYNESTIC']
2025-07-25 04:37:32,241 INFO Dashboard display users: ['DYNESTIC']
2025-07-25 04:38:02,310 INFO Dashboard display users: ['DYNESTIC']
2025-07-25 04:38:32,495 INFO Dashboard display users: ['DYNESTIC']
2025-07-25 04:39:02,561 INFO Dashboard display users: ['DYNESTIC']
2025-07-25 04:39:32,742 INFO Dashboard display users: ['DYNESTIC']
2025-07-25 04:40:02,810 INFO Dashboard display users: ['DYNESTIC']
2025-07-25 04:40:32,882 INFO Dashboard display users: ['DYNESTIC']
2025-07-25 04:41:03,066 INFO Dashboard display users: ['DYNESTIC']
2025-07-25 04:41:33,131 INFO Dashboard display users: ['DYNESTIC']
2025-07-25 04:42:03,195 INFO Dashboard display users: ['DYNESTIC']
2025-07-25 04:42:33,266 INFO Dashboard display users: ['DYNESTIC']
2025-07-25 04:43:03,341 INFO Dashboard display users: ['DYNESTIC']
2025-07-25 04:43:33,413 INFO Dashboard display users: ['DYNESTIC']
2025-07-25 04:44:03,488 INFO Dashboard display users: ['DYNESTIC']
2025-07-25 04:44:33,675 INFO Dashboard display users: ['DYNESTIC']
2025-07-25 04:45:03,744 INFO Dashboard display users: ['DYNESTIC']
2025-07-25 04:45:33,808 INFO Dashboard display users: ['DYNESTIC']
2025-07-25 04:46:03,980 INFO Dashboard display users: ['DYNESTIC']
2025-07-25 04:46:34,053 INFO Dashboard display users: ['DYNESTIC']
2025-07-25 04:47:04,128 INFO Dashboard display users: ['DYNESTIC']
2025-07-25 04:47:34,618 INFO Dashboard display users: ['DYNESTIC']
2025-07-25 04:48:04,800 INFO Dashboard display users: ['DYNESTIC']
2025-07-25 04:48:34,865 INFO Dashboard display users: ['DYNESTIC']
2025-07-25 04:49:04,934 INFO Dashboard display users: ['DYNESTIC']
2025-07-25 04:49:35,116 INFO Dashboard display users: ['DYNESTIC']
2025-07-25 04:50:05,182 INFO Dashboard display users: ['DYNESTIC']
2025-07-25 04:50:35,350 INFO Dashboard display users: ['DYNESTIC']
2025-07-25 04:51:05,418 INFO Dashboard display users: ['DYNESTIC']
2025-07-25 04:51:35,488 INFO Dashboard display users: ['DYNESTIC']
2025-07-25 04:52:05,561 INFO Dashboard display users: ['DYNESTIC']
2025-07-25 04:52:35,623 INFO Dashboard display users: ['DYNESTIC']
2025-07-25 04:53:05,694 INFO Dashboard display users: ['DYNESTIC']
2025-07-25 04:53:35,770 INFO Dashboard display users: ['DYNESTIC']
2025-07-25 04:54:05,846 INFO Dashboard display users: ['DYNESTIC']
2025-07-25 04:54:35,919 INFO Dashboard display users: ['DYNESTIC']
2025-07-25 04:55:05,989 INFO Dashboard display users: ['DYNESTIC']
2025-07-25 04:55:36,059 INFO Dashboard display users: ['DYNESTIC']
2025-07-25 04:56:06,239 INFO Dashboard display users: ['DYNESTIC']
2025-07-25 04:56:36,428 INFO Dashboard display users: ['DYNESTIC']
2025-07-25 04:57:06,499 INFO Dashboard display users: ['DYNESTIC']
2025-07-25 04:57:36,571 INFO Dashboard display users: ['DYNESTIC']
2025-07-25 04:58:06,746 INFO Dashboard display users: ['DYNESTIC']
2025-07-25 04:58:36,815 INFO Dashboard display users: ['DYNESTIC']
2025-07-25 04:59:06,882 INFO Dashboard display users: ['DYNESTIC']
2025-07-25 04:59:36,950 INFO Dashboard display users: ['DYNESTIC']
2025-07-25 05:00:07,022 INFO Dashboard display users: ['DYNESTIC']
2025-07-25 05:00:37,213 INFO Dashboard display users: ['DYNESTIC']
2025-07-25 05:01:07,403 INFO Dashboard display users: ['DYNESTIC']
2025-07-25 05:01:37,471 INFO Dashboard display users: ['DYNESTIC']
2025-07-25 05:02:07,540 INFO Dashboard display users: ['DYNESTIC']
2025-07-25 05:02:37,612 INFO Dashboard display users: ['DYNESTIC']
2025-07-25 05:03:07,679 INFO Dashboard display users: ['DYNESTIC']
2025-07-25 05:03:37,867 INFO Dashboard display users: ['DYNESTIC']
2025-07-25 05:04:07,939 INFO Dashboard display users: ['DYNESTIC']
2025-07-25 05:04:38,008 INFO Dashboard display users: ['DYNESTIC']
2025-07-25 05:05:08,183 INFO Dashboard display users: ['DYNESTIC']
2025-07-25 05:05:38,254 INFO Dashboard display users: ['DYNESTIC']
2025-07-25 05:06:08,325 INFO Dashboard display users: ['DYNESTIC']
2025-07-25 05:06:38,396 INFO Dashboard display users: ['DYNESTIC']
2025-07-25 05:07:08,471 INFO Dashboard display users: ['DYNESTIC']
2025-07-25 05:07:38,542 INFO Dashboard display users: ['DYNESTIC']
2025-07-25 05:08:08,614 INFO Dashboard display users: ['DYNESTIC']
2025-07-25 05:08:38,687 INFO Dashboard display users: ['DYNESTIC']
2025-07-25 05:09:08,859 INFO Dashboard display users: ['DYNESTIC']
2025-07-25 05:09:39,035 INFO Dashboard display users: ['DYNESTIC']
2025-07-25 05:10:09,104 INFO Dashboard display users: ['DYNESTIC']
2025-07-25 05:10:39,172 INFO Dashboard display users: ['DYNESTIC']
2025-07-25 05:11:09,247 INFO Dashboard display users: ['DYNESTIC']
2025-07-25 05:11:39,313 INFO Dashboard display users: ['DYNESTIC']
2025-07-25 05:12:09,382 INFO Dashboard display users: ['DYNESTIC']
2025-07-25 05:12:39,456 INFO Dashboard display users: ['DYNESTIC']
2025-07-25 05:13:09,531 INFO Dashboard display users: ['DYNESTIC']
2025-07-25 05:13:39,603 INFO Dashboard display users: ['DYNESTIC']
2025-07-25 05:14:09,678 INFO Dashboard display users: ['DYNESTIC']
2025-07-25 05:14:39,871 INFO Dashboard display users: ['DYNESTIC']
2025-07-25 05:15:09,941 INFO Dashboard display users: ['DYNESTIC']
2025-07-25 05:15:40,013 INFO Dashboard display users: ['DYNESTIC']
2025-07-25 05:16:10,183 INFO Dashboard display users: ['DYNESTIC']
2025-07-25 05:16:40,252 INFO Dashboard display users: ['DYNESTIC']
2025-07-25 05:17:10,730 INFO Dashboard display users: ['DYNESTIC']
2025-07-25 05:17:40,808 INFO Dashboard display users: ['DYNESTIC']
2025-07-25 05:18:10,983 INFO Dashboard display users: ['DYNESTIC']
2025-07-25 05:18:41,052 INFO Dashboard display users: ['DYNESTIC']
2025-07-25 05:19:11,125 INFO Dashboard display users: ['DYNESTIC']
2025-07-25 05:19:41,308 INFO Dashboard display users: ['DYNESTIC']
2025-07-25 05:20:11,479 INFO Dashboard display users: ['DYNESTIC']
2025-07-25 05:20:41,657 INFO Dashboard display users: ['DYNESTIC']
2025-07-25 05:21:11,727 INFO Dashboard display users: ['DYNESTIC']
2025-07-25 05:21:41,795 INFO Dashboard display users: ['DYNESTIC']
2025-07-25 05:22:11,867 INFO Dashboard display users: ['DYNESTIC']
2025-07-25 05:22:41,937 INFO Dashboard display users: ['DYNESTIC']
2025-07-25 05:23:12,009 INFO Dashboard display users: ['DYNESTIC']
2025-07-25 05:23:42,072 INFO Dashboard display users: ['DYNESTIC']
2025-07-25 05:24:12,249 INFO Dashboard display users: ['DYNESTIC']
2025-07-25 05:24:42,319 INFO Dashboard display users: ['DYNESTIC']
2025-07-25 05:25:12,381 INFO Dashboard display users: ['DYNESTIC']
2025-07-25 05:25:42,563 INFO Dashboard display users: ['DYNESTIC']
2025-07-25 05:26:12,630 INFO Dashboard display users: ['DYNESTIC']
2025-07-25 05:26:42,700 INFO Dashboard display users: ['DYNESTIC']
2025-07-25 05:27:12,770 INFO Dashboard display users: ['DYNESTIC']
2025-07-25 05:27:42,839 INFO Dashboard display users: ['DYNESTIC']
2025-07-25 05:28:12,908 INFO Dashboard display users: ['DYNESTIC']
2025-07-25 05:28:42,973 INFO Dashboard display users: ['DYNESTIC']
2025-07-25 05:29:13,043 INFO Dashboard display users: ['DYNESTIC']
2025-07-25 05:29:43,232 INFO Dashboard display users: ['DYNESTIC']
2025-07-25 05:30:13,430 INFO Dashboard display users: ['DYNESTIC']
2025-07-25 05:30:43,599 INFO Dashboard display users: ['DYNESTIC']
2025-07-25 05:31:13,785 INFO Dashboard display users: ['DYNESTIC']
2025-07-25 05:31:43,972 INFO Dashboard display users: ['DYNESTIC']
2025-07-25 05:32:14,149 INFO Dashboard display users: ['DYNESTIC']
2025-07-25 05:32:44,219 INFO Dashboard display users: ['DYNESTIC']
2025-07-25 05:33:14,288 INFO Dashboard display users: ['DYNESTIC']
2025-07-25 05:33:44,482 INFO Dashboard display users: ['DYNESTIC']
2025-07-25 05:34:14,550 INFO Dashboard display users: ['DYNESTIC']
2025-07-25 05:34:44,740 INFO Dashboard display users: ['DYNESTIC']
2025-07-25 05:35:14,819 INFO Dashboard display users: ['DYNESTIC']
2025-07-25 05:35:45,011 INFO Dashboard display users: ['DYNESTIC']
2025-07-25 05:36:15,188 INFO Dashboard display users: ['DYNESTIC']
2025-07-25 05:36:45,355 INFO Dashboard display users: ['DYNESTIC']
2025-07-25 05:37:15,537 INFO Dashboard display users: ['DYNESTIC']
2025-07-25 05:37:45,607 INFO Dashboard display users: ['DYNESTIC']
2025-07-25 05:38:15,669 INFO Dashboard display users: ['DYNESTIC']
2025-07-25 05:38:45,742 INFO Dashboard display users: ['DYNESTIC']
2025-07-25 05:39:15,817 INFO Dashboard display users: ['DYNESTIC']
2025-07-25 05:39:45,886 INFO Dashboard display users: ['DYNESTIC']
2025-07-25 05:40:16,076 INFO Dashboard display users: ['DYNESTIC']
2025-07-25 05:40:46,140 INFO Dashboard display users: ['DYNESTIC']
2025-07-25 05:41:16,328 INFO Dashboard display users: ['DYNESTIC']
2025-07-25 05:41:46,398 INFO Dashboard display users: ['DYNESTIC']
2025-07-25 05:42:16,574 INFO Dashboard display users: ['DYNESTIC']
2025-07-25 05:42:46,747 INFO Dashboard display users: ['DYNESTIC']
2025-07-25 05:43:16,815 INFO Dashboard display users: ['DYNESTIC']
2025-07-25 05:43:46,888 INFO Dashboard display users: ['DYNESTIC']
2025-07-25 05:44:16,964 INFO Dashboard display users: ['DYNESTIC']
2025-07-25 05:44:47,037 INFO Dashboard display users: ['DYNESTIC']
2025-07-25 05:45:17,112 INFO Dashboard display users: ['DYNESTIC']
2025-07-25 05:45:47,290 INFO Dashboard display users: ['DYNESTIC']
2025-07-25 05:46:17,362 INFO Dashboard display users: ['DYNESTIC']
2025-07-25 05:46:47,437 INFO Dashboard display users: ['DYNESTIC']
2025-07-25 05:47:17,924 INFO Dashboard display users: ['DYNESTIC']
2025-07-25 05:47:47,997 INFO Dashboard display users: ['DYNESTIC']
2025-07-25 05:48:18,190 INFO Dashboard display users: ['DYNESTIC']
2025-07-25 05:48:48,263 INFO Dashboard display users: ['DYNESTIC']
2025-07-25 05:49:18,333 INFO Dashboard display users: ['DYNESTIC']
2025-07-25 05:49:48,405 INFO Dashboard display users: ['DYNESTIC']
2025-07-25 05:50:18,475 INFO Dashboard display users: ['DYNESTIC']
2025-07-25 05:50:48,545 INFO Dashboard display users: ['DYNESTIC']
2025-07-25 05:51:18,616 INFO Dashboard display users: ['DYNESTIC']
2025-07-25 05:51:48,688 INFO Dashboard display users: ['DYNESTIC']
2025-07-25 05:52:18,758 INFO Dashboard display users: ['DYNESTIC']
2025-07-25 05:52:48,935 INFO Dashboard display users: ['DYNESTIC']
2025-07-25 05:53:19,005 INFO Dashboard display users: ['DYNESTIC']
2025-07-25 05:53:49,195 INFO Dashboard display users: ['DYNESTIC']
2025-07-25 05:54:19,276 INFO Dashboard display users: ['DYNESTIC']
2025-07-25 05:54:49,338 INFO Dashboard display users: ['DYNESTIC']
2025-07-25 05:55:19,405 INFO Dashboard display users: ['DYNESTIC']
2025-07-25 05:55:49,473 INFO Dashboard display users: ['DYNESTIC']
2025-07-25 05:56:19,654 INFO Dashboard display users: ['DYNESTIC']
2025-07-25 05:56:49,714 INFO Dashboard display users: ['DYNESTIC']
2025-07-25 05:57:19,787 INFO Dashboard display users: ['DYNESTIC']
2025-07-25 05:57:49,972 INFO Dashboard display users: ['DYNESTIC']
2025-07-25 05:58:20,044 INFO Dashboard display users: ['DYNESTIC']
2025-07-25 05:58:50,115 INFO Dashboard display users: ['DYNESTIC']
2025-07-25 05:59:20,186 INFO Dashboard display users: ['DYNESTIC']
2025-07-25 05:59:50,377 INFO Dashboard display users: ['DYNESTIC']
2025-07-25 06:00:20,446 INFO Dashboard display users: ['DYNESTIC']
2025-07-25 06:00:50,517 INFO Dashboard display users: ['DYNESTIC']
2025-07-25 06:01:20,584 INFO Dashboard display users: ['DYNESTIC']
2025-07-25 06:01:50,655 INFO Dashboard display users: ['DYNESTIC']
2025-07-25 06:02:20,726 INFO Dashboard display users: ['DYNESTIC']
2025-07-25 06:02:50,794 INFO Dashboard display users: ['DYNESTIC']
2025-07-25 06:03:20,977 INFO Dashboard display users: ['DYNESTIC']
2025-07-25 06:03:51,050 INFO Dashboard display users: ['DYNESTIC']
2025-07-25 06:04:21,127 INFO Dashboard display users: ['DYNESTIC']
2025-07-25 06:04:51,197 INFO Dashboard display users: ['DYNESTIC']
2025-07-25 06:05:21,263 INFO Dashboard display users: ['DYNESTIC']
2025-07-25 06:05:51,454 INFO Dashboard display users: ['DYNESTIC']
2025-07-25 06:06:21,520 INFO Dashboard display users: ['DYNESTIC']
2025-07-25 06:06:51,700 INFO Dashboard display users: ['DYNESTIC']
2025-07-25 06:07:21,871 INFO Dashboard display users: ['DYNESTIC']
2025-07-25 06:07:51,932 INFO Dashboard display users: ['DYNESTIC']
2025-07-25 06:08:22,117 INFO Dashboard display users: ['DYNESTIC']
2025-07-25 06:08:52,187 INFO Dashboard display users: ['DYNESTIC']
2025-07-25 06:09:22,369 INFO Dashboard display users: ['DYNESTIC']
2025-07-25 06:09:52,439 INFO Dashboard display users: ['DYNESTIC']
2025-07-25 06:10:22,508 INFO Dashboard display users: ['DYNESTIC']
2025-07-25 06:10:52,697 INFO Dashboard display users: ['DYNESTIC']
2025-07-25 06:11:22,768 INFO Dashboard display users: ['DYNESTIC']
2025-07-25 06:11:52,956 INFO Dashboard display users: ['DYNESTIC']
2025-07-25 06:12:23,030 INFO Dashboard display users: ['DYNESTIC']
2025-07-25 06:12:53,212 INFO Dashboard display users: ['DYNESTIC']
2025-07-25 06:13:23,285 INFO Dashboard display users: ['DYNESTIC']
2025-07-25 06:13:53,349 INFO Dashboard display users: ['DYNESTIC']
2025-07-25 06:14:23,423 INFO Dashboard display users: ['DYNESTIC']
2025-07-25 06:14:53,620 INFO Dashboard display users: ['DYNESTIC']
2025-07-25 06:15:23,791 INFO Dashboard display users: ['DYNESTIC']
2025-07-25 06:15:53,861 INFO Dashboard display users: ['DYNESTIC']
2025-07-25 06:16:23,927 INFO Dashboard display users: ['DYNESTIC']
2025-07-25 06:16:53,999 INFO Dashboard display users: ['DYNESTIC']
2025-07-25 06:17:24,370 INFO Dashboard display users: ['DYNESTIC']
2025-07-25 06:17:54,442 INFO Dashboard display users: ['DYNESTIC']
2025-07-25 06:18:24,511 INFO Dashboard display users: ['DYNESTIC']
2025-07-25 06:18:54,702 INFO Dashboard display users: ['DYNESTIC']
2025-07-25 06:19:24,773 INFO Dashboard display users: ['DYNESTIC']
2025-07-25 06:19:54,957 INFO Dashboard display users: ['DYNESTIC']
2025-07-25 06:20:25,027 INFO Dashboard display users: ['DYNESTIC']
2025-07-25 06:20:55,101 INFO Dashboard display users: ['DYNESTIC']
2025-07-25 06:21:25,171 INFO Dashboard display users: ['DYNESTIC']
2025-07-25 06:21:55,241 INFO Dashboard display users: ['DYNESTIC']
2025-07-25 06:22:25,312 INFO Dashboard display users: ['DYNESTIC']
2025-07-25 06:22:55,376 INFO Dashboard display users: ['DYNESTIC']
2025-07-25 06:23:25,449 INFO Dashboard display users: ['DYNESTIC']
2025-07-25 06:23:55,520 INFO Dashboard display users: ['DYNESTIC']
2025-07-25 06:24:25,596 INFO Dashboard display users: ['DYNESTIC']
2025-07-25 06:24:55,665 INFO Dashboard display users: ['DYNESTIC']
2025-07-25 06:25:25,738 INFO Dashboard display users: ['DYNESTIC']
2025-07-25 06:25:55,806 INFO Dashboard display users: ['DYNESTIC']
2025-07-25 06:26:25,986 INFO Dashboard display users: ['DYNESTIC']
2025-07-25 06:26:56,150 INFO Dashboard display users: ['DYNESTIC']
2025-07-25 06:27:26,221 INFO Dashboard display users: ['DYNESTIC']
2025-07-25 06:27:56,406 INFO Dashboard display users: ['DYNESTIC']
2025-07-25 06:28:26,476 INFO Dashboard display users: ['DYNESTIC']
2025-07-25 06:28:56,662 INFO Dashboard display users: ['DYNESTIC']
2025-07-25 06:29:26,729 INFO Dashboard display users: ['DYNESTIC']
2025-07-25 06:29:56,925 INFO Dashboard display users: ['DYNESTIC']
2025-07-25 06:30:27,111 INFO Dashboard display users: ['DYNESTIC']
2025-07-25 06:30:57,283 INFO Dashboard display users: ['DYNESTIC']
2025-07-25 06:31:27,347 INFO Dashboard display users: ['DYNESTIC']
2025-07-25 06:31:57,417 INFO Dashboard display users: ['DYNESTIC']
2025-07-25 06:32:27,491 INFO Dashboard display users: ['DYNESTIC']
2025-07-25 06:32:57,561 INFO Dashboard display users: ['DYNESTIC']
2025-07-25 06:33:27,746 INFO Dashboard display users: ['DYNESTIC']
2025-07-25 06:33:57,806 INFO Dashboard display users: ['DYNESTIC']
2025-07-25 06:34:28,004 INFO Dashboard display users: ['DYNESTIC']
2025-07-25 06:34:58,074 INFO Dashboard display users: ['DYNESTIC']
2025-07-25 06:35:28,254 INFO Dashboard display users: ['DYNESTIC']
2025-07-25 06:35:58,422 INFO Dashboard display users: ['DYNESTIC']
2025-07-25 06:36:28,491 INFO Dashboard display users: ['DYNESTIC']
2025-07-25 06:36:58,560 INFO Dashboard display users: ['DYNESTIC']
2025-07-25 06:37:28,631 INFO Dashboard display users: ['DYNESTIC']
2025-07-25 06:37:58,699 INFO Dashboard display users: ['DYNESTIC']
2025-07-25 06:38:28,762 INFO Dashboard display users: ['DYNESTIC']
2025-07-25 06:38:58,952 INFO Dashboard display users: ['DYNESTIC']
2025-07-25 06:39:29,136 INFO Dashboard display users: ['DYNESTIC']
2025-07-25 06:39:59,205 INFO Dashboard display users: ['DYNESTIC']
2025-07-25 06:40:29,268 INFO Dashboard display users: ['DYNESTIC']
2025-07-25 06:40:59,336 INFO Dashboard display users: ['DYNESTIC']
2025-07-25 06:41:29,517 INFO Dashboard display users: ['DYNESTIC']
2025-07-25 06:41:59,588 INFO Dashboard display users: ['DYNESTIC']
2025-07-25 06:42:29,770 INFO Dashboard display users: ['DYNESTIC']
2025-07-25 06:42:59,839 INFO Dashboard display users: ['DYNESTIC']
2025-07-25 06:43:30,021 INFO Dashboard display users: ['DYNESTIC']
2025-07-25 06:44:00,094 INFO Dashboard display users: ['DYNESTIC']
2025-07-25 06:44:30,164 INFO Dashboard display users: ['DYNESTIC']
2025-07-25 06:45:00,231 INFO Dashboard display users: ['DYNESTIC']
2025-07-25 06:45:30,414 INFO Dashboard display users: ['DYNESTIC']
2025-07-25 06:46:00,583 INFO Dashboard display users: ['DYNESTIC']
2025-07-25 06:46:30,653 INFO Dashboard display users: ['DYNESTIC']
2025-07-25 06:47:00,721 INFO Dashboard display users: ['DYNESTIC']
2025-07-25 06:47:31,095 INFO Dashboard display users: ['DYNESTIC']
2025-07-25 06:48:01,271 INFO Dashboard display users: ['DYNESTIC']
2025-07-25 06:48:31,450 INFO Dashboard display users: ['DYNESTIC']
2025-07-25 06:49:01,522 INFO Dashboard display users: ['DYNESTIC']
2025-07-25 06:49:31,593 INFO Dashboard display users: ['DYNESTIC']
2025-07-25 06:50:01,664 INFO Dashboard display users: ['DYNESTIC']
2025-07-25 06:50:31,736 INFO Dashboard display users: ['DYNESTIC']
2025-07-25 06:51:01,802 INFO Dashboard display users: ['DYNESTIC']
2025-07-25 06:51:31,875 INFO Dashboard display users: ['DYNESTIC']
2025-07-25 06:52:02,063 INFO Dashboard display users: ['DYNESTIC']
2025-07-25 06:52:32,131 INFO Dashboard display users: ['DYNESTIC']
2025-07-25 06:53:02,201 INFO Dashboard display users: ['DYNESTIC']
2025-07-25 06:53:32,385 INFO Dashboard display users: ['DYNESTIC']
2025-07-25 06:54:02,561 INFO Dashboard display users: ['DYNESTIC']
2025-07-25 06:54:32,637 INFO Dashboard display users: ['DYNESTIC']
2025-07-25 06:55:02,706 INFO Dashboard display users: ['DYNESTIC']
2025-07-25 06:55:32,773 INFO Dashboard display users: ['DYNESTIC']
2025-07-25 06:56:02,846 INFO Dashboard display users: ['DYNESTIC']
2025-07-25 06:56:32,912 INFO Dashboard display users: ['DYNESTIC']
2025-07-25 06:57:02,981 INFO Dashboard display users: ['DYNESTIC']
2025-07-25 06:57:33,051 INFO Dashboard display users: ['DYNESTIC']
2025-07-25 06:58:03,241 INFO Dashboard display users: ['DYNESTIC']
2025-07-25 06:58:33,418 INFO Dashboard display users: ['DYNESTIC']
2025-07-25 06:59:03,599 INFO Dashboard display users: ['DYNESTIC']
2025-07-25 06:59:33,672 INFO Dashboard display users: ['DYNESTIC']
2025-07-25 07:00:03,748 INFO Dashboard display users: ['DYNESTIC']
2025-07-25 07:00:33,931 INFO Dashboard display users: ['DYNESTIC']
2025-07-25 07:01:03,997 INFO Dashboard display users: ['DYNESTIC']
2025-07-25 07:01:34,066 INFO Dashboard display users: ['DYNESTIC']
2025-07-25 07:02:04,255 INFO Dashboard display users: ['DYNESTIC']
2025-07-25 07:02:34,326 INFO Dashboard display users: ['DYNESTIC']
2025-07-25 07:03:04,391 INFO Dashboard display users: ['DYNESTIC']
2025-07-25 07:03:34,465 INFO Dashboard display users: ['DYNESTIC']
2025-07-25 07:04:04,537 INFO Dashboard display users: ['DYNESTIC']
2025-07-25 07:04:34,618 INFO Dashboard display users: ['DYNESTIC']
2025-07-25 07:05:04,785 INFO Dashboard display users: ['DYNESTIC']
2025-07-25 07:05:34,848 INFO Dashboard display users: ['DYNESTIC']
2025-07-25 07:06:05,027 INFO Dashboard display users: ['DYNESTIC']
2025-07-25 07:06:35,215 INFO Dashboard display users: ['DYNESTIC']
2025-07-25 07:07:05,283 INFO Dashboard display users: ['DYNESTIC']
2025-07-25 07:07:35,357 INFO Dashboard display users: ['DYNESTIC']
2025-07-25 07:08:05,425 INFO Dashboard display users: ['DYNESTIC']
2025-07-25 07:08:35,495 INFO Dashboard display users: ['DYNESTIC']
2025-07-25 07:09:05,565 INFO Dashboard display users: ['DYNESTIC']
2025-07-25 07:09:35,635 INFO Dashboard display users: ['DYNESTIC']
2025-07-25 07:10:05,817 INFO Dashboard display users: ['DYNESTIC']
2025-07-25 07:10:35,886 INFO Dashboard display users: ['DYNESTIC']
2025-07-25 07:11:06,074 INFO Dashboard display users: ['DYNESTIC']
2025-07-25 07:11:36,143 INFO Dashboard display users: ['DYNESTIC']
2025-07-25 07:12:06,216 INFO Dashboard display users: ['DYNESTIC']
2025-07-25 07:12:36,290 INFO Dashboard display users: ['DYNESTIC']
2025-07-25 07:13:06,360 INFO Dashboard display users: ['DYNESTIC']
2025-07-25 07:13:36,429 INFO Dashboard display users: ['DYNESTIC']
2025-07-25 07:14:06,616 INFO Dashboard display users: ['DYNESTIC']
2025-07-25 07:14:36,701 INFO Dashboard display users: ['DYNESTIC']
2025-07-25 07:15:06,770 INFO Dashboard display users: ['DYNESTIC']
2025-07-25 07:15:36,845 INFO Dashboard display users: ['DYNESTIC']
2025-07-25 07:16:07,034 INFO Dashboard display users: ['DYNESTIC']
2025-07-25 07:16:37,215 INFO Dashboard display users: ['DYNESTIC']
2025-07-25 07:17:07,586 INFO Dashboard display users: ['DYNESTIC']
2025-07-25 07:17:37,769 INFO Dashboard display users: ['DYNESTIC']
2025-07-25 07:18:07,944 INFO Dashboard display users: ['DYNESTIC']
2025-07-25 07:18:38,006 INFO Dashboard display users: ['DYNESTIC']
2025-07-25 07:19:08,079 INFO Dashboard display users: ['DYNESTIC']
2025-07-25 07:19:38,149 INFO Dashboard display users: ['DYNESTIC']
2025-07-25 07:20:08,218 INFO Dashboard display users: ['DYNESTIC']
2025-07-25 07:20:38,288 INFO Dashboard display users: ['DYNESTIC']
2025-07-25 07:21:08,473 INFO Dashboard display users: ['DYNESTIC']
2025-07-25 07:21:38,547 INFO Dashboard display users: ['DYNESTIC']
2025-07-25 07:22:08,614 INFO Dashboard display users: ['DYNESTIC']
2025-07-25 07:22:38,801 INFO Dashboard display users: ['DYNESTIC']
2025-07-25 07:23:08,870 INFO Dashboard display users: ['DYNESTIC']
2025-07-25 07:23:38,940 INFO Dashboard display users: ['DYNESTIC']
2025-07-25 07:24:09,128 INFO Dashboard display users: ['DYNESTIC']
2025-07-25 07:24:39,315 INFO Dashboard display users: ['DYNESTIC']
2025-07-25 07:25:09,386 INFO Dashboard display users: ['DYNESTIC']
2025-07-25 07:25:39,457 INFO Dashboard display users: ['DYNESTIC']
2025-07-25 07:26:09,528 INFO Dashboard display users: ['DYNESTIC']
2025-07-25 07:26:39,600 INFO Dashboard display users: ['DYNESTIC']
2025-07-25 07:27:09,667 INFO Dashboard display users: ['DYNESTIC']
2025-07-25 07:27:39,739 INFO Dashboard display users: ['DYNESTIC']
2025-07-25 07:28:09,931 INFO Dashboard display users: ['DYNESTIC']
2025-07-25 07:28:40,005 INFO Dashboard display users: ['DYNESTIC']
2025-07-25 07:29:10,071 INFO Dashboard display users: ['DYNESTIC']
2025-07-25 07:29:40,145 INFO Dashboard display users: ['DYNESTIC']
2025-07-25 07:30:10,336 INFO Dashboard display users: ['DYNESTIC']
2025-07-25 07:30:40,507 INFO Dashboard display users: ['DYNESTIC']
2025-07-25 07:31:10,689 INFO Dashboard display users: ['DYNESTIC']
2025-07-25 07:31:40,863 INFO Dashboard display users: ['DYNESTIC']
2025-07-25 07:32:10,926 INFO Dashboard display users: ['DYNESTIC']
2025-07-25 07:32:40,996 INFO Dashboard display users: ['DYNESTIC']
2025-07-25 07:33:11,064 INFO Dashboard display users: ['DYNESTIC']
2025-07-25 07:33:41,133 INFO Dashboard display users: ['DYNESTIC']
2025-07-25 07:34:11,206 INFO Dashboard display users: ['DYNESTIC']
2025-07-25 07:34:41,397 INFO Dashboard display users: ['DYNESTIC']
2025-07-25 07:35:11,466 INFO Dashboard display users: ['DYNESTIC']
2025-07-25 07:35:41,648 INFO Dashboard display users: ['DYNESTIC']
2025-07-25 07:36:11,721 INFO Dashboard display users: ['DYNESTIC']
2025-07-25 07:36:41,787 INFO Dashboard display users: ['DYNESTIC']
2025-07-25 07:37:11,857 INFO Dashboard display users: ['DYNESTIC']
2025-07-25 07:37:42,035 INFO Dashboard display users: ['DYNESTIC']
2025-07-25 07:38:12,218 INFO Dashboard display users: ['DYNESTIC']
2025-07-25 07:38:42,290 INFO Dashboard display users: ['DYNESTIC']
2025-07-25 07:39:12,357 INFO Dashboard display users: ['DYNESTIC']
2025-07-25 07:39:42,429 INFO Dashboard display users: ['DYNESTIC']
2025-07-25 07:40:12,618 INFO Dashboard display users: ['DYNESTIC']
2025-07-25 07:40:42,799 INFO Dashboard display users: ['DYNESTIC']
2025-07-25 07:41:12,981 INFO Dashboard display users: ['DYNESTIC']
2025-07-25 07:41:43,052 INFO Dashboard display users: ['DYNESTIC']
2025-07-25 07:42:13,118 INFO Dashboard display users: ['DYNESTIC']
2025-07-25 07:42:43,194 INFO Dashboard display users: ['DYNESTIC']
2025-07-25 07:43:13,381 INFO Dashboard display users: ['DYNESTIC']
2025-07-25 07:43:43,443 INFO Dashboard display users: ['DYNESTIC']
2025-07-25 07:44:13,513 INFO Dashboard display users: ['DYNESTIC']
2025-07-25 07:44:43,594 INFO Dashboard display users: ['DYNESTIC']
2025-07-25 07:45:13,785 INFO Dashboard display users: ['DYNESTIC']
2025-07-25 07:45:43,970 INFO Dashboard display users: ['DYNESTIC']
2025-07-25 07:46:14,038 INFO Dashboard display users: ['DYNESTIC']
2025-07-25 07:46:44,106 INFO Dashboard display users: ['DYNESTIC']
2025-07-25 07:47:14,472 INFO Dashboard display users: ['DYNESTIC']
2025-07-25 07:47:44,543 INFO Dashboard display users: ['DYNESTIC']
2025-07-25 07:48:14,614 INFO Dashboard display users: ['DYNESTIC']
2025-07-25 07:48:44,789 INFO Dashboard display users: ['DYNESTIC']
2025-07-25 07:49:14,855 INFO Dashboard display users: ['DYNESTIC']
2025-07-25 07:49:45,036 INFO Dashboard display users: ['DYNESTIC']
2025-07-25 07:50:15,099 INFO Dashboard display users: ['DYNESTIC']
2025-07-25 07:50:45,283 INFO Dashboard display users: ['DYNESTIC']
2025-07-25 07:51:15,357 INFO Dashboard display users: ['DYNESTIC']
2025-07-25 07:51:45,428 INFO Dashboard display users: ['DYNESTIC']
2025-07-25 07:52:15,497 INFO Dashboard display users: ['DYNESTIC']
2025-07-25 07:52:45,682 INFO Dashboard display users: ['DYNESTIC']
2025-07-25 07:53:15,858 INFO Dashboard display users: ['DYNESTIC']
2025-07-25 07:53:45,928 INFO Dashboard display users: ['DYNESTIC']
2025-07-25 07:54:16,000 INFO Dashboard display users: ['DYNESTIC']
2025-07-25 07:54:46,072 INFO Dashboard display users: ['DYNESTIC']
2025-07-25 07:55:16,278 INFO Dashboard display users: ['DYNESTIC']
2025-07-25 07:55:46,349 INFO Dashboard display users: ['DYNESTIC']
2025-07-25 07:56:16,546 INFO Dashboard display users: ['DYNESTIC']
2025-07-25 07:56:46,620 INFO Dashboard display users: ['DYNESTIC']
2025-07-25 07:57:16,693 INFO Dashboard display users: ['DYNESTIC']
2025-07-25 07:57:46,867 INFO Dashboard display users: ['DYNESTIC']
2025-07-25 07:58:16,932 INFO Dashboard display users: ['DYNESTIC']
2025-07-25 07:58:47,122 INFO Dashboard display users: ['DYNESTIC']
2025-07-25 07:59:17,195 INFO Dashboard display users: ['DYNESTIC']
2025-07-25 07:59:47,266 INFO Dashboard display users: ['DYNESTIC']
2025-07-25 08:00:17,464 INFO Dashboard display users: ['DYNESTIC']
2025-07-25 08:00:47,536 INFO Dashboard display users: ['DYNESTIC']
2025-07-25 08:01:17,602 INFO Dashboard display users: ['DYNESTIC']
2025-07-25 08:01:47,672 INFO Dashboard display users: ['DYNESTIC']
2025-07-25 08:02:17,743 INFO Dashboard display users: ['DYNESTIC']
2025-07-25 08:02:47,928 INFO Dashboard display users: ['DYNESTIC']
2025-07-25 08:03:18,111 INFO Dashboard display users: ['DYNESTIC']
2025-07-25 08:03:48,185 INFO Dashboard display users: ['DYNESTIC']
2025-07-25 08:04:18,253 INFO Dashboard display users: ['DYNESTIC']
2025-07-25 08:04:48,445 INFO Dashboard display users: ['DYNESTIC']
2025-07-25 08:05:18,633 INFO Dashboard display users: ['DYNESTIC']
2025-07-25 08:05:48,815 INFO Dashboard display users: ['DYNESTIC']
2025-07-25 08:06:18,883 INFO Dashboard display users: ['DYNESTIC']
2025-07-25 08:06:48,953 INFO Dashboard display users: ['DYNESTIC']
2025-07-25 08:07:19,142 INFO Dashboard display users: ['DYNESTIC']
2025-07-25 08:07:49,215 INFO Dashboard display users: ['DYNESTIC']
2025-07-25 08:08:19,286 INFO Dashboard display users: ['DYNESTIC']
2025-07-25 08:08:49,358 INFO Dashboard display users: ['DYNESTIC']
2025-07-25 08:09:19,423 INFO Dashboard display users: ['DYNESTIC']
2025-07-25 08:09:49,486 INFO Dashboard display users: ['DYNESTIC']
2025-07-25 08:10:19,561 INFO Dashboard display users: ['DYNESTIC']
2025-07-25 08:10:49,748 INFO Dashboard display users: ['DYNESTIC']
2025-07-25 08:11:19,929 INFO Dashboard display users: ['DYNESTIC']
2025-07-25 08:11:49,999 INFO Dashboard display users: ['DYNESTIC']
2025-07-25 08:12:20,065 INFO Dashboard display users: ['DYNESTIC']
2025-07-25 08:12:50,142 INFO Dashboard display users: ['DYNESTIC']
2025-07-25 08:13:20,328 INFO Dashboard display users: ['DYNESTIC']
2025-07-25 08:13:50,397 INFO Dashboard display users: ['DYNESTIC']
2025-07-25 08:14:20,468 INFO Dashboard display users: ['DYNESTIC']
2025-07-25 08:14:50,649 INFO Dashboard display users: ['DYNESTIC']
2025-07-25 08:15:20,709 INFO Dashboard display users: ['DYNESTIC']
2025-07-25 08:15:50,890 INFO Dashboard display users: ['DYNESTIC']
2025-07-25 08:16:20,961 INFO Dashboard display users: ['DYNESTIC']
2025-07-25 08:16:51,144 INFO Dashboard display users: ['DYNESTIC']
2025-07-25 08:17:21,517 INFO Dashboard display users: ['DYNESTIC']
2025-07-25 08:17:51,592 INFO Dashboard display users: ['DYNESTIC']
2025-07-25 08:18:21,663 INFO Dashboard display users: ['DYNESTIC']
2025-07-25 08:18:51,733 INFO Dashboard display users: ['DYNESTIC']
2025-07-25 08:19:21,925 INFO Dashboard display users: ['DYNESTIC']
2025-07-25 08:19:51,996 INFO Dashboard display users: ['DYNESTIC']
2025-07-25 08:20:22,062 INFO Dashboard display users: ['DYNESTIC']
2025-07-25 08:20:52,252 INFO Dashboard display users: ['DYNESTIC']
2025-07-25 08:21:22,433 INFO Dashboard display users: ['DYNESTIC']
2025-07-25 08:21:52,507 INFO Dashboard display users: ['DYNESTIC']
2025-07-25 08:22:22,712 INFO Dashboard display users: ['DYNESTIC']
2025-07-25 08:22:52,783 INFO Dashboard display users: ['DYNESTIC']
2025-07-25 08:23:22,852 INFO Dashboard display users: ['DYNESTIC']
2025-07-25 08:23:52,928 INFO Dashboard display users: ['DYNESTIC']
2025-07-25 08:24:23,122 INFO Dashboard display users: ['DYNESTIC']
2025-07-25 08:24:53,203 INFO Dashboard display users: ['DYNESTIC']
2025-07-25 08:25:23,391 INFO Dashboard display users: ['DYNESTIC']
2025-07-25 08:25:53,460 INFO Dashboard display users: ['DYNESTIC']
2025-07-25 08:26:23,645 INFO Dashboard display users: ['DYNESTIC']
2025-07-25 08:26:53,711 INFO Dashboard display users: ['DYNESTIC']
2025-07-25 08:27:23,780 INFO Dashboard display users: ['DYNESTIC']
2025-07-25 08:27:53,965 INFO Dashboard display users: ['DYNESTIC']
2025-07-25 08:28:24,147 INFO Dashboard display users: ['DYNESTIC']
2025-07-25 08:28:54,219 INFO Dashboard display users: ['DYNESTIC']
2025-07-25 08:29:24,405 INFO Dashboard display users: ['DYNESTIC']
2025-07-25 08:29:54,575 INFO Dashboard display users: ['DYNESTIC']
2025-07-25 08:30:24,756 INFO Dashboard display users: ['DYNESTIC']
2025-07-25 08:30:54,823 INFO Dashboard display users: ['DYNESTIC']
2025-07-25 08:31:24,887 INFO Dashboard display users: ['DYNESTIC']
2025-07-25 08:31:54,956 INFO Dashboard display users: ['DYNESTIC']
2025-07-25 08:32:25,032 INFO Dashboard display users: ['DYNESTIC']
2025-07-25 08:32:55,102 INFO Dashboard display users: ['DYNESTIC']
2025-07-25 08:33:25,174 INFO Dashboard display users: ['DYNESTIC']
2025-07-25 08:33:55,248 INFO Dashboard display users: ['DYNESTIC']
2025-07-25 08:34:25,315 INFO Dashboard display users: ['DYNESTIC']
2025-07-25 08:34:55,384 INFO Dashboard display users: ['DYNESTIC']
2025-07-25 08:35:25,457 INFO Dashboard display users: ['DYNESTIC']
2025-07-25 08:35:55,530 INFO Dashboard display users: ['DYNESTIC']
2025-07-25 08:36:25,715 INFO Dashboard display users: ['DYNESTIC']
2025-07-25 08:36:55,787 INFO Dashboard display users: ['DYNESTIC']
2025-07-25 08:37:25,852 INFO Dashboard display users: ['DYNESTIC']
2025-07-25 08:37:55,924 INFO Dashboard display users: ['DYNESTIC']
2025-07-25 08:38:25,995 INFO Dashboard display users: ['DYNESTIC']
2025-07-25 08:38:56,067 INFO Dashboard display users: ['DYNESTIC']
2025-07-25 08:39:24,514 INFO logs_project endpoint called for project: 'MO06787_Dressing_A_deel2_(5-16)'
2025-07-25 09:28:22,449 INFO logs_project endpoint called for project: 'MO06787_Dressing_A_deel2_(5-16)'
2025-07-25 09:28:59,486 INFO Efficiency targets updated in config: {'DYNESTIC': 25}
2025-07-25 09:29:02,871 INFO database management page was called
2025-07-25 09:29:08,280 INFO [db_log_api] /clear_logs POST request received.
2025-07-25 09:29:08,283 INFO Cleared table: logs
2025-07-25 09:29:08,283 INFO Cleared table: sessions
2025-07-25 09:29:08,285 INFO Cleared table: project_sessions
2025-07-25 09:29:08,287 INFO All database tables cleared successfully.
2025-07-25 09:29:14,140 INFO Dashboard display users: ['DYNESTIC']
2025-07-25 09:29:44,158 INFO Dashboard display users: ['DYNESTIC', 'ACCURA', 'OPUS']
2025-07-25 09:30:14,480 INFO Dashboard display users: ['DYNESTIC', 'ACCURA', 'OPUS', 'KL GANNOMAT', 'BOERE']
2025-07-25 09:30:24,313 INFO Session started for DYNESTIC: DYNESTIC_20250725_093022
2025-07-25 09:30:26,338 INFO Project session started: DYNESTIC_20250725_093022
2025-07-25 09:30:44,500 INFO Dashboard display users: ['DYNESTIC', 'ACCURA', 'OPUS', 'KL GANNOMAT', 'BOERE']
2025-07-25 09:30:48,027 INFO Dashboard display users: ['DYNESTIC', 'ACCURA', 'OPUS', 'KL GANNOMAT', 'BOERE']
2025-07-25 09:31:18,047 INFO Dashboard display users: ['DYNESTIC', 'ACCURA', 'OPUS', 'KL GANNOMAT', 'BOERE']
2025-07-25 09:31:36,870 INFO [db_log_api] /log called with data: {'event': 'OPEN', 'details': 'MO06797_Bureaukast_(15-16)', 'project': 'MO06797_Bureaukast_(15-16)', 'base_mo_code': 'MO06797', 'is_rep_variant': False, 'user': 'DYNESTIC', 'session_id': 'DYNESTIC_20250725_093022', 'timestamp': '2025-07-25T09:30:22.296625'}
2025-07-25 09:31:36,871 INFO Event OPEN received for DYNESTIC on MO06797_Bureaukast_(15-16). Triggering background import service.
2025-07-25 09:31:36,871 INFO Configuratie succesvol geladen.
2025-07-25 09:31:36,871 INFO Event ontvangen: User=DYNESTIC, Project=MO06797_Bureaukast_(15-16). Controleren voor import...
2025-07-25 09:31:36,871 INFO [BACKGROUND_CALLBACK] Event ontvangen: User=DYNESTIC, Project=MO06797_Bureaukast_(15-16). Controleren voor import...
2025-07-25 09:31:36,871 INFO [BACKGROUND_CALLBACK] Forwarded message to scanner panel: Event ontvangen: User=DYNESTIC, Project=MO06797_Bureaukast_(15-16). Controleren voor import...
2025-07-25 09:31:36,871 INFO NESTING_PROCESSING voor user 'DYNESTIC': triggering unified Excel processing voor 'MO06797_Bureaukast_(15-16)'
2025-07-25 09:31:36,871 INFO [BACKGROUND_CALLBACK] NESTING_PROCESSING voor user 'DYNESTIC': triggering unified Excel processing voor 'MO06797_Bureaukast_(15-16)'
2025-07-25 09:31:36,872 INFO [BACKGROUND_CALLBACK] Forwarded message to scanner panel: NESTING_PROCESSING voor user 'DYNESTIC': triggering unified Excel processing voor 'MO06797_Bureaukast_(15-16)'
2025-07-25 09:31:36,872 INFO [UNIFIED_SCAN] Processing ALL Excel users for project 'MO06797_Bureaukast_(15-16)' (triggered by DYNESTIC)
2025-07-25 09:31:36,872 INFO [BACKGROUND_CALLBACK] [UNIFIED_SCAN] Processing ALL Excel users for project 'MO06797_Bureaukast_(15-16)' (triggered by DYNESTIC)
2025-07-25 09:31:36,872 INFO [BACKGROUND_CALLBACK] Forwarded message to scanner panel: [UNIFIED_SCAN] Processing ALL Excel users for project 'MO06797_Bureaukast_(15-16)' (triggered by DYNESTIC)
2025-07-25 09:31:36,872 INFO [UNIFIED_SCAN] Found Excel processors: ['DYNESTIC', 'ACCURA', 'BOERE']
2025-07-25 09:31:36,872 INFO [BACKGROUND_CALLBACK] [UNIFIED_SCAN] Found Excel processors: ['DYNESTIC', 'ACCURA', 'BOERE']
2025-07-25 09:31:36,872 INFO [BACKGROUND_CALLBACK] Forwarded message to scanner panel: [UNIFIED_SCAN] Found Excel processors: ['DYNESTIC', 'ACCURA', 'BOERE']
2025-07-25 09:31:36,872 INFO [UNIFIED_EXCEL] Processing directory 'C:/Rapporten' for Excel processors: ['DYNESTIC', 'ACCURA', 'BOERE']
2025-07-25 09:31:36,873 INFO [BACKGROUND_CALLBACK] [UNIFIED_EXCEL] Processing directory 'C:/Rapporten' for Excel processors: ['DYNESTIC', 'ACCURA', 'BOERE']
2025-07-25 09:31:36,873 INFO [BACKGROUND_CALLBACK] Forwarded message to scanner panel: [UNIFIED_EXCEL] Processing directory 'C:/Rapporten' for Excel processors: ['DYNESTIC', 'ACCURA', 'BOERE']
2025-07-25 09:31:36,873 INFO [UNIFIED_EXCEL] Found Excel file: C:/Rapporten\S03673_MO06797_Bureaukast_(15-16)_Frank Celis.xls
2025-07-25 09:31:36,873 INFO [BACKGROUND_CALLBACK] [UNIFIED_EXCEL] Found Excel file: C:/Rapporten\S03673_MO06797_Bureaukast_(15-16)_Frank Celis.xls
2025-07-25 09:31:36,873 INFO [BACKGROUND_CALLBACK] Forwarded message to scanner panel: [UNIFIED_EXCEL] Found Excel file: C:/Rapporten\S03673_MO06797_Bureaukast_(15-16)_Frank Celis.xls
2025-07-25 09:31:36,914 INFO [BG_TASK] Processing OPEN for MO06797_Bureaukast_(15-16), scanned by DYNESTIC.
2025-07-25 09:31:36,914 INFO Background task started for OPEN event: MO06797_Bureaukast_(15-16)
2025-07-25 09:31:36,919 INFO [UNIFIED_EXCEL] NESTING_PROCESSING results: {'item_count': np.int64(54), 'nesting_count': np.int64(40), 'opdeelzaag_count': np.int64(14), 'mo_number': 'MO06797', 'so_number': 'S03673', 'customer_name': 'Frank Celis', 'color': 'N8/S1'}
2025-07-25 09:31:36,919 INFO [BG_TASK] Checking dir 'C:/Rapporten' for users: ['ACCURA', 'BOERE']
2025-07-25 09:31:36,919 INFO [BACKGROUND_CALLBACK] [UNIFIED_EXCEL] NESTING_PROCESSING results: {'item_count': np.int64(54), 'nesting_count': np.int64(40), 'opdeelzaag_count': np.int64(14), 'mo_number': 'MO06797', 'so_number': 'S03673', 'customer_name': 'Frank Celis', 'color': 'N8/S1'}
2025-07-25 09:31:36,919 INFO [BG_TASK] Skipping Excel processing for ['ACCURA', 'BOERE'] - handled by direct API path
2025-07-25 09:31:36,919 INFO [BACKGROUND_CALLBACK] Forwarded message to scanner panel: [UNIFIED_EXCEL] NESTING_PROCESSING results: {'item_count': np.int64(54), 'nesting_count': np.int64(40), 'opdeelzaag_count': np.int64(14), 'mo_number': 'MO06797', 'so_number': 'S03673', 'customer_name': 'Frank Celis', 'color': 'N8/S1'}
2025-07-25 09:31:36,919 INFO [BG_TASK] Checking dir 'C:/OPUS/KORPUS' for users: ['OPUS']
2025-07-25 09:31:36,919 INFO [UNIFIED_EXCEL] ACCURA_PROCESSING results: {'item_count': 49, 'aantal_items': 49, 'aantal_sides': 141, 'mo_number': 'MO06797', 'so_number': 'S03673', 'customer_name': 'Frank Celis', 'color': 'N8/S1', 'items_list': ['BK_01 - RZ', 'BK_01 - TZ_01', 'BK_01 - TZ_02', 'BK_01 - BC', 'BK_01 - LZ', 'BK_01 - OC', 'BK_02 - RZ', 'BK_02 - BC', 'BK_02 - LZ', 'BK_02 - OC', 'BK_03 - RZ', 'BK_03 - TZ', 'BK_03 - BC', 'BK_03 - LZ', 'BK_03 - OC', 'Bueau - Kabellat_02', 'Bueau - Kabellat_01', 'AFW_01 - AFWZ_L', 'AFW_02 - AFWZ_L', 'AFW_03 - AFWZ_R01', 'AFW_03 - AFWZ_R02', 'AFW_05 - Wandplaat', 'BK_01 - LF_03', 'BK_01 - LF_04', 'BK_01 - DR_L01', 'BK_01 - Vast paneel', 'BK_01 - LF_01', 'BK_01 - LF_02', 'BK_02 - DR_R04', 'BK_03 - DR_R03', 'BK_03 - DR_L02', 'Bueau - Traver', 'L_Greep01 - Rug', 'L_Greep01 - OC_greep', 'L_Greep02 - L_greep', 'Paslat_01 - Paslat', 'Paslat_L - Paslat', 'Bueau - RZ', 'Bueau - BC', 'AFW_04 - BB', 'BK_02 - VL03', 'BK_02 - VL04', 'BK_02 - VL05', 'BK_02 - VL06', 'BK_02 - VL01', 'BK_02 - VL02', 'BK_03 - VL02', 'BK_03 - VL01', 'Lade_C_01 - schuifplank']}
2025-07-25 09:31:36,920 INFO [BG_TASK] Checking dir 'C:/OPUS/KORPUS' for user 'OPUS' (type: HOPS_PROCESSING) for project 'MO06797_Bureaukast_(15-16)'.
2025-07-25 09:31:36,920 INFO [BACKGROUND_CALLBACK] [UNIFIED_EXCEL] ACCURA_PROCESSING results: {'item_count': 49, 'aantal_items': 49, 'aantal_sides': 141, 'mo_number': 'MO06797', 'so_number': 'S03673', 'customer_name': 'Frank Celis', 'color': 'N8/S1', 'items_list': ['BK_01 - RZ', 'BK_01 - TZ_01', 'BK_01 - TZ_02', 'BK_01 - BC', 'BK_01 - LZ', 'BK_01 - OC', 'BK_02 - RZ', 'BK_02 - BC', 'BK_02 - LZ', 'BK_02 - OC', 'BK_03 - RZ', 'BK_03 - TZ', 'BK_03 - BC', 'BK_03 - LZ', 'BK_03 - OC', 'Bueau - Kabellat_02', 'Bueau - Kabellat_01', 'AFW_01 - AFWZ_L', 'AFW_02 - AFWZ_L', 'AFW_03 - AFWZ_R01', 'AFW_03 - AFWZ_R02', 'AFW_05 - Wandplaat', 'BK_01 - LF_03', 'BK_01 - LF_04', 'BK_01 - DR_L01', 'BK_01 - Vast paneel', 'BK_01 - LF_01', 'BK_01 - LF_02', 'BK_02 - DR_R04', 'BK_03 - DR_R03', 'BK_03 - DR_L02', 'Bueau - Traver', 'L_Greep01 - Rug', 'L_Greep01 - OC_greep', 'L_Greep02 - L_greep', 'Paslat_01 - Paslat', 'Paslat_L - Paslat', 'Bueau - RZ', 'Bueau - BC', 'AFW_04 - BB', 'BK_02 - VL03', 'BK_02 - VL04', 'BK_02 - VL05', 'BK_02 - VL06', 'BK_02 - VL01', 'BK_02 - VL02', 'BK_03 - VL02', 'BK_03 - VL01', 'Lade_C_01 - schuifplank']}
2025-07-25 09:31:36,920 INFO [BG_TASK] Extracted project code 'MO06797_Bureaukast_(15-16)' from 'MO06797_Bureaukast_(15-16)'
2025-07-25 09:31:36,920 INFO [BACKGROUND_CALLBACK] Forwarded message to scanner panel: [UNIFIED_EXCEL] ACCURA_PROCESSING results: {'item_count': 49, 'aantal_items': 49, 'aantal_sides': 141, 'mo_number': 'MO06797', 'so_number': 'S03673', 'customer_name': 'Frank Celis', 'color': 'N8/S1', 'items_list': ['BK_01 - RZ', 'BK_01 - TZ_01', 'BK_01 - TZ_02', 'BK_01 - BC', 'BK_01 - LZ', 'BK_01 - OC', 'BK_02 - RZ', 'BK_02 - BC', 'BK_02 - LZ', 'BK_02 - OC', 'BK_03 - RZ', 'BK_03 - TZ', 'BK_03 - BC', 'BK_03 - LZ', 'BK_03 - OC', 'Bueau - Kabellat_02', 'Bueau - Kabellat_01', 'AFW_01 - AFWZ_L', 'AFW_02 - AFWZ_L', 'AFW_03 - AFWZ_R01', 'AFW_03 - AFWZ_R02', 'AFW_05 - Wandplaat', 'BK_01 - LF_03', 'BK_01 - LF_04', 'BK_01 - DR_L01', 'BK_01 - Vast paneel', 'BK_01 - LF_01', 'BK_01 - LF_02', 'BK_02 - DR_R04', 'BK_03 - DR_R03', 'BK_03 - DR_L02', 'Bueau - Traver', 'L_Greep01 - Rug', 'L_Greep01 - OC_greep', 'L_Greep02 - L_greep', 'Paslat_01 - Paslat', 'Paslat_L - Paslat', 'Bueau - RZ', 'Bueau - BC', 'AFW_04 - BB', 'BK_02 - VL03', 'BK_02 - VL04', 'BK_02 - VL05', 'BK_02 - VL06', 'BK_02 - VL01', 'BK_02 - VL02', 'BK_03 - VL02', 'BK_03 - VL01', 'Lade_C_01 - schuifplank']}
2025-07-25 09:31:36,920 INFO [UNIFIED_EXCEL] BOERE_PROCESSING results: {'item_count': 86, 'mo_number': 'MO06797', 'so_number': 'S03673', 'customer_name': 'Frank Celis', 'color': 'N8/S1', 'items_list': ['Verlichtingset_Dupont01 - Led_', 'Verlichtingset_Dupont01 - LED_SNOER standaard', 'Verlichtingset_Dupont01 - LED_Strip_4x8', 'BK_01 - RZ', 'BK_01 - TZ_01', 'BK_01 - TZ_02', 'BK_01 - BC', 'BK_01 - LZ', 'BK_01 - OC', 'BK_02 - RZ', 'BK_02 - BC', 'BK_02 - LZ', 'BK_02 - OC', 'BK_03 - RZ', 'BK_03 - TZ', 'BK_03 - BC', 'BK_03 - LZ', 'BK_03 - OC', 'Bueau - Kabellat_02', 'Bueau - Kabellat_01', 'AANV_01 - AANV_L', 'AFW_07 - Greep', 'PlintB70_01 - Plint V', 'PlintB70_01 - Achterpoot', 'PlintB70_01 - Plint L', 'PlintB70_01 - Plint R', 'PlintB70_02 - Plint V', 'PlintB70_02 - Achterpoot', 'PlintB70_02 - Plint L', 'PlintB70_02 - Plint R', 'B40_01 - Achtertraver', 'B40_01 - Piklat', 'Lade_P_02 - ZS_R', 'Lade_P_02 - AS', 'Lade_P_02 - ZS_L', 'Lade_P_03 - ZS_R', 'Lade_P_03 - AS', 'Lade_P_03 - ZS_L', 'Lade_P_04 - ZS_R', 'Lade_P_04 - AS', 'Lade_P_04 - ZS_L', 'Lade_S_01 - ZS_R', 'Lade_S_01 - AS', 'Lade_S_01 - ZS_L', 'BK_01 - RG', 'Lade_P_02 - Bodem', 'Lade_P_03 - Bodem', 'Lade_P_04 - Bodem', 'Lade_S_01 - Bodem', 'AFW_01 - AFWZ_L', 'AFW_02 - AFWZ_L', 'AFW_03 - AFWZ_R01', 'AFW_03 - AFWZ_R02', 'AFW_05 - Wandplaat', 'BK_01 - LF_03', 'BK_01 - LF_04', 'BK_01 - DR_L01', 'BK_01 - Vast paneel', 'BK_01 - LF_01', 'BK_01 - LF_02', 'BK_02 - DR_R04', 'BK_03 - DR_R03', 'BK_03 - DR_L02', 'Bueau - Traver', 'L_Greep01 - Rug', 'L_Greep01 - OC_greep', 'L_Greep02 - L_greep', 'Paslat_01 - Paslat', 'Paslat_L - Paslat', 'Bueau - RZ', 'Bueau - BC', 'AFW_04 - BB', 'BK_02 - VL03', 'BK_02 - VL04', 'BK_02 - VL05', 'BK_02 - VL06', 'BK_02 - VL01', 'BK_02 - VL02', 'BK_03 - VL02', 'BK_03 - VL01', 'Lade_C_01 - schuifplank', 'BK_02 - RG', 'BK_03 - RG', 'Lade_P_02 - Synchrostang', 'Lade_P_03 - Synchrostang', 'Lade_P_04 - Synchrostang']}
2025-07-25 09:31:36,920 INFO [BG_TASK] Triggering HOPS_PROCESSING for OPUS
2025-07-25 09:31:36,920 INFO [BACKGROUND_CALLBACK] [UNIFIED_EXCEL] BOERE_PROCESSING results: {'item_count': 86, 'mo_number': 'MO06797', 'so_number': 'S03673', 'customer_name': 'Frank Celis', 'color': 'N8/S1', 'items_list': ['Verlichtingset_Dupont01 - Led_', 'Verlichtingset_Dupont01 - LED_SNOER standaard', 'Verlichtingset_Dupont01 - LED_Strip_4x8', 'BK_01 - RZ', 'BK_01 - TZ_01', 'BK_01 - TZ_02', 'BK_01 - BC', 'BK_01 - LZ', 'BK_01 - OC', 'BK_02 - RZ', 'BK_02 - BC', 'BK_02 - LZ', 'BK_02 - OC', 'BK_03 - RZ', 'BK_03 - TZ', 'BK_03 - BC', 'BK_03 - LZ', 'BK_03 - OC', 'Bueau - Kabellat_02', 'Bueau - Kabellat_01', 'AANV_01 - AANV_L', 'AFW_07 - Greep', 'PlintB70_01 - Plint V', 'PlintB70_01 - Achterpoot', 'PlintB70_01 - Plint L', 'PlintB70_01 - Plint R', 'PlintB70_02 - Plint V', 'PlintB70_02 - Achterpoot', 'PlintB70_02 - Plint L', 'PlintB70_02 - Plint R', 'B40_01 - Achtertraver', 'B40_01 - Piklat', 'Lade_P_02 - ZS_R', 'Lade_P_02 - AS', 'Lade_P_02 - ZS_L', 'Lade_P_03 - ZS_R', 'Lade_P_03 - AS', 'Lade_P_03 - ZS_L', 'Lade_P_04 - ZS_R', 'Lade_P_04 - AS', 'Lade_P_04 - ZS_L', 'Lade_S_01 - ZS_R', 'Lade_S_01 - AS', 'Lade_S_01 - ZS_L', 'BK_01 - RG', 'Lade_P_02 - Bodem', 'Lade_P_03 - Bodem', 'Lade_P_04 - Bodem', 'Lade_S_01 - Bodem', 'AFW_01 - AFWZ_L', 'AFW_02 - AFWZ_L', 'AFW_03 - AFWZ_R01', 'AFW_03 - AFWZ_R02', 'AFW_05 - Wandplaat', 'BK_01 - LF_03', 'BK_01 - LF_04', 'BK_01 - DR_L01', 'BK_01 - Vast paneel', 'BK_01 - LF_01', 'BK_01 - LF_02', 'BK_02 - DR_R04', 'BK_03 - DR_R03', 'BK_03 - DR_L02', 'Bueau - Traver', 'L_Greep01 - Rug', 'L_Greep01 - OC_greep', 'L_Greep02 - L_greep', 'Paslat_01 - Paslat', 'Paslat_L - Paslat', 'Bueau - RZ', 'Bueau - BC', 'AFW_04 - BB', 'BK_02 - VL03', 'BK_02 - VL04', 'BK_02 - VL05', 'BK_02 - VL06', 'BK_02 - VL01', 'BK_02 - VL02', 'BK_03 - VL02', 'BK_03 - VL01', 'Lade_C_01 - schuifplank', 'BK_02 - RG', 'BK_03 - RG', 'Lade_P_02 - Synchrostang', 'Lade_P_03 - Synchrostang', 'Lade_P_04 - Synchrostang']}
2025-07-25 09:31:36,920 INFO [BG_TASK] Match found for 'MO06797_Bureaukast_(15-16)' in 'C:/OPUS/KORPUS' for user 'OPUS'. Creating OPEN event.
2025-07-25 09:31:36,920 INFO [BACKGROUND_CALLBACK] Forwarded message to scanner panel: [UNIFIED_EXCEL] BOERE_PROCESSING results: {'item_count': 86, 'mo_number': 'MO06797', 'so_number': 'S03673', 'customer_name': 'Frank Celis', 'color': 'N8/S1', 'items_list': ['Verlichtingset_Dupont01 - Led_', 'Verlichtingset_Dupont01 - LED_SNOER standaard', 'Verlichtingset_Dupont01 - LED_Strip_4x8', 'BK_01 - RZ', 'BK_01 - TZ_01', 'BK_01 - TZ_02', 'BK_01 - BC', 'BK_01 - LZ', 'BK_01 - OC', 'BK_02 - RZ', 'BK_02 - BC', 'BK_02 - LZ', 'BK_02 - OC', 'BK_03 - RZ', 'BK_03 - TZ', 'BK_03 - BC', 'BK_03 - LZ', 'BK_03 - OC', 'Bueau - Kabellat_02', 'Bueau - Kabellat_01', 'AANV_01 - AANV_L', 'AFW_07 - Greep', 'PlintB70_01 - Plint V', 'PlintB70_01 - Achterpoot', 'PlintB70_01 - Plint L', 'PlintB70_01 - Plint R', 'PlintB70_02 - Plint V', 'PlintB70_02 - Achterpoot', 'PlintB70_02 - Plint L', 'PlintB70_02 - Plint R', 'B40_01 - Achtertraver', 'B40_01 - Piklat', 'Lade_P_02 - ZS_R', 'Lade_P_02 - AS', 'Lade_P_02 - ZS_L', 'Lade_P_03 - ZS_R', 'Lade_P_03 - AS', 'Lade_P_03 - ZS_L', 'Lade_P_04 - ZS_R', 'Lade_P_04 - AS', 'Lade_P_04 - ZS_L', 'Lade_S_01 - ZS_R', 'Lade_S_01 - AS', 'Lade_S_01 - ZS_L', 'BK_01 - RG', 'Lade_P_02 - Bodem', 'Lade_P_03 - Bodem', 'Lade_P_04 - Bodem', 'Lade_S_01 - Bodem', 'AFW_01 - AFWZ_L', 'AFW_02 - AFWZ_L', 'AFW_03 - AFWZ_R01', 'AFW_03 - AFWZ_R02', 'AFW_05 - Wandplaat', 'BK_01 - LF_03', 'BK_01 - LF_04', 'BK_01 - DR_L01', 'BK_01 - Vast paneel', 'BK_01 - LF_01', 'BK_01 - LF_02', 'BK_02 - DR_R04', 'BK_03 - DR_R03', 'BK_03 - DR_L02', 'Bueau - Traver', 'L_Greep01 - Rug', 'L_Greep01 - OC_greep', 'L_Greep02 - L_greep', 'Paslat_01 - Paslat', 'Paslat_L - Paslat', 'Bueau - RZ', 'Bueau - BC', 'AFW_04 - BB', 'BK_02 - VL03', 'BK_02 - VL04', 'BK_02 - VL05', 'BK_02 - VL06', 'BK_02 - VL01', 'BK_02 - VL02', 'BK_03 - VL02', 'BK_03 - VL01', 'Lade_C_01 - schuifplank', 'BK_02 - RG', 'BK_03 - RG', 'Lade_P_02 - Synchrostang', 'Lade_P_03 - Synchrostang', 'Lade_P_04 - Synchrostang']}
2025-07-25 09:31:36,937 INFO [ACCURA] Generated Excel file: C:/ACCURA\MO06797_S03673_Frank Celis_20250725_093136.xlsx
2025-07-25 09:31:36,937 INFO [BACKGROUND_CALLBACK] [ACCURA] Generated Excel file: C:/ACCURA\MO06797_S03673_Frank Celis_20250725_093136.xlsx
2025-07-25 09:31:36,937 INFO [BACKGROUND_CALLBACK] Forwarded message to scanner panel: [ACCURA] Generated Excel file: C:/ACCURA\MO06797_S03673_Frank Celis_20250725_093136.xlsx
2025-07-25 09:31:36,949 INFO [BOERE] Generated Excel file: C:/BOERE\MO06797_S03673_Frank Celis_20250725_093136.xlsx
2025-07-25 09:31:36,949 INFO [BACKGROUND_CALLBACK] [BOERE] Generated Excel file: C:/BOERE\MO06797_S03673_Frank Celis_20250725_093136.xlsx
2025-07-25 09:31:36,949 INFO [BACKGROUND_CALLBACK] Forwarded message to scanner panel: [BOERE] Generated Excel file: C:/BOERE\MO06797_S03673_Frank Celis_20250725_093136.xlsx
2025-07-25 09:31:36,949 INFO [UNIFIED_EXCEL] Checking DYNESTIC: in_results=True, has_work=True, item_count=54
2025-07-25 09:31:36,949 INFO [BACKGROUND_CALLBACK] [UNIFIED_EXCEL] Checking DYNESTIC: in_results=True, has_work=True, item_count=54
2025-07-25 09:31:36,949 INFO [BACKGROUND_CALLBACK] Forwarded message to scanner panel: [UNIFIED_EXCEL] Checking DYNESTIC: in_results=True, has_work=True, item_count=54
2025-07-25 09:31:36,949 INFO [UNIFIED_EXCEL] Skipping additional OPEN event for triggering user DYNESTIC - already has one from original scan
2025-07-25 09:31:36,949 INFO [BACKGROUND_CALLBACK] [UNIFIED_EXCEL] Skipping additional OPEN event for triggering user DYNESTIC - already has one from original scan
2025-07-25 09:31:36,949 INFO [BACKGROUND_CALLBACK] Forwarded message to scanner panel: [UNIFIED_EXCEL] Skipping additional OPEN event for triggering user DYNESTIC - already has one from original scan
2025-07-25 09:31:36,949 INFO [UPDATE_EXISTING] NESTING_PROCESSING for DYNESTIC: {'has_work': np.True_, 'item_count': np.int64(54), 'nesting_count': np.int64(40), 'opdeelzaag_count': np.int64(14), 'mo_number': 'MO06797', 'so_number': 'S03673', 'customer_name': 'Frank Celis', 'color': 'N8/S1'}
2025-07-25 09:31:36,949 INFO [BACKGROUND_CALLBACK] [UPDATE_EXISTING] NESTING_PROCESSING for DYNESTIC: {'has_work': np.True_, 'item_count': np.int64(54), 'nesting_count': np.int64(40), 'opdeelzaag_count': np.int64(14), 'mo_number': 'MO06797', 'so_number': 'S03673', 'customer_name': 'Frank Celis', 'color': 'N8/S1'}
2025-07-25 09:31:36,949 INFO [BACKGROUND_CALLBACK] Forwarded message to scanner panel: [UPDATE_EXISTING] NESTING_PROCESSING for DYNESTIC: {'has_work': np.True_, 'item_count': np.int64(54), 'nesting_count': np.int64(40), 'opdeelzaag_count': np.int64(14), 'mo_number': 'MO06797', 'so_number': 'S03673', 'customer_name': 'Frank Celis', 'color': 'N8/S1'}
2025-07-25 09:31:36,949 INFO [UPDATE_METADATA] Updating metadata for project MO06797_Bureaukast_(15-16), user DYNESTIC
2025-07-25 09:31:36,949 INFO [BACKGROUND_CALLBACK] [UPDATE_METADATA] Updating metadata for project MO06797_Bureaukast_(15-16), user DYNESTIC
2025-07-25 09:31:36,949 INFO [BACKGROUND_CALLBACK] Forwarded message to scanner panel: [UPDATE_METADATA] Updating metadata for project MO06797_Bureaukast_(15-16), user DYNESTIC
2025-07-25 09:31:38,923 INFO [db_log_api] /log called with data: {'event': 'OPEN', 'details': "Auto-detected from DYNESTIC's scan", 'project': 'MO06797_Bureaukast_(15-16)', 'base_mo_code': 'MO06797_Bureaukast_(15-16)', 'is_rep_variant': False, 'user': 'OPUS', 'session_type': 'XLSX_UPDATED', 'timestamp': '2025-07-25T09:30:22.296625'}
2025-07-25 09:31:38,924 INFO Event OPEN received for OPUS on MO06797_Bureaukast_(15-16). Triggering background import service.
2025-07-25 09:31:38,924 INFO Configuratie succesvol geladen.
2025-07-25 09:31:38,925 INFO Event ontvangen: User=OPUS, Project=MO06797_Bureaukast_(15-16). Controleren voor import...
2025-07-25 09:31:38,925 INFO [BACKGROUND_CALLBACK] Event ontvangen: User=OPUS, Project=MO06797_Bureaukast_(15-16). Controleren voor import...
2025-07-25 09:31:38,925 INFO [BACKGROUND_CALLBACK] Forwarded message to scanner panel: Event ontvangen: User=OPUS, Project=MO06797_Bureaukast_(15-16). Controleren voor import...
2025-07-25 09:31:38,925 INFO HOPS_PROCESSING voor user 'OPUS': Using 'MO06797_Bureaukast_(15-16)' for directory matching.
2025-07-25 09:31:38,925 INFO [BACKGROUND_CALLBACK] HOPS_PROCESSING voor user 'OPUS': Using 'MO06797_Bureaukast_(15-16)' for directory matching.
2025-07-25 09:31:38,925 INFO [BACKGROUND_CALLBACK] Forwarded message to scanner panel: HOPS_PROCESSING voor user 'OPUS': Using 'MO06797_Bureaukast_(15-16)' for directory matching.
2025-07-25 09:31:38,925 INFO   [DEBUG HOPS] Comparing dir: '0411_MO07195_Hoekdressing (1-7)' (Upper: '0411_MO07195_HOEKDRESSING (1-7)') with code_to_match: 'MO06797_Bureaukast_(15-16)' (Upper: 'MO06797_BUREAUKAST_(15-16)')
2025-07-25 09:31:38,925 INFO [BACKGROUND_CALLBACK]   [DEBUG HOPS] Comparing dir: '0411_MO07195_Hoekdressing (1-7)' (Upper: '0411_MO07195_HOEKDRESSING (1-7)') with code_to_match: 'MO06797_Bureaukast_(15-16)' (Upper: 'MO06797_BUREAUKAST_(15-16)')
2025-07-25 09:31:38,925 INFO [BACKGROUND_CALLBACK] Forwarded message to scanner panel:   [DEBUG HOPS] Comparing dir: '0411_MO07195_Hoekdressing (1-7)' (Upper: '0411_MO07195_HOEKDRESSING (1-7)') with code_to_match: 'MO06797_Bureaukast_(15-16)' (Upper: 'MO06797_BUREAUKAST_(15-16)')
2025-07-25 09:31:38,925 INFO   [DEBUG HOPS] Does '0411_MO07195_HOEKDRESSING (1-7)' end with 'MO06797_BUREAUKAST_(15-16)'? Result: False
2025-07-25 09:31:38,925 INFO [BACKGROUND_CALLBACK]   [DEBUG HOPS] Does '0411_MO07195_HOEKDRESSING (1-7)' end with 'MO06797_BUREAUKAST_(15-16)'? Result: False
2025-07-25 09:31:38,925 INFO [BACKGROUND_CALLBACK] Forwarded message to scanner panel:   [DEBUG HOPS] Does '0411_MO07195_HOEKDRESSING (1-7)' end with 'MO06797_BUREAUKAST_(15-16)'? Result: False
2025-07-25 09:31:38,926 INFO   [DEBUG HOPS] Comparing dir: '0411_MO07202-7203_TV-wand (7-7)' (Upper: '0411_MO07202-7203_TV-WAND (7-7)') with code_to_match: 'MO06797_Bureaukast_(15-16)' (Upper: 'MO06797_BUREAUKAST_(15-16)')
2025-07-25 09:31:38,926 INFO [BACKGROUND_CALLBACK]   [DEBUG HOPS] Comparing dir: '0411_MO07202-7203_TV-wand (7-7)' (Upper: '0411_MO07202-7203_TV-WAND (7-7)') with code_to_match: 'MO06797_Bureaukast_(15-16)' (Upper: 'MO06797_BUREAUKAST_(15-16)')
2025-07-25 09:31:38,926 INFO [BACKGROUND_CALLBACK] Forwarded message to scanner panel:   [DEBUG HOPS] Comparing dir: '0411_MO07202-7203_TV-wand (7-7)' (Upper: '0411_MO07202-7203_TV-WAND (7-7)') with code_to_match: 'MO06797_Bureaukast_(15-16)' (Upper: 'MO06797_BUREAUKAST_(15-16)')
2025-07-25 09:31:38,926 INFO   [DEBUG HOPS] Does '0411_MO07202-7203_TV-WAND (7-7)' end with 'MO06797_BUREAUKAST_(15-16)'? Result: False
2025-07-25 09:31:38,927 INFO [BACKGROUND_CALLBACK]   [DEBUG HOPS] Does '0411_MO07202-7203_TV-WAND (7-7)' end with 'MO06797_BUREAUKAST_(15-16)'? Result: False
2025-07-25 09:31:38,927 INFO [BACKGROUND_CALLBACK] Forwarded message to scanner panel:   [DEBUG HOPS] Does '0411_MO07202-7203_TV-WAND (7-7)' end with 'MO06797_BUREAUKAST_(15-16)'? Result: False
2025-07-25 09:31:38,927 INFO   [DEBUG HOPS] Comparing dir: '0618_MO06787_Dressing_A_deel2_(5-16)' (Upper: '0618_MO06787_DRESSING_A_DEEL2_(5-16)') with code_to_match: 'MO06797_Bureaukast_(15-16)' (Upper: 'MO06797_BUREAUKAST_(15-16)')
2025-07-25 09:31:38,927 INFO [BACKGROUND_CALLBACK]   [DEBUG HOPS] Comparing dir: '0618_MO06787_Dressing_A_deel2_(5-16)' (Upper: '0618_MO06787_DRESSING_A_DEEL2_(5-16)') with code_to_match: 'MO06797_Bureaukast_(15-16)' (Upper: 'MO06797_BUREAUKAST_(15-16)')
2025-07-25 09:31:38,927 INFO [BACKGROUND_CALLBACK] Forwarded message to scanner panel:   [DEBUG HOPS] Comparing dir: '0618_MO06787_Dressing_A_deel2_(5-16)' (Upper: '0618_MO06787_DRESSING_A_DEEL2_(5-16)') with code_to_match: 'MO06797_Bureaukast_(15-16)' (Upper: 'MO06797_BUREAUKAST_(15-16)')
2025-07-25 09:31:38,927 INFO   [DEBUG HOPS] Does '0618_MO06787_DRESSING_A_DEEL2_(5-16)' end with 'MO06797_BUREAUKAST_(15-16)'? Result: False
2025-07-25 09:31:38,927 INFO [BACKGROUND_CALLBACK]   [DEBUG HOPS] Does '0618_MO06787_DRESSING_A_DEEL2_(5-16)' end with 'MO06797_BUREAUKAST_(15-16)'? Result: False
2025-07-25 09:31:38,927 INFO [BACKGROUND_CALLBACK] Forwarded message to scanner panel:   [DEBUG HOPS] Does '0618_MO06787_DRESSING_A_DEEL2_(5-16)' end with 'MO06797_BUREAUKAST_(15-16)'? Result: False
2025-07-25 09:31:38,928 INFO   [DEBUG HOPS] Comparing dir: '0618_MO06797_Bureaukast_(15-16)' (Upper: '0618_MO06797_BUREAUKAST_(15-16)') with code_to_match: 'MO06797_Bureaukast_(15-16)' (Upper: 'MO06797_BUREAUKAST_(15-16)')
2025-07-25 09:31:38,928 INFO [BACKGROUND_CALLBACK]   [DEBUG HOPS] Comparing dir: '0618_MO06797_Bureaukast_(15-16)' (Upper: '0618_MO06797_BUREAUKAST_(15-16)') with code_to_match: 'MO06797_Bureaukast_(15-16)' (Upper: 'MO06797_BUREAUKAST_(15-16)')
2025-07-25 09:31:38,928 INFO [BACKGROUND_CALLBACK] Forwarded message to scanner panel:   [DEBUG HOPS] Comparing dir: '0618_MO06797_Bureaukast_(15-16)' (Upper: '0618_MO06797_BUREAUKAST_(15-16)') with code_to_match: 'MO06797_Bureaukast_(15-16)' (Upper: 'MO06797_BUREAUKAST_(15-16)')
2025-07-25 09:31:38,928 INFO   [DEBUG HOPS] Does '0618_MO06797_BUREAUKAST_(15-16)' end with 'MO06797_BUREAUKAST_(15-16)'? Result: True
2025-07-25 09:31:38,928 INFO [BACKGROUND_CALLBACK]   [DEBUG HOPS] Does '0618_MO06797_BUREAUKAST_(15-16)' end with 'MO06797_BUREAUKAST_(15-16)'? Result: True
2025-07-25 09:31:38,928 INFO [BACKGROUND_CALLBACK] Forwarded message to scanner panel:   [DEBUG HOPS] Does '0618_MO06797_BUREAUKAST_(15-16)' end with 'MO06797_BUREAUKAST_(15-16)'? Result: True
2025-07-25 09:31:38,928 INFO HOPS_PROCESSING (EndsWith match) (voor user 'OPUS') wordt gestart voor gevonden map: C:/OPUS/KORPUS\0618_MO06797_Bureaukast_(15-16)
2025-07-25 09:31:38,928 INFO [BACKGROUND_CALLBACK] HOPS_PROCESSING (EndsWith match) (voor user 'OPUS') wordt gestart voor gevonden map: C:/OPUS/KORPUS\0618_MO06797_Bureaukast_(15-16)
2025-07-25 09:31:38,928 INFO [BACKGROUND_CALLBACK] Forwarded message to scanner panel: HOPS_PROCESSING (EndsWith match) (voor user 'OPUS') wordt gestart voor gevonden map: C:/OPUS/KORPUS\0618_MO06797_Bureaukast_(15-16)
2025-07-25 09:31:38,928 INFO HOPS import gestart voor user 'OPUS', project context: MO06797_Bureaukast_(15-16) in map: C:/OPUS/KORPUS\0618_MO06797_Bureaukast_(15-16)
2025-07-25 09:31:38,928 INFO [BACKGROUND_CALLBACK] HOPS import gestart voor user 'OPUS', project context: MO06797_Bureaukast_(15-16) in map: C:/OPUS/KORPUS\0618_MO06797_Bureaukast_(15-16)
2025-07-25 09:31:38,928 INFO [BACKGROUND_CALLBACK] Forwarded message to scanner panel: HOPS import gestart voor user 'OPUS', project context: MO06797_Bureaukast_(15-16) in map: C:/OPUS/KORPUS\0618_MO06797_Bureaukast_(15-16)
2025-07-25 09:31:38,928 INFO 2 .hop/.hops bestanden verzameld uit 'C:/OPUS/KORPUS\0618_MO06797_Bureaukast_(15-16)'.
2025-07-25 09:31:38,930 INFO [BACKGROUND_CALLBACK] 2 .hop/.hops bestanden verzameld uit 'C:/OPUS/KORPUS\0618_MO06797_Bureaukast_(15-16)'.
2025-07-25 09:31:38,930 INFO [BACKGROUND_CALLBACK] Forwarded message to scanner panel: 2 .hop/.hops bestanden verzameld uit 'C:/OPUS/KORPUS\0618_MO06797_Bureaukast_(15-16)'.
2025-07-25 09:31:38,930 INFO 2 HOPS (.hop/.hops) bestanden gevonden in 'C:/OPUS/KORPUS\0618_MO06797_Bureaukast_(15-16)' voor Excel rapportage.
2025-07-25 09:31:38,930 INFO [BACKGROUND_CALLBACK] 2 HOPS (.hop/.hops) bestanden gevonden in 'C:/OPUS/KORPUS\0618_MO06797_Bureaukast_(15-16)' voor Excel rapportage.
2025-07-25 09:31:38,930 INFO [BACKGROUND_CALLBACK] Forwarded message to scanner panel: 2 HOPS (.hop/.hops) bestanden gevonden in 'C:/OPUS/KORPUS\0618_MO06797_Bureaukast_(15-16)' voor Excel rapportage.
2025-07-25 09:31:38,935 INFO [BG_TASK] Successfully posted OPEN for MO06797_Bureaukast_(15-16) for user OPUS.
2025-07-25 09:31:38,935 INFO OPUS import overgeslagen: logica niet actief voor deze gebruiker.
2025-07-25 09:31:38,935 INFO [BG_TASK] Checking dir 'C:/GANNOMAT' for users: ['KL GANNOMAT']
2025-07-25 09:31:38,935 INFO [BG_TASK] Checking dir 'C:/GANNOMAT' for user 'KL GANNOMAT' (type: MDB_PROCESSING) for project 'MO06797_Bureaukast_(15-16)'.
2025-07-25 09:31:38,936 INFO [BG_TASK] Extracted project code 'MO06797_Bureaukast_(15-16)' from 'MO06797_Bureaukast_(15-16)'
2025-07-25 09:31:38,936 INFO [BG_TASK] Triggering MDB_PROCESSING for KL GANNOMAT
2025-07-25 09:31:38,936 INFO [BG_TASK] Match found for 'MO06797_Bureaukast_(15-16)' in 'C:/GANNOMAT' for user 'KL GANNOMAT'. Creating OPEN event.
2025-07-25 09:31:38,944 INFO HOPS Excel rapport succesvol opgeslagen: C:/OPUS/KORPUS\0618_MO06797_Bureaukast_(15-16)\0618_MO06797_Bureaukast_(15-16).xlsx
2025-07-25 09:31:38,945 INFO [BACKGROUND_CALLBACK] HOPS Excel rapport succesvol opgeslagen: C:/OPUS/KORPUS\0618_MO06797_Bureaukast_(15-16)\0618_MO06797_Bureaukast_(15-16).xlsx
2025-07-25 09:31:38,945 INFO [BACKGROUND_CALLBACK] Forwarded message to scanner panel: HOPS Excel rapport succesvol opgeslagen: C:/OPUS/KORPUS\0618_MO06797_Bureaukast_(15-16)\0618_MO06797_Bureaukast_(15-16).xlsx
2025-07-25 09:31:38,945 INFO HOPS Excel rapport bevat 2 items
2025-07-25 09:31:38,945 INFO [BACKGROUND_CALLBACK] HOPS Excel rapport bevat 2 items
2025-07-25 09:31:38,945 INFO [BACKGROUND_CALLBACK] Forwarded message to scanner panel: HOPS Excel rapport bevat 2 items
2025-07-25 09:31:38,945 INFO [BACKGROUND_CALLBACK] BACKGROUND_WORK_FOUND:MO06797_Bureaukast_(15-16):OPUS:2
2025-07-25 09:31:38,947 INFO [BACKGROUND_CALLBACK] Forwarded message to scanner panel: BACKGROUND_WORK_FOUND:MO06797_Bureaukast_(15-16):OPUS:2
2025-07-25 09:31:38,950 INFO [BACKGROUND_CALLBACK] Logged work found event for OPUS on MO06797_Bureaukast_(15-16): 2 items
2025-07-25 09:31:38,980 INFO Updated metadata for 1 rows - project: MO06797_Bureaukast_(15-16), user: DYNESTIC
2025-07-25 09:31:38,983 INFO [UPDATE_METADATA] Successfully updated metadata for MO06797_Bureaukast_(15-16), user DYNESTIC
2025-07-25 09:31:38,983 INFO [BACKGROUND_CALLBACK] [UPDATE_METADATA] Successfully updated metadata for MO06797_Bureaukast_(15-16), user DYNESTIC
2025-07-25 09:31:38,983 INFO [BACKGROUND_CALLBACK] Forwarded message to scanner panel: [UPDATE_METADATA] Successfully updated metadata for MO06797_Bureaukast_(15-16), user DYNESTIC
2025-07-25 09:31:40,939 INFO [db_log_api] /log called with data: {'event': 'OPEN', 'details': "Auto-detected from DYNESTIC's scan", 'project': 'MO06797_Bureaukast_(15-16)', 'base_mo_code': 'MO06797_Bureaukast_(15-16)', 'is_rep_variant': False, 'user': 'KL GANNOMAT', 'session_type': 'XLSX_UPDATED', 'timestamp': '2025-07-25T09:30:22.296625'}
2025-07-25 09:31:40,941 INFO Event OPEN received for KL GANNOMAT on MO06797_Bureaukast_(15-16). Triggering background import service.
2025-07-25 09:31:40,941 INFO Configuratie succesvol geladen.
2025-07-25 09:31:40,941 INFO Event ontvangen: User=KL GANNOMAT, Project=MO06797_Bureaukast_(15-16). Controleren voor import...
2025-07-25 09:31:40,941 INFO [BACKGROUND_CALLBACK] Event ontvangen: User=KL GANNOMAT, Project=MO06797_Bureaukast_(15-16). Controleren voor import...
2025-07-25 09:31:40,941 INFO [BACKGROUND_CALLBACK] Forwarded message to scanner panel: Event ontvangen: User=KL GANNOMAT, Project=MO06797_Bureaukast_(15-16). Controleren voor import...
2025-07-25 09:31:40,941 INFO MDB_PROCESSING voor user 'KL GANNOMAT' wordt gestart (in achtergrond thread). Pad: C:/GANNOMAT
2025-07-25 09:31:40,942 INFO [BACKGROUND_CALLBACK] MDB_PROCESSING voor user 'KL GANNOMAT' wordt gestart (in achtergrond thread). Pad: C:/GANNOMAT
2025-07-25 09:31:40,942 INFO [BACKGROUND_CALLBACK] Forwarded message to scanner panel: MDB_PROCESSING voor user 'KL GANNOMAT' wordt gestart (in achtergrond thread). Pad: C:/GANNOMAT
2025-07-25 09:31:40,942 INFO MDB import gestart voor user 'KL GANNOMAT', project context: MO06797_Bureaukast_(15-16) in map: C:/GANNOMAT
2025-07-25 09:31:40,943 INFO [BACKGROUND_CALLBACK] MDB import gestart voor user 'KL GANNOMAT', project context: MO06797_Bureaukast_(15-16) in map: C:/GANNOMAT
2025-07-25 09:31:40,943 INFO [BACKGROUND_CALLBACK] Forwarded message to scanner panel: MDB import gestart voor user 'KL GANNOMAT', project context: MO06797_Bureaukast_(15-16) in map: C:/GANNOMAT
2025-07-25 09:31:40,943 INFO   [DEBUG MDB] Comparing file_basename: '0411_MO07195_Hoekdressing (1-7)' (Upper: '0411_MO07195_HOEKDRESSING (1-7)') with project_event_code: 'MO06797_Bureaukast_(15-16)' (Upper: 'MO06797_BUREAUKAST_(15-16)')
2025-07-25 09:31:40,943 INFO [BACKGROUND_CALLBACK]   [DEBUG MDB] Comparing file_basename: '0411_MO07195_Hoekdressing (1-7)' (Upper: '0411_MO07195_HOEKDRESSING (1-7)') with project_event_code: 'MO06797_Bureaukast_(15-16)' (Upper: 'MO06797_BUREAUKAST_(15-16)')
2025-07-25 09:31:40,943 INFO [BACKGROUND_CALLBACK] Forwarded message to scanner panel:   [DEBUG MDB] Comparing file_basename: '0411_MO07195_Hoekdressing (1-7)' (Upper: '0411_MO07195_HOEKDRESSING (1-7)') with project_event_code: 'MO06797_Bureaukast_(15-16)' (Upper: 'MO06797_BUREAUKAST_(15-16)')
2025-07-25 09:31:40,943 INFO   [DEBUG MDB] Does '0411_MO07195_HOEKDRESSING (1-7)' end with 'MO06797_BUREAUKAST_(15-16)'? Result: False
2025-07-25 09:31:40,943 INFO [BACKGROUND_CALLBACK]   [DEBUG MDB] Does '0411_MO07195_HOEKDRESSING (1-7)' end with 'MO06797_BUREAUKAST_(15-16)'? Result: False
2025-07-25 09:31:40,943 INFO [BACKGROUND_CALLBACK] Forwarded message to scanner panel:   [DEBUG MDB] Does '0411_MO07195_HOEKDRESSING (1-7)' end with 'MO06797_BUREAUKAST_(15-16)'? Result: False
2025-07-25 09:31:40,943 INFO   [DEBUG MDB] Comparing file_basename: '0520_MO07987_TV-wand (1-1)' (Upper: '0520_MO07987_TV-WAND (1-1)') with project_event_code: 'MO06797_Bureaukast_(15-16)' (Upper: 'MO06797_BUREAUKAST_(15-16)')
2025-07-25 09:31:40,943 INFO [BACKGROUND_CALLBACK]   [DEBUG MDB] Comparing file_basename: '0520_MO07987_TV-wand (1-1)' (Upper: '0520_MO07987_TV-WAND (1-1)') with project_event_code: 'MO06797_Bureaukast_(15-16)' (Upper: 'MO06797_BUREAUKAST_(15-16)')
2025-07-25 09:31:40,943 INFO [BACKGROUND_CALLBACK] Forwarded message to scanner panel:   [DEBUG MDB] Comparing file_basename: '0520_MO07987_TV-wand (1-1)' (Upper: '0520_MO07987_TV-WAND (1-1)') with project_event_code: 'MO06797_Bureaukast_(15-16)' (Upper: 'MO06797_BUREAUKAST_(15-16)')
2025-07-25 09:31:40,943 INFO   [DEBUG MDB] Does '0520_MO07987_TV-WAND (1-1)' end with 'MO06797_BUREAUKAST_(15-16)'? Result: False
2025-07-25 09:31:40,943 INFO [BACKGROUND_CALLBACK]   [DEBUG MDB] Does '0520_MO07987_TV-WAND (1-1)' end with 'MO06797_BUREAUKAST_(15-16)'? Result: False
2025-07-25 09:31:40,943 INFO [BACKGROUND_CALLBACK] Forwarded message to scanner panel:   [DEBUG MDB] Does '0520_MO07987_TV-WAND (1-1)' end with 'MO06797_BUREAUKAST_(15-16)'? Result: False
2025-07-25 09:31:40,943 INFO   [DEBUG MDB] Comparing file_basename: '0618_MO06787_Dressing_A_deel2_(5-16)' (Upper: '0618_MO06787_DRESSING_A_DEEL2_(5-16)') with project_event_code: 'MO06797_Bureaukast_(15-16)' (Upper: 'MO06797_BUREAUKAST_(15-16)')
2025-07-25 09:31:40,943 INFO [BACKGROUND_CALLBACK]   [DEBUG MDB] Comparing file_basename: '0618_MO06787_Dressing_A_deel2_(5-16)' (Upper: '0618_MO06787_DRESSING_A_DEEL2_(5-16)') with project_event_code: 'MO06797_Bureaukast_(15-16)' (Upper: 'MO06797_BUREAUKAST_(15-16)')
2025-07-25 09:31:40,944 INFO [BACKGROUND_CALLBACK] Forwarded message to scanner panel:   [DEBUG MDB] Comparing file_basename: '0618_MO06787_Dressing_A_deel2_(5-16)' (Upper: '0618_MO06787_DRESSING_A_DEEL2_(5-16)') with project_event_code: 'MO06797_Bureaukast_(15-16)' (Upper: 'MO06797_BUREAUKAST_(15-16)')
2025-07-25 09:31:40,944 INFO   [DEBUG MDB] Does '0618_MO06787_DRESSING_A_DEEL2_(5-16)' end with 'MO06797_BUREAUKAST_(15-16)'? Result: False
2025-07-25 09:31:40,944 INFO [BACKGROUND_CALLBACK]   [DEBUG MDB] Does '0618_MO06787_DRESSING_A_DEEL2_(5-16)' end with 'MO06797_BUREAUKAST_(15-16)'? Result: False
2025-07-25 09:31:40,944 INFO [BACKGROUND_CALLBACK] Forwarded message to scanner panel:   [DEBUG MDB] Does '0618_MO06787_DRESSING_A_DEEL2_(5-16)' end with 'MO06797_BUREAUKAST_(15-16)'? Result: False
2025-07-25 09:31:40,944 INFO   [DEBUG MDB] Comparing file_basename: '0618_MO06797_Bureaukast_(15-16)' (Upper: '0618_MO06797_BUREAUKAST_(15-16)') with project_event_code: 'MO06797_Bureaukast_(15-16)' (Upper: 'MO06797_BUREAUKAST_(15-16)')
2025-07-25 09:31:40,944 INFO [BACKGROUND_CALLBACK]   [DEBUG MDB] Comparing file_basename: '0618_MO06797_Bureaukast_(15-16)' (Upper: '0618_MO06797_BUREAUKAST_(15-16)') with project_event_code: 'MO06797_Bureaukast_(15-16)' (Upper: 'MO06797_BUREAUKAST_(15-16)')
2025-07-25 09:31:40,944 INFO [BACKGROUND_CALLBACK] Forwarded message to scanner panel:   [DEBUG MDB] Comparing file_basename: '0618_MO06797_Bureaukast_(15-16)' (Upper: '0618_MO06797_BUREAUKAST_(15-16)') with project_event_code: 'MO06797_Bureaukast_(15-16)' (Upper: 'MO06797_BUREAUKAST_(15-16)')
2025-07-25 09:31:40,944 INFO   [DEBUG MDB] Does '0618_MO06797_BUREAUKAST_(15-16)' end with 'MO06797_BUREAUKAST_(15-16)'? Result: True
2025-07-25 09:31:40,944 INFO [BACKGROUND_CALLBACK]   [DEBUG MDB] Does '0618_MO06797_BUREAUKAST_(15-16)' end with 'MO06797_BUREAUKAST_(15-16)'? Result: True
2025-07-25 09:31:40,944 INFO [BACKGROUND_CALLBACK] Forwarded message to scanner panel:   [DEBUG MDB] Does '0618_MO06797_BUREAUKAST_(15-16)' end with 'MO06797_BUREAUKAST_(15-16)'? Result: True
2025-07-25 09:31:40,944 INFO Overeenkomend MDB bestand (EndsWith match) gevonden: C:/GANNOMAT\0618_MO06797_Bureaukast_(15-16).Mdb. Verwerken...
2025-07-25 09:31:40,944 INFO [BACKGROUND_CALLBACK] Overeenkomend MDB bestand (EndsWith match) gevonden: C:/GANNOMAT\0618_MO06797_Bureaukast_(15-16).Mdb. Verwerken...
2025-07-25 09:31:40,944 INFO [BACKGROUND_CALLBACK] Forwarded message to scanner panel: Overeenkomend MDB bestand (EndsWith match) gevonden: C:/GANNOMAT\0618_MO06797_Bureaukast_(15-16).Mdb. Verwerken...
2025-07-25 09:31:40,951 INFO [BG_TASK] Successfully posted OPEN for MO06797_Bureaukast_(15-16) for user KL GANNOMAT.
2025-07-25 09:31:40,951 INFO KL GANNOMAT import overgeslagen: logica niet actief voor deze gebruiker.
2025-07-25 09:31:40,951 INFO [BG_TASK] Finished processing OPEN for MO06797_Bureaukast_(15-16).
2025-07-25 09:31:40,968 INFO [db_log_api] /update_file_path called with data: {'project': 'MO06797_Bureaukast_(15-16)', 'user': 'OPUS', 'file_path': 'C:/OPUS/KORPUS\\0618_MO06797_Bureaukast_(15-16)\\0618_MO06797_Bureaukast_(15-16).xlsx', 'timestamp': '2025-07-25T09:31:38.953572'}
2025-07-25 09:31:40,971 INFO Updated file_path for OPEN event: user=OPUS, project=MO06797_Bureaukast_(15-16), path=C:/OPUS/KORPUS\0618_MO06797_Bureaukast_(15-16)\0618_MO06797_Bureaukast_(15-16).xlsx
2025-07-25 09:31:40,980 INFO OPEN event updated with Excel path for: OPUS - MO06797_Bureaukast_(15-16) at C:/OPUS/KORPUS\0618_MO06797_Bureaukast_(15-16)\0618_MO06797_Bureaukast_(15-16).xlsx
2025-07-25 09:31:40,980 INFO [BACKGROUND_CALLBACK] OPEN event updated with Excel path for: OPUS - MO06797_Bureaukast_(15-16) at C:/OPUS/KORPUS\0618_MO06797_Bureaukast_(15-16)\0618_MO06797_Bureaukast_(15-16).xlsx
2025-07-25 09:31:40,980 INFO [BACKGROUND_CALLBACK] Forwarded message to scanner panel: OPEN event updated with Excel path for: OPUS - MO06797_Bureaukast_(15-16) at C:/OPUS/KORPUS\0618_MO06797_Bureaukast_(15-16)\0618_MO06797_Bureaukast_(15-16).xlsx
2025-07-25 09:31:40,995 INFO [db_log_api] /update_item_count called with data: {'project': 'MO06797_Bureaukast_(15-16)', 'user': 'DYNESTIC', 'item_count': 54, 'nesting_count': 40, 'opdeelzaag_count': 14, 'timestamp': '2025-07-25T09:31:38.983950'}
2025-07-25 09:31:40,999 INFO Updated item count for DYNESTIC - MO06797_Bureaukast_(15-16): Total=54 (Nesting=40, Opdeelzaag=14)
2025-07-25 09:31:41,002 INFO OPEN event updated with item count for: DYNESTIC - MO06797_Bureaukast_(15-16) (Total: 54, Nesting: 40, Opdeelzaag: 14)
2025-07-25 09:31:41,002 INFO [BACKGROUND_CALLBACK] OPEN event updated with item count for: DYNESTIC - MO06797_Bureaukast_(15-16) (Total: 54, Nesting: 40, Opdeelzaag: 14)
2025-07-25 09:31:41,002 INFO [BACKGROUND_CALLBACK] Forwarded message to scanner panel: OPEN event updated with item count for: DYNESTIC - MO06797_Bureaukast_(15-16) (Total: 54, Nesting: 40, Opdeelzaag: 14)
2025-07-25 09:31:41,002 INFO [UNIFIED_EXCEL] Preparing callback for triggering user DYNESTIC (processing_type: NESTING_PROCESSING)
2025-07-25 09:31:41,002 INFO [BACKGROUND_CALLBACK] [UNIFIED_EXCEL] Preparing callback for triggering user DYNESTIC (processing_type: NESTING_PROCESSING)
2025-07-25 09:31:41,002 INFO [BACKGROUND_CALLBACK] Forwarded message to scanner panel: [UNIFIED_EXCEL] Preparing callback for triggering user DYNESTIC (processing_type: NESTING_PROCESSING)
2025-07-25 09:31:41,003 INFO [UNIFIED_EXCEL] Sending callback for triggering user DYNESTIC
2025-07-25 09:31:41,003 INFO [BACKGROUND_CALLBACK] [UNIFIED_EXCEL] Sending callback for triggering user DYNESTIC
2025-07-25 09:31:41,003 INFO [BACKGROUND_CALLBACK] Forwarded message to scanner panel: [UNIFIED_EXCEL] Sending callback for triggering user DYNESTIC
2025-07-25 09:31:41,003 INFO [UNIFIED_EXCEL] NESTING callback: 54 items
2025-07-25 09:31:41,003 INFO [BACKGROUND_CALLBACK] [UNIFIED_EXCEL] NESTING callback: 54 items
2025-07-25 09:31:41,003 INFO [BACKGROUND_CALLBACK] Forwarded message to scanner panel: [UNIFIED_EXCEL] NESTING callback: 54 items
2025-07-25 09:31:41,003 INFO [BACKGROUND_CALLBACK] BACKGROUND_WORK_FOUND:MO06797_Bureaukast_(15-16):DYNESTIC:54
2025-07-25 09:31:41,005 INFO [BACKGROUND_CALLBACK] Forwarded message to scanner panel: BACKGROUND_WORK_FOUND:MO06797_Bureaukast_(15-16):DYNESTIC:54
2025-07-25 09:31:41,009 INFO [BACKGROUND_CALLBACK] Logged work found event for DYNESTIC on MO06797_Bureaukast_(15-16): 54 items
2025-07-25 09:31:41,013 INFO [UNIFIED_EXCEL] Checking ACCURA: in_results=True, has_work=True, item_count=49
2025-07-25 09:31:41,013 INFO [BACKGROUND_CALLBACK] [UNIFIED_EXCEL] Checking ACCURA: in_results=True, has_work=True, item_count=49
2025-07-25 09:31:41,013 INFO [BACKGROUND_CALLBACK] Forwarded message to scanner panel: [UNIFIED_EXCEL] Checking ACCURA: in_results=True, has_work=True, item_count=49
2025-07-25 09:31:41,013 INFO [UNIFIED_EXCEL] Work found for ACCURA (ACCURA_PROCESSING)
2025-07-25 09:31:41,013 INFO [BACKGROUND_CALLBACK] [UNIFIED_EXCEL] Work found for ACCURA (ACCURA_PROCESSING)
2025-07-25 09:31:41,013 INFO [BACKGROUND_CALLBACK] Forwarded message to scanner panel: [UNIFIED_EXCEL] Work found for ACCURA (ACCURA_PROCESSING)
2025-07-25 09:31:41,013 INFO [UNIFIED_EXCEL] Waiting 1.48s before posting OPEN for ACCURA
2025-07-25 09:31:41,013 INFO [BACKGROUND_CALLBACK] [UNIFIED_EXCEL] Waiting 1.48s before posting OPEN for ACCURA
2025-07-25 09:31:41,013 INFO [BACKGROUND_CALLBACK] Forwarded message to scanner panel: [UNIFIED_EXCEL] Waiting 1.48s before posting OPEN for ACCURA
2025-07-25 09:31:41,294 INFO Querying 'ProgramNumber' from table 'Program' in 0618_MO06797_Bureaukast_(15-16).Mdb
2025-07-25 09:31:41,294 INFO [BACKGROUND_CALLBACK] Querying 'ProgramNumber' from table 'Program' in 0618_MO06797_Bureaukast_(15-16).Mdb
2025-07-25 09:31:41,294 INFO [BACKGROUND_CALLBACK] Forwarded message to scanner panel: Querying 'ProgramNumber' from table 'Program' in 0618_MO06797_Bureaukast_(15-16).Mdb
2025-07-25 09:31:41,381 INFO MDB Excel rapport succesvol opgeslagen: C:/GANNOMAT\0618_MO06797_Bureaukast_(15-16).xlsx
2025-07-25 09:31:41,381 INFO [BACKGROUND_CALLBACK] MDB Excel rapport succesvol opgeslagen: C:/GANNOMAT\0618_MO06797_Bureaukast_(15-16).xlsx
2025-07-25 09:31:41,381 INFO [BACKGROUND_CALLBACK] Forwarded message to scanner panel: MDB Excel rapport succesvol opgeslagen: C:/GANNOMAT\0618_MO06797_Bureaukast_(15-16).xlsx
2025-07-25 09:31:41,381 INFO MDB Excel report successfully saved: C:/GANNOMAT\0618_MO06797_Bureaukast_(15-16).xlsx
2025-07-25 09:31:41,381 INFO MDB Excel rapport bevat 4 items
2025-07-25 09:31:41,381 INFO [BACKGROUND_CALLBACK] MDB Excel rapport bevat 4 items
2025-07-25 09:31:41,381 INFO [BACKGROUND_CALLBACK] Forwarded message to scanner panel: MDB Excel rapport bevat 4 items
2025-07-25 09:31:41,381 INFO [BACKGROUND_CALLBACK] BACKGROUND_WORK_FOUND:MO06797_Bureaukast_(15-16):KL GANNOMAT:4
2025-07-25 09:31:41,383 INFO [BACKGROUND_CALLBACK] Forwarded message to scanner panel: BACKGROUND_WORK_FOUND:MO06797_Bureaukast_(15-16):KL GANNOMAT:4
2025-07-25 09:31:41,386 INFO [BACKGROUND_CALLBACK] Logged work found event for KL GANNOMAT on MO06797_Bureaukast_(15-16): 4 items
2025-07-25 09:31:42,993 INFO [db_log_api] /update_item_count called with data: {'project': 'MO06797_Bureaukast_(15-16)', 'user': 'OPUS', 'item_count': 2, 'timestamp': '2025-07-25T09:31:40.980171'}
2025-07-25 09:31:42,997 INFO Updated item count for OPUS - MO06797_Bureaukast_(15-16): Total=2 (Nesting=0, Opdeelzaag=0)
2025-07-25 09:31:43,000 INFO OPEN event updated with item count (2) for: OPUS - MO06797_Bureaukast_(15-16)
2025-07-25 09:31:43,000 INFO [BACKGROUND_CALLBACK] OPEN event updated with item count (2) for: OPUS - MO06797_Bureaukast_(15-16)
2025-07-25 09:31:43,001 INFO [BACKGROUND_CALLBACK] Forwarded message to scanner panel: OPEN event updated with item count (2) for: OPUS - MO06797_Bureaukast_(15-16)
2025-07-25 09:31:43,001 INFO HOPS import thread voltooid voor user 'OPUS'. Totaal HOPS: 1, Totaal: 1
2025-07-25 09:31:43,001 INFO [BACKGROUND_CALLBACK] HOPS import thread voltooid voor user 'OPUS'. Totaal HOPS: 1, Totaal: 1
2025-07-25 09:31:43,001 INFO [BACKGROUND_CALLBACK] Forwarded message to scanner panel: HOPS import thread voltooid voor user 'OPUS'. Totaal HOPS: 1, Totaal: 1
2025-07-25 09:31:43,400 INFO [db_log_api] /update_file_path called with data: {'project': 'MO06797_Bureaukast_(15-16)', 'user': 'KL GANNOMAT', 'file_path': 'C:/GANNOMAT\\0618_MO06797_Bureaukast_(15-16).xlsx', 'timestamp': '2025-07-25T09:31:41.389317'}
2025-07-25 09:31:43,403 INFO Updated file_path for OPEN event: user=KL GANNOMAT, project=MO06797_Bureaukast_(15-16), path=C:/GANNOMAT\0618_MO06797_Bureaukast_(15-16).xlsx
2025-07-25 09:31:43,406 INFO OPEN event updated with Excel path for: KL GANNOMAT - MO06797_Bureaukast_(15-16) at C:/GANNOMAT\0618_MO06797_Bureaukast_(15-16).xlsx
2025-07-25 09:31:43,406 INFO [BACKGROUND_CALLBACK] OPEN event updated with Excel path for: KL GANNOMAT - MO06797_Bureaukast_(15-16) at C:/GANNOMAT\0618_MO06797_Bureaukast_(15-16).xlsx
2025-07-25 09:31:43,406 INFO [BACKGROUND_CALLBACK] Forwarded message to scanner panel: OPEN event updated with Excel path for: KL GANNOMAT - MO06797_Bureaukast_(15-16) at C:/GANNOMAT\0618_MO06797_Bureaukast_(15-16).xlsx
2025-07-25 09:31:44,508 INFO [db_log_api] /log called with data: {'event': 'OPEN', 'details': 'Auto-detected Excel work', 'project': 'MO06797_Bureaukast_(15-16)', 'base_mo_code': 'MO06797_Bureaukast_(15-16)', 'user': 'ACCURA', 'session_type': 'XLSX_UPDATED', 'color': 'N8/S1', 'mo_number': 'MO06797', 'so_number': 'S03673', 'customer_name': 'Frank Celis', 'item_count': 49, 'aantal_sides': 141, 'timestamp': '2025-07-25T09:30:22.296625'}
2025-07-25 09:31:44,509 INFO Skipping background import trigger for auto-generated OPEN event: ACCURA on MO06797_Bureaukast_(15-16) (Auto-detected Excel work)
2025-07-25 09:31:44,514 INFO [UNIFIED_EXCEL] Successfully posted OPEN for MO06797_Bureaukast_(15-16) for user ACCURA
2025-07-25 09:31:44,514 INFO [BACKGROUND_CALLBACK] [UNIFIED_EXCEL] Successfully posted OPEN for MO06797_Bureaukast_(15-16) for user ACCURA
2025-07-25 09:31:44,514 INFO [BACKGROUND_CALLBACK] Forwarded message to scanner panel: [UNIFIED_EXCEL] Successfully posted OPEN for MO06797_Bureaukast_(15-16) for user ACCURA
2025-07-25 09:31:44,514 INFO [UNIFIED_EXCEL] Preparing callback for non-triggering user ACCURA (processing_type: ACCURA_PROCESSING)
2025-07-25 09:31:44,514 INFO [BACKGROUND_CALLBACK] [UNIFIED_EXCEL] Preparing callback for non-triggering user ACCURA (processing_type: ACCURA_PROCESSING)
2025-07-25 09:31:44,514 INFO [BACKGROUND_CALLBACK] Forwarded message to scanner panel: [UNIFIED_EXCEL] Preparing callback for non-triggering user ACCURA (processing_type: ACCURA_PROCESSING)
2025-07-25 09:31:44,514 INFO [UNIFIED_EXCEL] Sending callback for non-triggering user ACCURA
2025-07-25 09:31:44,514 INFO [BACKGROUND_CALLBACK] [UNIFIED_EXCEL] Sending callback for non-triggering user ACCURA
2025-07-25 09:31:44,514 INFO [BACKGROUND_CALLBACK] Forwarded message to scanner panel: [UNIFIED_EXCEL] Sending callback for non-triggering user ACCURA
2025-07-25 09:31:44,514 INFO [UNIFIED_EXCEL] ACCURA callback: 49 items
2025-07-25 09:31:44,514 INFO [BACKGROUND_CALLBACK] [UNIFIED_EXCEL] ACCURA callback: 49 items
2025-07-25 09:31:44,514 INFO [BACKGROUND_CALLBACK] Forwarded message to scanner panel: [UNIFIED_EXCEL] ACCURA callback: 49 items
2025-07-25 09:31:44,514 INFO [BACKGROUND_CALLBACK] BACKGROUND_WORK_FOUND:MO06797_Bureaukast_(15-16):ACCURA:49
2025-07-25 09:31:44,517 INFO [BACKGROUND_CALLBACK] Forwarded message to scanner panel: BACKGROUND_WORK_FOUND:MO06797_Bureaukast_(15-16):ACCURA:49
2025-07-25 09:31:44,520 INFO [BACKGROUND_CALLBACK] Logged work found event for ACCURA on MO06797_Bureaukast_(15-16): 49 items
2025-07-25 09:31:45,408 INFO [db_log_api] /update_item_count called with data: {'project': 'MO06797_Bureaukast_(15-16)', 'user': 'KL GANNOMAT', 'item_count': 4, 'timestamp': '2025-07-25T09:31:43.406440'}
2025-07-25 09:31:45,412 INFO Updated item count for KL GANNOMAT - MO06797_Bureaukast_(15-16): Total=4 (Nesting=0, Opdeelzaag=0)
2025-07-25 09:31:45,416 INFO OPEN event updated with item count (4) for: KL GANNOMAT - MO06797_Bureaukast_(15-16)
2025-07-25 09:31:45,416 INFO [BACKGROUND_CALLBACK] OPEN event updated with item count (4) for: KL GANNOMAT - MO06797_Bureaukast_(15-16)
2025-07-25 09:31:45,416 INFO [BACKGROUND_CALLBACK] Forwarded message to scanner panel: OPEN event updated with item count (4) for: KL GANNOMAT - MO06797_Bureaukast_(15-16)
2025-07-25 09:31:45,417 INFO Excel rapport gegenereerd voor 0618_MO06797_Bureaukast_(15-16).Mdb.
2025-07-25 09:31:45,417 INFO [BACKGROUND_CALLBACK] Excel rapport gegenereerd voor 0618_MO06797_Bureaukast_(15-16).Mdb.
2025-07-25 09:31:45,417 INFO [BACKGROUND_CALLBACK] Forwarded message to scanner panel: Excel rapport gegenereerd voor 0618_MO06797_Bureaukast_(15-16).Mdb.
2025-07-25 09:31:45,417 INFO 1 MDB bestand(en) verwerkt. 1 Excel rapporten gegenereerd voor project 'MO06797_Bureaukast_(15-16)'.
2025-07-25 09:31:45,417 INFO [BACKGROUND_CALLBACK] 1 MDB bestand(en) verwerkt. 1 Excel rapporten gegenereerd voor project 'MO06797_Bureaukast_(15-16)'.
2025-07-25 09:31:45,417 INFO [BACKGROUND_CALLBACK] Forwarded message to scanner panel: 1 MDB bestand(en) verwerkt. 1 Excel rapporten gegenereerd voor project 'MO06797_Bureaukast_(15-16)'.
2025-07-25 09:31:45,417 INFO MDB import thread voltooid voor user 'KL GANNOMAT'. Totaal MDB: 1, Totaal: 2
2025-07-25 09:31:45,417 INFO [BACKGROUND_CALLBACK] MDB import thread voltooid voor user 'KL GANNOMAT'. Totaal MDB: 1, Totaal: 2
2025-07-25 09:31:45,417 INFO [BACKGROUND_CALLBACK] Forwarded message to scanner panel: MDB import thread voltooid voor user 'KL GANNOMAT'. Totaal MDB: 1, Totaal: 2
2025-07-25 09:31:46,526 INFO [db_log_api] /update_accura_counts called with data: {'project': 'MO06797_Bureaukast_(15-16)', 'user': 'ACCURA', 'item_count': 49, 'aantal_items': 49, 'aantal_sides': 141, 'timestamp': '2025-07-25T09:30:22.296625'}
2025-07-25 09:31:46,529 INFO Updated accura counts for ACCURA - MO06797_Bureaukast_(15-16): Total=49, Items=49, Sides=141
2025-07-25 09:31:46,532 INFO OPEN event updated with accura counts for: ACCURA - MO06797_Bureaukast_(15-16) (Items: 49, Sides: 141)
2025-07-25 09:31:46,532 INFO [BACKGROUND_CALLBACK] OPEN event updated with accura counts for: ACCURA - MO06797_Bureaukast_(15-16) (Items: 49, Sides: 141)
2025-07-25 09:31:46,532 INFO [BACKGROUND_CALLBACK] Forwarded message to scanner panel: OPEN event updated with accura counts for: ACCURA - MO06797_Bureaukast_(15-16) (Items: 49, Sides: 141)
2025-07-25 09:31:48,069 INFO Dashboard display users: ['DYNESTIC', 'ACCURA', 'OPUS', 'KL GANNOMAT', 'BOERE']
2025-07-25 09:31:48,546 INFO [db_log_api] /update_file_path called with data: {'project': 'MO06797_Bureaukast_(15-16)', 'user': 'ACCURA', 'file_path': 'C:/ACCURA\\MO06797_S03673_Frank Celis_20250725_093136.xlsx', 'timestamp': '2025-07-25T09:31:46.533135'}
2025-07-25 09:31:48,551 INFO Updated file_path for OPEN event: user=ACCURA, project=MO06797_Bureaukast_(15-16), path=C:/ACCURA\MO06797_S03673_Frank Celis_20250725_093136.xlsx
2025-07-25 09:31:48,554 INFO OPEN event updated with Excel path for: ACCURA - MO06797_Bureaukast_(15-16) at C:/ACCURA\MO06797_S03673_Frank Celis_20250725_093136.xlsx
2025-07-25 09:31:48,554 INFO [BACKGROUND_CALLBACK] OPEN event updated with Excel path for: ACCURA - MO06797_Bureaukast_(15-16) at C:/ACCURA\MO06797_S03673_Frank Celis_20250725_093136.xlsx
2025-07-25 09:31:48,554 INFO [BACKGROUND_CALLBACK] Forwarded message to scanner panel: OPEN event updated with Excel path for: ACCURA - MO06797_Bureaukast_(15-16) at C:/ACCURA\MO06797_S03673_Frank Celis_20250725_093136.xlsx
2025-07-25 09:31:50,567 INFO [db_log_api] /update_item_count called with data: {'project': 'MO06797_Bureaukast_(15-16)', 'user': 'ACCURA', 'item_count': 49, 'timestamp': '2025-07-25T09:31:48.554323'}
2025-07-25 09:31:50,569 INFO Updated item count for ACCURA - MO06797_Bureaukast_(15-16): Total=49 (Nesting=0, Opdeelzaag=0)
2025-07-25 09:31:50,569 INFO OPEN event updated with item count (49) for: ACCURA - MO06797_Bureaukast_(15-16)
2025-07-25 09:31:50,569 INFO [BACKGROUND_CALLBACK] OPEN event updated with item count (49) for: ACCURA - MO06797_Bureaukast_(15-16)
2025-07-25 09:31:50,569 INFO [BACKGROUND_CALLBACK] Forwarded message to scanner panel: OPEN event updated with item count (49) for: ACCURA - MO06797_Bureaukast_(15-16)
2025-07-25 09:31:52,573 INFO [db_log_api] /project/metadata called with data: {'project': 'MO06797_Bureaukast_(15-16)', 'mo_number': 'MO06797', 'so_number': 'S03673', 'customer_name': 'Frank Celis', 'color': 'N8/S1'}
2025-07-25 09:31:52,577 INFO Updated project metadata for 4 records in project MO06797_Bureaukast_(15-16)
2025-07-25 09:31:52,579 INFO Project metadata updated for MO06797_Bureaukast_(15-16)
2025-07-25 09:31:52,580 INFO [BACKGROUND_CALLBACK] Project metadata updated for MO06797_Bureaukast_(15-16)
2025-07-25 09:31:52,580 INFO [BACKGROUND_CALLBACK] Forwarded message to scanner panel: Project metadata updated for MO06797_Bureaukast_(15-16)
2025-07-25 09:31:52,580 INFO [UNIFIED_EXCEL] Checking BOERE: in_results=True, has_work=True, item_count=86
2025-07-25 09:31:52,580 INFO [BACKGROUND_CALLBACK] [UNIFIED_EXCEL] Checking BOERE: in_results=True, has_work=True, item_count=86
2025-07-25 09:31:52,580 INFO [BACKGROUND_CALLBACK] Forwarded message to scanner panel: [UNIFIED_EXCEL] Checking BOERE: in_results=True, has_work=True, item_count=86
2025-07-25 09:31:52,580 INFO [UNIFIED_EXCEL] Work found for BOERE (BOERE_PROCESSING)
2025-07-25 09:31:52,580 INFO [BACKGROUND_CALLBACK] [UNIFIED_EXCEL] Work found for BOERE (BOERE_PROCESSING)
2025-07-25 09:31:52,580 INFO [BACKGROUND_CALLBACK] Forwarded message to scanner panel: [UNIFIED_EXCEL] Work found for BOERE (BOERE_PROCESSING)
2025-07-25 09:31:52,580 INFO [UNIFIED_EXCEL] Waiting 1.05s before posting OPEN for BOERE
2025-07-25 09:31:52,580 INFO [BACKGROUND_CALLBACK] [UNIFIED_EXCEL] Waiting 1.05s before posting OPEN for BOERE
2025-07-25 09:31:52,580 INFO [BACKGROUND_CALLBACK] Forwarded message to scanner panel: [UNIFIED_EXCEL] Waiting 1.05s before posting OPEN for BOERE
2025-07-25 09:31:55,634 INFO [db_log_api] /log called with data: {'event': 'OPEN', 'details': 'Auto-detected Excel work', 'project': 'MO06797_Bureaukast_(15-16)', 'base_mo_code': 'MO06797_Bureaukast_(15-16)', 'user': 'BOERE', 'session_type': 'XLSX_UPDATED', 'color': 'N8/S1', 'mo_number': 'MO06797', 'so_number': 'S03673', 'customer_name': 'Frank Celis', 'item_count': 86, 'timestamp': '2025-07-25T09:30:22.296625'}
2025-07-25 09:31:55,635 INFO Skipping background import trigger for auto-generated OPEN event: BOERE on MO06797_Bureaukast_(15-16) (Auto-detected Excel work)
2025-07-25 09:31:55,640 INFO [UNIFIED_EXCEL] Successfully posted OPEN for MO06797_Bureaukast_(15-16) for user BOERE
2025-07-25 09:31:55,640 INFO [BACKGROUND_CALLBACK] [UNIFIED_EXCEL] Successfully posted OPEN for MO06797_Bureaukast_(15-16) for user BOERE
2025-07-25 09:31:55,640 INFO [BACKGROUND_CALLBACK] Forwarded message to scanner panel: [UNIFIED_EXCEL] Successfully posted OPEN for MO06797_Bureaukast_(15-16) for user BOERE
2025-07-25 09:31:55,640 INFO [UNIFIED_EXCEL] Preparing callback for non-triggering user BOERE (processing_type: BOERE_PROCESSING)
2025-07-25 09:31:55,640 INFO [BACKGROUND_CALLBACK] [UNIFIED_EXCEL] Preparing callback for non-triggering user BOERE (processing_type: BOERE_PROCESSING)
2025-07-25 09:31:55,640 INFO [BACKGROUND_CALLBACK] Forwarded message to scanner panel: [UNIFIED_EXCEL] Preparing callback for non-triggering user BOERE (processing_type: BOERE_PROCESSING)
2025-07-25 09:31:55,640 INFO [UNIFIED_EXCEL] Sending callback for non-triggering user BOERE
2025-07-25 09:31:55,640 INFO [BACKGROUND_CALLBACK] [UNIFIED_EXCEL] Sending callback for non-triggering user BOERE
2025-07-25 09:31:55,640 INFO [BACKGROUND_CALLBACK] Forwarded message to scanner panel: [UNIFIED_EXCEL] Sending callback for non-triggering user BOERE
2025-07-25 09:31:55,640 INFO [UNIFIED_EXCEL] BOERE callback: 86 items
2025-07-25 09:31:55,641 INFO [BACKGROUND_CALLBACK] [UNIFIED_EXCEL] BOERE callback: 86 items
2025-07-25 09:31:55,641 INFO [BACKGROUND_CALLBACK] Forwarded message to scanner panel: [UNIFIED_EXCEL] BOERE callback: 86 items
2025-07-25 09:31:55,641 INFO [BACKGROUND_CALLBACK] BACKGROUND_WORK_FOUND:MO06797_Bureaukast_(15-16):BOERE:86
2025-07-25 09:31:55,641 INFO [BACKGROUND_CALLBACK] Forwarded message to scanner panel: BACKGROUND_WORK_FOUND:MO06797_Bureaukast_(15-16):BOERE:86
2025-07-25 09:31:55,644 INFO [BACKGROUND_CALLBACK] Logged work found event for BOERE on MO06797_Bureaukast_(15-16): 86 items
2025-07-25 09:31:57,654 INFO [db_log_api] /update_item_count called with data: {'project': 'MO06797_Bureaukast_(15-16)', 'user': 'BOERE', 'item_count': 86, 'timestamp': '2025-07-25T09:30:22.296625'}
2025-07-25 09:31:57,655 INFO Updated item count for BOERE - MO06797_Bureaukast_(15-16): Total=86 (Nesting=0, Opdeelzaag=0)
2025-07-25 09:31:57,656 INFO OPEN event updated with boere count for: BOERE - MO06797_Bureaukast_(15-16) (Items: 86)
2025-07-25 09:31:57,656 INFO [BACKGROUND_CALLBACK] OPEN event updated with boere count for: BOERE - MO06797_Bureaukast_(15-16) (Items: 86)
2025-07-25 09:31:57,656 INFO [BACKGROUND_CALLBACK] Forwarded message to scanner panel: OPEN event updated with boere count for: BOERE - MO06797_Bureaukast_(15-16) (Items: 86)
2025-07-25 09:31:59,293 INFO Dashboard display users: ['DYNESTIC', 'ACCURA', 'OPUS', 'KL GANNOMAT', 'BOERE']
2025-07-25 09:31:59,669 INFO [db_log_api] /update_file_path called with data: {'project': 'MO06797_Bureaukast_(15-16)', 'user': 'BOERE', 'file_path': 'C:/BOERE\\MO06797_S03673_Frank Celis_20250725_093136.xlsx', 'timestamp': '2025-07-25T09:31:57.656290'}
2025-07-25 09:31:59,673 INFO Updated file_path for OPEN event: user=BOERE, project=MO06797_Bureaukast_(15-16), path=C:/BOERE\MO06797_S03673_Frank Celis_20250725_093136.xlsx
2025-07-25 09:31:59,677 INFO OPEN event updated with Excel path for: BOERE - MO06797_Bureaukast_(15-16) at C:/BOERE\MO06797_S03673_Frank Celis_20250725_093136.xlsx
2025-07-25 09:31:59,677 INFO [BACKGROUND_CALLBACK] OPEN event updated with Excel path for: BOERE - MO06797_Bureaukast_(15-16) at C:/BOERE\MO06797_S03673_Frank Celis_20250725_093136.xlsx
2025-07-25 09:31:59,677 INFO [BACKGROUND_CALLBACK] Forwarded message to scanner panel: OPEN event updated with Excel path for: BOERE - MO06797_Bureaukast_(15-16) at C:/BOERE\MO06797_S03673_Frank Celis_20250725_093136.xlsx
2025-07-25 09:32:00,176 INFO Dashboard display users: ['DYNESTIC', 'ACCURA', 'OPUS', 'KL GANNOMAT', 'BOERE']
2025-07-25 09:32:01,496 INFO logs_project endpoint called for project: 'MO06797_Bureaukast_(15-16)'
2025-07-25 09:32:01,693 INFO [db_log_api] /update_item_count called with data: {'project': 'MO06797_Bureaukast_(15-16)', 'user': 'BOERE', 'item_count': 86, 'timestamp': '2025-07-25T09:31:59.677611'}
2025-07-25 09:32:01,694 INFO Updated item count for BOERE - MO06797_Bureaukast_(15-16): Total=86 (Nesting=0, Opdeelzaag=0)
2025-07-25 09:32:01,696 INFO OPEN event updated with item count (86) for: BOERE - MO06797_Bureaukast_(15-16)
2025-07-25 09:32:01,696 INFO [BACKGROUND_CALLBACK] OPEN event updated with item count (86) for: BOERE - MO06797_Bureaukast_(15-16)
2025-07-25 09:32:01,696 INFO [BACKGROUND_CALLBACK] Forwarded message to scanner panel: OPEN event updated with item count (86) for: BOERE - MO06797_Bureaukast_(15-16)
2025-07-25 09:32:03,699 INFO [db_log_api] /project/metadata called with data: {'project': 'MO06797_Bureaukast_(15-16)', 'mo_number': 'MO06797', 'so_number': 'S03673', 'customer_name': 'Frank Celis', 'color': 'N8/S1'}
2025-07-25 09:32:03,701 INFO Updated project metadata for 5 records in project MO06797_Bureaukast_(15-16)
2025-07-25 09:32:03,702 INFO Project metadata updated for MO06797_Bureaukast_(15-16)
2025-07-25 09:32:03,702 INFO [BACKGROUND_CALLBACK] Project metadata updated for MO06797_Bureaukast_(15-16)
2025-07-25 09:32:03,702 INFO [BACKGROUND_CALLBACK] Forwarded message to scanner panel: Project metadata updated for MO06797_Bureaukast_(15-16)
2025-07-25 09:32:03,702 INFO [UNIFIED_EXCEL] Completed unified Excel processing for project 'MO06797_Bureaukast_(15-16)'
2025-07-25 09:32:03,702 INFO [BACKGROUND_CALLBACK] [UNIFIED_EXCEL] Completed unified Excel processing for project 'MO06797_Bureaukast_(15-16)'
2025-07-25 09:32:03,702 INFO [BACKGROUND_CALLBACK] Forwarded message to scanner panel: [UNIFIED_EXCEL] Completed unified Excel processing for project 'MO06797_Bureaukast_(15-16)'
2025-07-25 09:32:03,702 INFO [BACKGROUND_CALLBACK] BACKGROUND_PROCESSING_COMPLETE:MO06797_Bureaukast_(15-16)
2025-07-25 09:32:03,707 INFO [BACKGROUND_CALLBACK] Forwarded message to scanner panel: BACKGROUND_PROCESSING_COMPLETE:MO06797_Bureaukast_(15-16)
2025-07-25 09:32:03,707 INFO [UNIFIED_SCAN] Completed unified Excel processing for project 'MO06797_Bureaukast_(15-16)'
2025-07-25 09:32:03,707 INFO [BACKGROUND_CALLBACK] [UNIFIED_SCAN] Completed unified Excel processing for project 'MO06797_Bureaukast_(15-16)'
2025-07-25 09:32:03,707 INFO [BACKGROUND_CALLBACK] Forwarded message to scanner panel: [UNIFIED_SCAN] Completed unified Excel processing for project 'MO06797_Bureaukast_(15-16)'
2025-07-25 09:32:34,526 INFO logs_project endpoint called for project: 'MO06797_Bureaukast_(15-16)'
2025-07-25 09:32:46,987 INFO [db_log_api] /log called with data: {'event': 'AFGEMELD', 'details': 'Auto-close on session end', 'project': 'MO06787_Dressing_A_deel2_(5-16)', 'user': 'DYNESTIC', 'item_count': 0, 'session_id': 'DYNESTIC_20250725_093022', 'timestamp': '2025-07-25T09:32:44.797332'}
2025-07-25 09:32:49,008 INFO [db_log_api] /log called with data: {'event': 'AFGEMELD', 'details': 'Auto-close on session end', 'project': 'MO06797_Bureaukast_(15-16)', 'user': 'DYNESTIC', 'item_count': 0, 'session_id': 'DYNESTIC_20250725_093022', 'timestamp': '2025-07-25T09:32:44.797332'}
2025-07-25 09:32:49,009 INFO Updated 1 'OPEN' log(s) to 'AFGEMELD' for user 'DYNESTIC' on project 'MO06797_Bureaukast_(15-16)'.
2025-07-25 09:32:51,024 INFO Session ended: DYNESTIC_20250725_093022
2025-07-25 09:32:51,031 INFO Daily efficiency updated for 1 users
2025-07-25 09:32:51,031 INFO Efficiency update triggered: {'success': True, 'updated_users': [{'items_per_hour': 1361.34, 'total_items': 54, 'total_minutes': 2.38, 'user': 'DYNESTIC'}]}
2025-07-25 09:32:53,296 INFO logs_project endpoint called for project: 'MO06797_Bureaukast_(15-16)'
2025-07-25 09:33:45,468 INFO database management page was called
2025-07-25 09:33:50,160 INFO [db_log_api] /clear_logs POST request received.
2025-07-25 09:33:50,162 INFO Cleared table: logs
2025-07-25 09:33:50,162 INFO Cleared table: sessions
2025-07-25 09:33:50,162 INFO Cleared table: project_sessions
2025-07-25 09:33:50,164 INFO All database tables cleared successfully.
2025-07-25 09:33:51,635 INFO Dashboard display users: ['NESTING', 'ACCURA', 'OPUS', 'KL GANNOMAT', 'BOERE']
2025-07-25 09:34:18,075 INFO [DatabasePanel] Shutdown called.
2025-07-25 09:34:18,075 INFO Shutdown requested for DB API server
2025-07-25 09:34:19,135 INFO Shutdown requested for DB API server
2025-07-25 09:34:21,670 INFO Dashboard display users: ['NESTING', 'ACCURA', 'OPUS', 'KL GANNOMAT', 'BOERE']
2025-07-25 09:34:40,668 INFO [INIT] Background service log callback initialized
2025-07-25 09:34:40,668 INFO Using default work hours configuration
2025-07-25 09:34:40,779 INFO Initializing database at C:\Users\Rob_v\Desktop\Test-thuis\BarcodeMaster\dist\database/central_logging.sqlite
2025-07-25 09:34:40,781 INFO Database initialization complete.
2025-07-25 09:34:40,781 ERROR Error creating efficiency tables: Working outside of application context.

This typically means that you attempted to use functionality that needed
the current application. To solve this, set up an application context
with app.app_context(). See the documentation for more information.
2025-07-25 09:34:40,781 INFO Daily efficiency update scheduler started
2025-07-25 09:34:40,782 INFO Daily efficiency updated for 0 users
2025-07-25 09:34:40,782 INFO Efficiency update triggered: {'success': True, 'updated_users': []}
2025-07-25 09:34:40,784 INFO Efficiency tracking system initialized
2025-07-25 09:34:40,796 INFO Starting database API server with Waitress on http://0.0.0.0:5001
2025-07-25 09:34:42,372 INFO [CALLBACK] Scanner panel callback registered
2025-07-25 09:34:51,996 INFO Dashboard display users: ['NESTING', 'ACCURA', 'OPUS', 'KL GANNOMAT', 'BOERE']
2025-07-25 09:35:22,031 INFO Dashboard display users: ['NESTING', 'ACCURA', 'OPUS', 'KL GANNOMAT', 'BOERE']
2025-07-25 09:35:45,060 INFO Session started for NESTING: NESTING_20250725_093543
2025-07-25 09:35:47,079 INFO Project session started: NESTING_20250725_093543
2025-07-25 09:35:52,059 INFO Dashboard display users: ['NESTING', 'ACCURA', 'OPUS', 'KL GANNOMAT', 'BOERE']
2025-07-25 09:36:22,084 INFO Dashboard display users: ['NESTING', 'ACCURA', 'OPUS', 'KL GANNOMAT', 'BOERE']
2025-07-25 09:36:52,112 INFO Dashboard display users: ['NESTING', 'ACCURA', 'OPUS', 'KL GANNOMAT', 'BOERE']
2025-07-25 09:37:22,134 INFO Dashboard display users: ['NESTING', 'ACCURA', 'OPUS', 'KL GANNOMAT', 'BOERE']
2025-07-25 09:37:52,153 INFO Dashboard display users: ['NESTING', 'ACCURA', 'OPUS', 'KL GANNOMAT', 'BOERE']
2025-07-25 09:38:02,418 INFO [db_log_api] /log called with data: {'event': 'OPEN', 'details': 'Y:\\OPUS\\KORPUS\\0619_MO06787_Dressing_A_deel2_(5-16)\\IND_06SchoenplankLV.HOP', 'project': 'MO06787_Dressing_A_deel2_(5-16)', 'base_mo_code': 'MO06787', 'is_rep_variant': False, 'user': 'NESTING', 'session_id': 'NESTING_20250725_093543', 'timestamp': '2025-07-25T09:35:43.052251'}
2025-07-25 09:38:02,420 INFO Event OPEN received for NESTING on MO06787_Dressing_A_deel2_(5-16). Triggering background import service.
2025-07-25 09:38:02,420 INFO Configuratie succesvol geladen.
2025-07-25 09:38:02,420 INFO Event ontvangen: User=NESTING, Project=MO06787_Dressing_A_deel2_(5-16). Controleren voor import...
2025-07-25 09:38:02,420 INFO [BACKGROUND_CALLBACK] Event ontvangen: User=NESTING, Project=MO06787_Dressing_A_deel2_(5-16). Controleren voor import...
2025-07-25 09:38:02,420 INFO [BACKGROUND_CALLBACK] Forwarded message to scanner panel: Event ontvangen: User=NESTING, Project=MO06787_Dressing_A_deel2_(5-16). Controleren voor import...
2025-07-25 09:38:02,420 INFO NESTING_PROCESSING voor user 'NESTING': triggering unified Excel processing voor 'MO06787_Dressing_A_deel2_(5-16)'
2025-07-25 09:38:02,420 INFO [BACKGROUND_CALLBACK] NESTING_PROCESSING voor user 'NESTING': triggering unified Excel processing voor 'MO06787_Dressing_A_deel2_(5-16)'
2025-07-25 09:38:02,420 INFO [BACKGROUND_CALLBACK] Forwarded message to scanner panel: NESTING_PROCESSING voor user 'NESTING': triggering unified Excel processing voor 'MO06787_Dressing_A_deel2_(5-16)'
2025-07-25 09:38:02,421 INFO [UNIFIED_SCAN] Processing ALL Excel users for project 'MO06787_Dressing_A_deel2_(5-16)' (triggered by NESTING)
2025-07-25 09:38:02,421 INFO [BACKGROUND_CALLBACK] [UNIFIED_SCAN] Processing ALL Excel users for project 'MO06787_Dressing_A_deel2_(5-16)' (triggered by NESTING)
2025-07-25 09:38:02,421 INFO [BACKGROUND_CALLBACK] Forwarded message to scanner panel: [UNIFIED_SCAN] Processing ALL Excel users for project 'MO06787_Dressing_A_deel2_(5-16)' (triggered by NESTING)
2025-07-25 09:38:02,421 INFO [UNIFIED_SCAN] Found Excel processors: ['NESTING', 'ACCURA', 'BOERE']
2025-07-25 09:38:02,421 INFO [BACKGROUND_CALLBACK] [UNIFIED_SCAN] Found Excel processors: ['NESTING', 'ACCURA', 'BOERE']
2025-07-25 09:38:02,421 INFO [BACKGROUND_CALLBACK] Forwarded message to scanner panel: [UNIFIED_SCAN] Found Excel processors: ['NESTING', 'ACCURA', 'BOERE']
2025-07-25 09:38:02,421 INFO [UNIFIED_EXCEL] Processing directory 'C:/Rapporten' for Excel processors: ['NESTING', 'ACCURA', 'BOERE']
2025-07-25 09:38:02,421 INFO [BACKGROUND_CALLBACK] [UNIFIED_EXCEL] Processing directory 'C:/Rapporten' for Excel processors: ['NESTING', 'ACCURA', 'BOERE']
2025-07-25 09:38:02,421 INFO [BACKGROUND_CALLBACK] Forwarded message to scanner panel: [UNIFIED_EXCEL] Processing directory 'C:/Rapporten' for Excel processors: ['NESTING', 'ACCURA', 'BOERE']
2025-07-25 09:38:02,422 INFO [UNIFIED_EXCEL] Found Excel file: C:/Rapporten\S04710_MO06787_Dressing_A_deel2_(5-16)_Frank Celis.xls
2025-07-25 09:38:02,422 INFO [BACKGROUND_CALLBACK] [UNIFIED_EXCEL] Found Excel file: C:/Rapporten\S04710_MO06787_Dressing_A_deel2_(5-16)_Frank Celis.xls
2025-07-25 09:38:02,422 INFO [BACKGROUND_CALLBACK] Forwarded message to scanner panel: [UNIFIED_EXCEL] Found Excel file: C:/Rapporten\S04710_MO06787_Dressing_A_deel2_(5-16)_Frank Celis.xls
2025-07-25 09:38:02,429 INFO [BG_TASK] Processing OPEN for MO06787_Dressing_A_deel2_(5-16), scanned by NESTING.
2025-07-25 09:38:02,429 INFO Background task started for OPEN event: MO06787_Dressing_A_deel2_(5-16)
2025-07-25 09:38:02,429 INFO [BG_TASK] Checking dir 'C:/Rapporten' for users: ['ACCURA', 'BOERE']
2025-07-25 09:38:02,429 INFO [BG_TASK] Skipping Excel processing for ['ACCURA', 'BOERE'] - handled by direct API path
2025-07-25 09:38:02,429 INFO [BG_TASK] Checking dir 'C:/OPUS/KORPUS' for users: ['OPUS']
2025-07-25 09:38:02,429 INFO [BG_TASK] Checking dir 'C:/OPUS/KORPUS' for user 'OPUS' (type: HOPS_PROCESSING) for project 'MO06787_Dressing_A_deel2_(5-16)'.
2025-07-25 09:38:02,430 INFO [BG_TASK] Triggering HOPS_PROCESSING for OPUS
2025-07-25 09:38:02,430 INFO [BG_TASK] Match found for 'MO06787_Dressing_A_deel2_(5-16)' in 'C:/OPUS/KORPUS' for user 'OPUS'. Creating OPEN event.
2025-07-25 09:38:02,477 INFO [UNIFIED_EXCEL] NESTING_PROCESSING results: {'item_count': np.int64(22), 'nesting_count': np.int64(18), 'opdeelzaag_count': np.int64(4), 'mo_number': 'MO06787', 'so_number': 'S04710', 'customer_name': 'Frank Celis', 'color': 'S6'}
2025-07-25 09:38:02,477 INFO [BACKGROUND_CALLBACK] [UNIFIED_EXCEL] NESTING_PROCESSING results: {'item_count': np.int64(22), 'nesting_count': np.int64(18), 'opdeelzaag_count': np.int64(4), 'mo_number': 'MO06787', 'so_number': 'S04710', 'customer_name': 'Frank Celis', 'color': 'S6'}
2025-07-25 09:38:02,477 INFO [BACKGROUND_CALLBACK] Forwarded message to scanner panel: [UNIFIED_EXCEL] NESTING_PROCESSING results: {'item_count': np.int64(22), 'nesting_count': np.int64(18), 'opdeelzaag_count': np.int64(4), 'mo_number': 'MO06787', 'so_number': 'S04710', 'customer_name': 'Frank Celis', 'color': 'S6'}
2025-07-25 09:38:02,477 INFO [UNIFIED_EXCEL] ACCURA_PROCESSING results: {'item_count': 18, 'aantal_items': 18, 'aantal_sides': 54, 'mo_number': 'MO06787', 'so_number': 'S04710', 'customer_name': 'Frank Celis', 'color': 'S6', 'items_list': ['MW_01 - LZ_01', 'MW_02 - LZ_02', 'MW_03 - RZ_03', 'MW_01 - DR_R02', 'MW_01 - DR_L01', 'MW_02 - DR_L03', 'MW_02 - DR_R04', 'Paslat_01 - Paslat', 'Paslat_02 - Paslat', 'MW_01 - OC', 'MW_01 - VL01', 'MW_01 - BC', 'MW_02 - VL04', 'MW_02 - BC', 'MW_02 - OC', 'MW_02 - VL01', 'MW_02 - VL02', 'MW_02 - VL03']}
2025-07-25 09:38:02,477 INFO [BACKGROUND_CALLBACK] [UNIFIED_EXCEL] ACCURA_PROCESSING results: {'item_count': 18, 'aantal_items': 18, 'aantal_sides': 54, 'mo_number': 'MO06787', 'so_number': 'S04710', 'customer_name': 'Frank Celis', 'color': 'S6', 'items_list': ['MW_01 - LZ_01', 'MW_02 - LZ_02', 'MW_03 - RZ_03', 'MW_01 - DR_R02', 'MW_01 - DR_L01', 'MW_02 - DR_L03', 'MW_02 - DR_R04', 'Paslat_01 - Paslat', 'Paslat_02 - Paslat', 'MW_01 - OC', 'MW_01 - VL01', 'MW_01 - BC', 'MW_02 - VL04', 'MW_02 - BC', 'MW_02 - OC', 'MW_02 - VL01', 'MW_02 - VL02', 'MW_02 - VL03']}
2025-07-25 09:38:02,477 INFO [BACKGROUND_CALLBACK] Forwarded message to scanner panel: [UNIFIED_EXCEL] ACCURA_PROCESSING results: {'item_count': 18, 'aantal_items': 18, 'aantal_sides': 54, 'mo_number': 'MO06787', 'so_number': 'S04710', 'customer_name': 'Frank Celis', 'color': 'S6', 'items_list': ['MW_01 - LZ_01', 'MW_02 - LZ_02', 'MW_03 - RZ_03', 'MW_01 - DR_R02', 'MW_01 - DR_L01', 'MW_02 - DR_L03', 'MW_02 - DR_R04', 'Paslat_01 - Paslat', 'Paslat_02 - Paslat', 'MW_01 - OC', 'MW_01 - VL01', 'MW_01 - BC', 'MW_02 - VL04', 'MW_02 - BC', 'MW_02 - OC', 'MW_02 - VL01', 'MW_02 - VL02', 'MW_02 - VL03']}
2025-07-25 09:38:02,477 INFO [UNIFIED_EXCEL] BOERE_PROCESSING results: {'item_count': 27, 'mo_number': 'MO06787', 'so_number': 'S04710', 'customer_name': 'Frank Celis', 'color': 'S6', 'items_list': ['MW_01 - LZ_01', 'MW_02 - LZ_02', 'MW_03 - RZ_03', 'MW_01 - Plint_A', 'MW_01 - Plint_V', 'MW_02 - Plint_V', 'MW_02 - Plint_A', 'MW_0101 - Ruglat', 'MW_0102 - Ruglat', 'MW_01 - DR_R02', 'MW_01 - DR_L01', 'MW_02 - DR_L03', 'MW_02 - DR_R04', 'Paslat_01 - Paslat', 'Paslat_02 - Paslat', 'MW_01 - OC', 'MW_01 - VL01', 'MW_01 - BC', 'MW_02 - VL04', 'MW_02 - BC', 'MW_02 - OC', 'MW_02 - VL01', 'MW_02 - VL02', 'MW_02 - VL03', 'MW_01 - RG', 'MW_02 - RG', 'IND_01 - Hangbaar_ZWART']}
2025-07-25 09:38:02,477 INFO [BACKGROUND_CALLBACK] [UNIFIED_EXCEL] BOERE_PROCESSING results: {'item_count': 27, 'mo_number': 'MO06787', 'so_number': 'S04710', 'customer_name': 'Frank Celis', 'color': 'S6', 'items_list': ['MW_01 - LZ_01', 'MW_02 - LZ_02', 'MW_03 - RZ_03', 'MW_01 - Plint_A', 'MW_01 - Plint_V', 'MW_02 - Plint_V', 'MW_02 - Plint_A', 'MW_0101 - Ruglat', 'MW_0102 - Ruglat', 'MW_01 - DR_R02', 'MW_01 - DR_L01', 'MW_02 - DR_L03', 'MW_02 - DR_R04', 'Paslat_01 - Paslat', 'Paslat_02 - Paslat', 'MW_01 - OC', 'MW_01 - VL01', 'MW_01 - BC', 'MW_02 - VL04', 'MW_02 - BC', 'MW_02 - OC', 'MW_02 - VL01', 'MW_02 - VL02', 'MW_02 - VL03', 'MW_01 - RG', 'MW_02 - RG', 'IND_01 - Hangbaar_ZWART']}
2025-07-25 09:38:02,477 INFO [BACKGROUND_CALLBACK] Forwarded message to scanner panel: [UNIFIED_EXCEL] BOERE_PROCESSING results: {'item_count': 27, 'mo_number': 'MO06787', 'so_number': 'S04710', 'customer_name': 'Frank Celis', 'color': 'S6', 'items_list': ['MW_01 - LZ_01', 'MW_02 - LZ_02', 'MW_03 - RZ_03', 'MW_01 - Plint_A', 'MW_01 - Plint_V', 'MW_02 - Plint_V', 'MW_02 - Plint_A', 'MW_0101 - Ruglat', 'MW_0102 - Ruglat', 'MW_01 - DR_R02', 'MW_01 - DR_L01', 'MW_02 - DR_L03', 'MW_02 - DR_R04', 'Paslat_01 - Paslat', 'Paslat_02 - Paslat', 'MW_01 - OC', 'MW_01 - VL01', 'MW_01 - BC', 'MW_02 - VL04', 'MW_02 - BC', 'MW_02 - OC', 'MW_02 - VL01', 'MW_02 - VL02', 'MW_02 - VL03', 'MW_01 - RG', 'MW_02 - RG', 'IND_01 - Hangbaar_ZWART']}
2025-07-25 09:38:02,490 INFO [ACCURA] Generated Excel file: C:/ACCURA\MO06787_S04710_Frank Celis_20250725_093802.xlsx
2025-07-25 09:38:02,490 INFO [BACKGROUND_CALLBACK] [ACCURA] Generated Excel file: C:/ACCURA\MO06787_S04710_Frank Celis_20250725_093802.xlsx
2025-07-25 09:38:02,490 INFO [BACKGROUND_CALLBACK] Forwarded message to scanner panel: [ACCURA] Generated Excel file: C:/ACCURA\MO06787_S04710_Frank Celis_20250725_093802.xlsx
2025-07-25 09:38:02,499 INFO [BOERE] Generated Excel file: C:/BOERE\MO06787_S04710_Frank Celis_20250725_093802.xlsx
2025-07-25 09:38:02,499 INFO [BACKGROUND_CALLBACK] [BOERE] Generated Excel file: C:/BOERE\MO06787_S04710_Frank Celis_20250725_093802.xlsx
2025-07-25 09:38:02,499 INFO [BACKGROUND_CALLBACK] Forwarded message to scanner panel: [BOERE] Generated Excel file: C:/BOERE\MO06787_S04710_Frank Celis_20250725_093802.xlsx
2025-07-25 09:38:02,499 INFO [UNIFIED_EXCEL] Checking NESTING: in_results=True, has_work=True, item_count=22
2025-07-25 09:38:02,499 INFO [BACKGROUND_CALLBACK] [UNIFIED_EXCEL] Checking NESTING: in_results=True, has_work=True, item_count=22
2025-07-25 09:38:02,499 INFO [BACKGROUND_CALLBACK] Forwarded message to scanner panel: [UNIFIED_EXCEL] Checking NESTING: in_results=True, has_work=True, item_count=22
2025-07-25 09:38:02,499 INFO [UNIFIED_EXCEL] Skipping additional OPEN event for triggering user NESTING - already has one from original scan
2025-07-25 09:38:02,499 INFO [BACKGROUND_CALLBACK] [UNIFIED_EXCEL] Skipping additional OPEN event for triggering user NESTING - already has one from original scan
2025-07-25 09:38:02,499 INFO [BACKGROUND_CALLBACK] Forwarded message to scanner panel: [UNIFIED_EXCEL] Skipping additional OPEN event for triggering user NESTING - already has one from original scan
2025-07-25 09:38:02,500 INFO [UPDATE_EXISTING] NESTING_PROCESSING for NESTING: {'has_work': np.True_, 'item_count': np.int64(22), 'nesting_count': np.int64(18), 'opdeelzaag_count': np.int64(4), 'mo_number': 'MO06787', 'so_number': 'S04710', 'customer_name': 'Frank Celis', 'color': 'S6'}
2025-07-25 09:38:02,500 INFO [BACKGROUND_CALLBACK] [UPDATE_EXISTING] NESTING_PROCESSING for NESTING: {'has_work': np.True_, 'item_count': np.int64(22), 'nesting_count': np.int64(18), 'opdeelzaag_count': np.int64(4), 'mo_number': 'MO06787', 'so_number': 'S04710', 'customer_name': 'Frank Celis', 'color': 'S6'}
2025-07-25 09:38:02,500 INFO [BACKGROUND_CALLBACK] Forwarded message to scanner panel: [UPDATE_EXISTING] NESTING_PROCESSING for NESTING: {'has_work': np.True_, 'item_count': np.int64(22), 'nesting_count': np.int64(18), 'opdeelzaag_count': np.int64(4), 'mo_number': 'MO06787', 'so_number': 'S04710', 'customer_name': 'Frank Celis', 'color': 'S6'}
2025-07-25 09:38:02,500 INFO [UPDATE_METADATA] Updating metadata for project MO06787_Dressing_A_deel2_(5-16), user NESTING
2025-07-25 09:38:02,500 INFO [BACKGROUND_CALLBACK] [UPDATE_METADATA] Updating metadata for project MO06787_Dressing_A_deel2_(5-16), user NESTING
2025-07-25 09:38:02,500 INFO [BACKGROUND_CALLBACK] Forwarded message to scanner panel: [UPDATE_METADATA] Updating metadata for project MO06787_Dressing_A_deel2_(5-16), user NESTING
2025-07-25 09:38:04,441 INFO [db_log_api] /log called with data: {'event': 'OPEN', 'details': "Auto-detected from NESTING's scan", 'project': 'MO06787_Dressing_A_deel2_(5-16)', 'base_mo_code': 'MO06787_Dressing_A_deel2_(5-16)', 'is_rep_variant': False, 'user': 'OPUS', 'session_type': 'XLSX_UPDATED', 'timestamp': '2025-07-25T09:35:43.052251'}
2025-07-25 09:38:04,443 INFO Event OPEN received for OPUS on MO06787_Dressing_A_deel2_(5-16). Triggering background import service.
2025-07-25 09:38:04,443 INFO Configuratie succesvol geladen.
2025-07-25 09:38:04,443 INFO Event ontvangen: User=OPUS, Project=MO06787_Dressing_A_deel2_(5-16). Controleren voor import...
2025-07-25 09:38:04,443 INFO [BACKGROUND_CALLBACK] Event ontvangen: User=OPUS, Project=MO06787_Dressing_A_deel2_(5-16). Controleren voor import...
2025-07-25 09:38:04,443 INFO [BACKGROUND_CALLBACK] Forwarded message to scanner panel: Event ontvangen: User=OPUS, Project=MO06787_Dressing_A_deel2_(5-16). Controleren voor import...
2025-07-25 09:38:04,443 INFO HOPS_PROCESSING voor user 'OPUS': Using 'MO06787_Dressing_A_deel2_(5-16)' for directory matching.
2025-07-25 09:38:04,443 INFO [BACKGROUND_CALLBACK] HOPS_PROCESSING voor user 'OPUS': Using 'MO06787_Dressing_A_deel2_(5-16)' for directory matching.
2025-07-25 09:38:04,443 INFO [BACKGROUND_CALLBACK] Forwarded message to scanner panel: HOPS_PROCESSING voor user 'OPUS': Using 'MO06787_Dressing_A_deel2_(5-16)' for directory matching.
2025-07-25 09:38:04,443 INFO   [DEBUG HOPS] Comparing dir: '0411_MO07195_Hoekdressing (1-7)' (Upper: '0411_MO07195_HOEKDRESSING (1-7)') with code_to_match: 'MO06787_Dressing_A_deel2_(5-16)' (Upper: 'MO06787_DRESSING_A_DEEL2_(5-16)')
2025-07-25 09:38:04,444 INFO [BACKGROUND_CALLBACK]   [DEBUG HOPS] Comparing dir: '0411_MO07195_Hoekdressing (1-7)' (Upper: '0411_MO07195_HOEKDRESSING (1-7)') with code_to_match: 'MO06787_Dressing_A_deel2_(5-16)' (Upper: 'MO06787_DRESSING_A_DEEL2_(5-16)')
2025-07-25 09:38:04,444 INFO [BACKGROUND_CALLBACK] Forwarded message to scanner panel:   [DEBUG HOPS] Comparing dir: '0411_MO07195_Hoekdressing (1-7)' (Upper: '0411_MO07195_HOEKDRESSING (1-7)') with code_to_match: 'MO06787_Dressing_A_deel2_(5-16)' (Upper: 'MO06787_DRESSING_A_DEEL2_(5-16)')
2025-07-25 09:38:04,444 INFO   [DEBUG HOPS] Does '0411_MO07195_HOEKDRESSING (1-7)' end with 'MO06787_DRESSING_A_DEEL2_(5-16)'? Result: False
2025-07-25 09:38:04,444 INFO [BACKGROUND_CALLBACK]   [DEBUG HOPS] Does '0411_MO07195_HOEKDRESSING (1-7)' end with 'MO06787_DRESSING_A_DEEL2_(5-16)'? Result: False
2025-07-25 09:38:04,444 INFO [BACKGROUND_CALLBACK] Forwarded message to scanner panel:   [DEBUG HOPS] Does '0411_MO07195_HOEKDRESSING (1-7)' end with 'MO06787_DRESSING_A_DEEL2_(5-16)'? Result: False
2025-07-25 09:38:04,444 INFO   [DEBUG HOPS] Comparing dir: '0411_MO07202-7203_TV-wand (7-7)' (Upper: '0411_MO07202-7203_TV-WAND (7-7)') with code_to_match: 'MO06787_Dressing_A_deel2_(5-16)' (Upper: 'MO06787_DRESSING_A_DEEL2_(5-16)')
2025-07-25 09:38:04,444 INFO [BACKGROUND_CALLBACK]   [DEBUG HOPS] Comparing dir: '0411_MO07202-7203_TV-wand (7-7)' (Upper: '0411_MO07202-7203_TV-WAND (7-7)') with code_to_match: 'MO06787_Dressing_A_deel2_(5-16)' (Upper: 'MO06787_DRESSING_A_DEEL2_(5-16)')
2025-07-25 09:38:04,445 INFO [BACKGROUND_CALLBACK] Forwarded message to scanner panel:   [DEBUG HOPS] Comparing dir: '0411_MO07202-7203_TV-wand (7-7)' (Upper: '0411_MO07202-7203_TV-WAND (7-7)') with code_to_match: 'MO06787_Dressing_A_deel2_(5-16)' (Upper: 'MO06787_DRESSING_A_DEEL2_(5-16)')
2025-07-25 09:38:04,445 INFO   [DEBUG HOPS] Does '0411_MO07202-7203_TV-WAND (7-7)' end with 'MO06787_DRESSING_A_DEEL2_(5-16)'? Result: False
2025-07-25 09:38:04,445 INFO [BACKGROUND_CALLBACK]   [DEBUG HOPS] Does '0411_MO07202-7203_TV-WAND (7-7)' end with 'MO06787_DRESSING_A_DEEL2_(5-16)'? Result: False
2025-07-25 09:38:04,445 INFO [BACKGROUND_CALLBACK] Forwarded message to scanner panel:   [DEBUG HOPS] Does '0411_MO07202-7203_TV-WAND (7-7)' end with 'MO06787_DRESSING_A_DEEL2_(5-16)'? Result: False
2025-07-25 09:38:04,445 INFO   [DEBUG HOPS] Comparing dir: '0618_MO06787_Dressing_A_deel2_(5-16)' (Upper: '0618_MO06787_DRESSING_A_DEEL2_(5-16)') with code_to_match: 'MO06787_Dressing_A_deel2_(5-16)' (Upper: 'MO06787_DRESSING_A_DEEL2_(5-16)')
2025-07-25 09:38:04,445 INFO [BACKGROUND_CALLBACK]   [DEBUG HOPS] Comparing dir: '0618_MO06787_Dressing_A_deel2_(5-16)' (Upper: '0618_MO06787_DRESSING_A_DEEL2_(5-16)') with code_to_match: 'MO06787_Dressing_A_deel2_(5-16)' (Upper: 'MO06787_DRESSING_A_DEEL2_(5-16)')
2025-07-25 09:38:04,445 INFO [BACKGROUND_CALLBACK] Forwarded message to scanner panel:   [DEBUG HOPS] Comparing dir: '0618_MO06787_Dressing_A_deel2_(5-16)' (Upper: '0618_MO06787_DRESSING_A_DEEL2_(5-16)') with code_to_match: 'MO06787_Dressing_A_deel2_(5-16)' (Upper: 'MO06787_DRESSING_A_DEEL2_(5-16)')
2025-07-25 09:38:04,445 INFO   [DEBUG HOPS] Does '0618_MO06787_DRESSING_A_DEEL2_(5-16)' end with 'MO06787_DRESSING_A_DEEL2_(5-16)'? Result: True
2025-07-25 09:38:04,445 INFO [BACKGROUND_CALLBACK]   [DEBUG HOPS] Does '0618_MO06787_DRESSING_A_DEEL2_(5-16)' end with 'MO06787_DRESSING_A_DEEL2_(5-16)'? Result: True
2025-07-25 09:38:04,445 INFO [BACKGROUND_CALLBACK] Forwarded message to scanner panel:   [DEBUG HOPS] Does '0618_MO06787_DRESSING_A_DEEL2_(5-16)' end with 'MO06787_DRESSING_A_DEEL2_(5-16)'? Result: True
2025-07-25 09:38:04,445 INFO HOPS_PROCESSING (EndsWith match) (voor user 'OPUS') wordt gestart voor gevonden map: C:/OPUS/KORPUS\0618_MO06787_Dressing_A_deel2_(5-16)
2025-07-25 09:38:04,445 INFO [BACKGROUND_CALLBACK] HOPS_PROCESSING (EndsWith match) (voor user 'OPUS') wordt gestart voor gevonden map: C:/OPUS/KORPUS\0618_MO06787_Dressing_A_deel2_(5-16)
2025-07-25 09:38:04,445 INFO [BACKGROUND_CALLBACK] Forwarded message to scanner panel: HOPS_PROCESSING (EndsWith match) (voor user 'OPUS') wordt gestart voor gevonden map: C:/OPUS/KORPUS\0618_MO06787_Dressing_A_deel2_(5-16)
2025-07-25 09:38:04,446 INFO HOPS import gestart voor user 'OPUS', project context: MO06787_Dressing_A_deel2_(5-16) in map: C:/OPUS/KORPUS\0618_MO06787_Dressing_A_deel2_(5-16)
2025-07-25 09:38:04,446 INFO [BACKGROUND_CALLBACK] HOPS import gestart voor user 'OPUS', project context: MO06787_Dressing_A_deel2_(5-16) in map: C:/OPUS/KORPUS\0618_MO06787_Dressing_A_deel2_(5-16)
2025-07-25 09:38:04,446 INFO [BACKGROUND_CALLBACK] Forwarded message to scanner panel: HOPS import gestart voor user 'OPUS', project context: MO06787_Dressing_A_deel2_(5-16) in map: C:/OPUS/KORPUS\0618_MO06787_Dressing_A_deel2_(5-16)
2025-07-25 09:38:04,447 INFO 2 .hop/.hops bestanden verzameld uit 'C:/OPUS/KORPUS\0618_MO06787_Dressing_A_deel2_(5-16)'.
2025-07-25 09:38:04,447 INFO [BACKGROUND_CALLBACK] 2 .hop/.hops bestanden verzameld uit 'C:/OPUS/KORPUS\0618_MO06787_Dressing_A_deel2_(5-16)'.
2025-07-25 09:38:04,447 INFO [BACKGROUND_CALLBACK] Forwarded message to scanner panel: 2 .hop/.hops bestanden verzameld uit 'C:/OPUS/KORPUS\0618_MO06787_Dressing_A_deel2_(5-16)'.
2025-07-25 09:38:04,447 INFO 2 HOPS (.hop/.hops) bestanden gevonden in 'C:/OPUS/KORPUS\0618_MO06787_Dressing_A_deel2_(5-16)' voor Excel rapportage.
2025-07-25 09:38:04,447 INFO [BACKGROUND_CALLBACK] 2 HOPS (.hop/.hops) bestanden gevonden in 'C:/OPUS/KORPUS\0618_MO06787_Dressing_A_deel2_(5-16)' voor Excel rapportage.
2025-07-25 09:38:04,447 INFO [BACKGROUND_CALLBACK] Forwarded message to scanner panel: 2 HOPS (.hop/.hops) bestanden gevonden in 'C:/OPUS/KORPUS\0618_MO06787_Dressing_A_deel2_(5-16)' voor Excel rapportage.
2025-07-25 09:38:04,451 INFO [BG_TASK] Successfully posted OPEN for MO06787_Dressing_A_deel2_(5-16) for user OPUS.
2025-07-25 09:38:04,452 INFO HOPS import gestart voor user 'OPUS', project context: MO06787_Dressing_A_deel2_(5-16) in map: C:/OPUS/KORPUS\0618_MO06787_Dressing_A_deel2_(5-16)
2025-07-25 09:38:04,452 INFO [BG_TASK] Checking dir 'C:/GANNOMAT' for users: ['KL GANNOMAT']
2025-07-25 09:38:04,453 INFO [BG_TASK] Checking dir 'C:/GANNOMAT' for user 'KL GANNOMAT' (type: MDB_PROCESSING) for project 'MO06787_Dressing_A_deel2_(5-16)'.
2025-07-25 09:38:04,453 INFO 2 .hop/.hops bestanden verzameld uit 'C:/OPUS/KORPUS\0618_MO06787_Dressing_A_deel2_(5-16)'.
2025-07-25 09:38:04,453 INFO 2 HOPS (.hop/.hops) bestanden gevonden in 'C:/OPUS/KORPUS\0618_MO06787_Dressing_A_deel2_(5-16)' voor Excel rapportage.
2025-07-25 09:38:04,453 INFO [BG_TASK] Triggering MDB_PROCESSING for KL GANNOMAT
2025-07-25 09:38:04,454 INFO [BG_TASK] Match found for 'MO06787_Dressing_A_deel2_(5-16)' in 'C:/GANNOMAT' for user 'KL GANNOMAT'. Creating OPEN event.
2025-07-25 09:38:04,454 INFO HOPS Excel rapport succesvol opgeslagen: C:/OPUS/KORPUS\0618_MO06787_Dressing_A_deel2_(5-16)\0618_MO06787_Dressing_A_deel2_(5-16).xlsx
2025-07-25 09:38:04,456 INFO [BACKGROUND_CALLBACK] HOPS Excel rapport succesvol opgeslagen: C:/OPUS/KORPUS\0618_MO06787_Dressing_A_deel2_(5-16)\0618_MO06787_Dressing_A_deel2_(5-16).xlsx
2025-07-25 09:38:04,456 INFO [BACKGROUND_CALLBACK] Forwarded message to scanner panel: HOPS Excel rapport succesvol opgeslagen: C:/OPUS/KORPUS\0618_MO06787_Dressing_A_deel2_(5-16)\0618_MO06787_Dressing_A_deel2_(5-16).xlsx
2025-07-25 09:38:04,456 INFO HOPS Excel rapport bevat 2 items
2025-07-25 09:38:04,456 INFO [BACKGROUND_CALLBACK] HOPS Excel rapport bevat 2 items
2025-07-25 09:38:04,456 INFO [BACKGROUND_CALLBACK] Forwarded message to scanner panel: HOPS Excel rapport bevat 2 items
2025-07-25 09:38:04,456 INFO [BACKGROUND_CALLBACK] BACKGROUND_WORK_FOUND:MO06787_Dressing_A_deel2_(5-16):OPUS:2
2025-07-25 09:38:04,459 INFO [BACKGROUND_CALLBACK] Forwarded message to scanner panel: BACKGROUND_WORK_FOUND:MO06787_Dressing_A_deel2_(5-16):OPUS:2
2025-07-25 09:38:04,459 INFO HOPS Excel rapport succesvol opgeslagen: C:/OPUS/KORPUS\0618_MO06787_Dressing_A_deel2_(5-16)\0618_MO06787_Dressing_A_deel2_(5-16).xlsx
2025-07-25 09:38:04,459 INFO HOPS Excel rapport bevat 2 items
2025-07-25 09:38:04,463 INFO [BACKGROUND_CALLBACK] Logged work found event for OPUS on MO06787_Dressing_A_deel2_(5-16): 2 items
2025-07-25 09:38:04,506 INFO Updated metadata for 1 rows - project: MO06787_Dressing_A_deel2_(5-16), user: NESTING
2025-07-25 09:38:04,509 INFO [UPDATE_METADATA] Successfully updated metadata for MO06787_Dressing_A_deel2_(5-16), user NESTING
2025-07-25 09:38:04,510 INFO [BACKGROUND_CALLBACK] [UPDATE_METADATA] Successfully updated metadata for MO06787_Dressing_A_deel2_(5-16), user NESTING
2025-07-25 09:38:04,510 INFO [BACKGROUND_CALLBACK] Forwarded message to scanner panel: [UPDATE_METADATA] Successfully updated metadata for MO06787_Dressing_A_deel2_(5-16), user NESTING
2025-07-25 09:38:06,469 INFO [db_log_api] /log called with data: {'event': 'OPEN', 'details': "Auto-detected from NESTING's scan", 'project': 'MO06787_Dressing_A_deel2_(5-16)', 'base_mo_code': 'MO06787_Dressing_A_deel2_(5-16)', 'is_rep_variant': False, 'user': 'KL GANNOMAT', 'session_type': 'XLSX_UPDATED', 'timestamp': '2025-07-25T09:35:43.052251'}
2025-07-25 09:38:06,470 INFO Event OPEN received for KL GANNOMAT on MO06787_Dressing_A_deel2_(5-16). Triggering background import service.
2025-07-25 09:38:06,471 INFO Configuratie succesvol geladen.
2025-07-25 09:38:06,471 INFO Event ontvangen: User=KL GANNOMAT, Project=MO06787_Dressing_A_deel2_(5-16). Controleren voor import...
2025-07-25 09:38:06,471 INFO [BACKGROUND_CALLBACK] Event ontvangen: User=KL GANNOMAT, Project=MO06787_Dressing_A_deel2_(5-16). Controleren voor import...
2025-07-25 09:38:06,471 INFO [BACKGROUND_CALLBACK] Forwarded message to scanner panel: Event ontvangen: User=KL GANNOMAT, Project=MO06787_Dressing_A_deel2_(5-16). Controleren voor import...
2025-07-25 09:38:06,471 INFO MDB_PROCESSING voor user 'KL GANNOMAT' wordt gestart (in achtergrond thread). Pad: C:/GANNOMAT
2025-07-25 09:38:06,471 INFO [BACKGROUND_CALLBACK] MDB_PROCESSING voor user 'KL GANNOMAT' wordt gestart (in achtergrond thread). Pad: C:/GANNOMAT
2025-07-25 09:38:06,471 INFO [BACKGROUND_CALLBACK] Forwarded message to scanner panel: MDB_PROCESSING voor user 'KL GANNOMAT' wordt gestart (in achtergrond thread). Pad: C:/GANNOMAT
2025-07-25 09:38:06,471 INFO MDB import gestart voor user 'KL GANNOMAT', project context: MO06787_Dressing_A_deel2_(5-16) in map: C:/GANNOMAT
2025-07-25 09:38:06,471 INFO [BACKGROUND_CALLBACK] MDB import gestart voor user 'KL GANNOMAT', project context: MO06787_Dressing_A_deel2_(5-16) in map: C:/GANNOMAT
2025-07-25 09:38:06,471 INFO [BACKGROUND_CALLBACK] Forwarded message to scanner panel: MDB import gestart voor user 'KL GANNOMAT', project context: MO06787_Dressing_A_deel2_(5-16) in map: C:/GANNOMAT
2025-07-25 09:38:06,472 INFO   [DEBUG MDB] Comparing file_basename: '0411_MO07195_Hoekdressing (1-7)' (Upper: '0411_MO07195_HOEKDRESSING (1-7)') with project_event_code: 'MO06787_Dressing_A_deel2_(5-16)' (Upper: 'MO06787_DRESSING_A_DEEL2_(5-16)')
2025-07-25 09:38:06,472 INFO [BACKGROUND_CALLBACK]   [DEBUG MDB] Comparing file_basename: '0411_MO07195_Hoekdressing (1-7)' (Upper: '0411_MO07195_HOEKDRESSING (1-7)') with project_event_code: 'MO06787_Dressing_A_deel2_(5-16)' (Upper: 'MO06787_DRESSING_A_DEEL2_(5-16)')
2025-07-25 09:38:06,472 INFO [BACKGROUND_CALLBACK] Forwarded message to scanner panel:   [DEBUG MDB] Comparing file_basename: '0411_MO07195_Hoekdressing (1-7)' (Upper: '0411_MO07195_HOEKDRESSING (1-7)') with project_event_code: 'MO06787_Dressing_A_deel2_(5-16)' (Upper: 'MO06787_DRESSING_A_DEEL2_(5-16)')
2025-07-25 09:38:06,472 INFO   [DEBUG MDB] Does '0411_MO07195_HOEKDRESSING (1-7)' end with 'MO06787_DRESSING_A_DEEL2_(5-16)'? Result: False
2025-07-25 09:38:06,472 INFO [BACKGROUND_CALLBACK]   [DEBUG MDB] Does '0411_MO07195_HOEKDRESSING (1-7)' end with 'MO06787_DRESSING_A_DEEL2_(5-16)'? Result: False
2025-07-25 09:38:06,472 INFO [BACKGROUND_CALLBACK] Forwarded message to scanner panel:   [DEBUG MDB] Does '0411_MO07195_HOEKDRESSING (1-7)' end with 'MO06787_DRESSING_A_DEEL2_(5-16)'? Result: False
2025-07-25 09:38:06,472 INFO   [DEBUG MDB] Comparing file_basename: '0520_MO07987_TV-wand (1-1)' (Upper: '0520_MO07987_TV-WAND (1-1)') with project_event_code: 'MO06787_Dressing_A_deel2_(5-16)' (Upper: 'MO06787_DRESSING_A_DEEL2_(5-16)')
2025-07-25 09:38:06,472 INFO [BACKGROUND_CALLBACK]   [DEBUG MDB] Comparing file_basename: '0520_MO07987_TV-wand (1-1)' (Upper: '0520_MO07987_TV-WAND (1-1)') with project_event_code: 'MO06787_Dressing_A_deel2_(5-16)' (Upper: 'MO06787_DRESSING_A_DEEL2_(5-16)')
2025-07-25 09:38:06,472 INFO [BACKGROUND_CALLBACK] Forwarded message to scanner panel:   [DEBUG MDB] Comparing file_basename: '0520_MO07987_TV-wand (1-1)' (Upper: '0520_MO07987_TV-WAND (1-1)') with project_event_code: 'MO06787_Dressing_A_deel2_(5-16)' (Upper: 'MO06787_DRESSING_A_DEEL2_(5-16)')
2025-07-25 09:38:06,472 INFO   [DEBUG MDB] Does '0520_MO07987_TV-WAND (1-1)' end with 'MO06787_DRESSING_A_DEEL2_(5-16)'? Result: False
2025-07-25 09:38:06,473 INFO [BACKGROUND_CALLBACK]   [DEBUG MDB] Does '0520_MO07987_TV-WAND (1-1)' end with 'MO06787_DRESSING_A_DEEL2_(5-16)'? Result: False
2025-07-25 09:38:06,473 INFO [BACKGROUND_CALLBACK] Forwarded message to scanner panel:   [DEBUG MDB] Does '0520_MO07987_TV-WAND (1-1)' end with 'MO06787_DRESSING_A_DEEL2_(5-16)'? Result: False
2025-07-25 09:38:06,473 INFO   [DEBUG MDB] Comparing file_basename: '0618_MO06787_Dressing_A_deel2_(5-16)' (Upper: '0618_MO06787_DRESSING_A_DEEL2_(5-16)') with project_event_code: 'MO06787_Dressing_A_deel2_(5-16)' (Upper: 'MO06787_DRESSING_A_DEEL2_(5-16)')
2025-07-25 09:38:06,473 INFO [BACKGROUND_CALLBACK]   [DEBUG MDB] Comparing file_basename: '0618_MO06787_Dressing_A_deel2_(5-16)' (Upper: '0618_MO06787_DRESSING_A_DEEL2_(5-16)') with project_event_code: 'MO06787_Dressing_A_deel2_(5-16)' (Upper: 'MO06787_DRESSING_A_DEEL2_(5-16)')
2025-07-25 09:38:06,473 INFO [BACKGROUND_CALLBACK] Forwarded message to scanner panel:   [DEBUG MDB] Comparing file_basename: '0618_MO06787_Dressing_A_deel2_(5-16)' (Upper: '0618_MO06787_DRESSING_A_DEEL2_(5-16)') with project_event_code: 'MO06787_Dressing_A_deel2_(5-16)' (Upper: 'MO06787_DRESSING_A_DEEL2_(5-16)')
2025-07-25 09:38:06,473 INFO   [DEBUG MDB] Does '0618_MO06787_DRESSING_A_DEEL2_(5-16)' end with 'MO06787_DRESSING_A_DEEL2_(5-16)'? Result: True
2025-07-25 09:38:06,473 INFO [BACKGROUND_CALLBACK]   [DEBUG MDB] Does '0618_MO06787_DRESSING_A_DEEL2_(5-16)' end with 'MO06787_DRESSING_A_DEEL2_(5-16)'? Result: True
2025-07-25 09:38:06,473 INFO [BACKGROUND_CALLBACK] Forwarded message to scanner panel:   [DEBUG MDB] Does '0618_MO06787_DRESSING_A_DEEL2_(5-16)' end with 'MO06787_DRESSING_A_DEEL2_(5-16)'? Result: True
2025-07-25 09:38:06,473 INFO Overeenkomend MDB bestand (EndsWith match) gevonden: C:/GANNOMAT\0618_MO06787_Dressing_A_deel2_(5-16).Mdb. Verwerken...
2025-07-25 09:38:06,473 INFO [BACKGROUND_CALLBACK] Overeenkomend MDB bestand (EndsWith match) gevonden: C:/GANNOMAT\0618_MO06787_Dressing_A_deel2_(5-16).Mdb. Verwerken...
2025-07-25 09:38:06,473 INFO [BACKGROUND_CALLBACK] Forwarded message to scanner panel: Overeenkomend MDB bestand (EndsWith match) gevonden: C:/GANNOMAT\0618_MO06787_Dressing_A_deel2_(5-16).Mdb. Verwerken...
2025-07-25 09:38:06,475 INFO [db_log_api] /update_file_path called with data: {'project': 'MO06787_Dressing_A_deel2_(5-16)', 'user': 'OPUS', 'file_path': 'C:/OPUS/KORPUS\\0618_MO06787_Dressing_A_deel2_(5-16)\\0618_MO06787_Dressing_A_deel2_(5-16).xlsx', 'timestamp': '2025-07-25T09:38:04.460158'}
2025-07-25 09:38:06,477 INFO [BG_TASK] Successfully posted OPEN for MO06787_Dressing_A_deel2_(5-16) for user KL GANNOMAT.
2025-07-25 09:38:06,477 INFO MDB import gestart voor user 'KL GANNOMAT', project context: MO06787_Dressing_A_deel2_(5-16) in map: C:/GANNOMAT
2025-07-25 09:38:06,477 INFO [BG_TASK] Waiting for 2 processing threads to complete...
2025-07-25 09:38:06,477 INFO   [DEBUG MDB] Comparing file_basename: '0411_MO07195_Hoekdressing (1-7)' (Upper: '0411_MO07195_HOEKDRESSING (1-7)') with project_event_code: 'MO06787_Dressing_A_deel2_(5-16)' (Upper: 'MO06787_DRESSING_A_DEEL2_(5-16)')
2025-07-25 09:38:06,478 INFO   [DEBUG MDB] Does '0411_MO07195_HOEKDRESSING (1-7)' end with 'MO06787_DRESSING_A_DEEL2_(5-16)'? Result: False
2025-07-25 09:38:06,478 INFO   [DEBUG MDB] Comparing file_basename: '0520_MO07987_TV-wand (1-1)' (Upper: '0520_MO07987_TV-WAND (1-1)') with project_event_code: 'MO06787_Dressing_A_deel2_(5-16)' (Upper: 'MO06787_DRESSING_A_DEEL2_(5-16)')
2025-07-25 09:38:06,478 INFO   [DEBUG MDB] Does '0520_MO07987_TV-WAND (1-1)' end with 'MO06787_DRESSING_A_DEEL2_(5-16)'? Result: False
2025-07-25 09:38:06,478 INFO   [DEBUG MDB] Comparing file_basename: '0618_MO06787_Dressing_A_deel2_(5-16)' (Upper: '0618_MO06787_DRESSING_A_DEEL2_(5-16)') with project_event_code: 'MO06787_Dressing_A_deel2_(5-16)' (Upper: 'MO06787_DRESSING_A_DEEL2_(5-16)')
2025-07-25 09:38:06,478 INFO   [DEBUG MDB] Does '0618_MO06787_DRESSING_A_DEEL2_(5-16)' end with 'MO06787_DRESSING_A_DEEL2_(5-16)'? Result: True
2025-07-25 09:38:06,478 INFO Overeenkomend MDB bestand (EndsWith match) gevonden: C:/GANNOMAT\0618_MO06787_Dressing_A_deel2_(5-16).Mdb. Verwerken...
2025-07-25 09:38:06,479 INFO [db_log_api] /update_file_path called with data: {'project': 'MO06787_Dressing_A_deel2_(5-16)', 'user': 'OPUS', 'file_path': 'C:/OPUS/KORPUS\\0618_MO06787_Dressing_A_deel2_(5-16)\\0618_MO06787_Dressing_A_deel2_(5-16).xlsx', 'timestamp': '2025-07-25T09:38:04.466886'}
2025-07-25 09:38:06,480 INFO Updated file_path for OPEN event: user=OPUS, project=MO06787_Dressing_A_deel2_(5-16), path=C:/OPUS/KORPUS\0618_MO06787_Dressing_A_deel2_(5-16)\0618_MO06787_Dressing_A_deel2_(5-16).xlsx
2025-07-25 09:38:06,485 INFO Updated file_path for OPEN event: user=OPUS, project=MO06787_Dressing_A_deel2_(5-16), path=C:/OPUS/KORPUS\0618_MO06787_Dressing_A_deel2_(5-16)\0618_MO06787_Dressing_A_deel2_(5-16).xlsx
2025-07-25 09:38:06,486 INFO OPEN event updated with Excel path for: OPUS - MO06787_Dressing_A_deel2_(5-16) at C:/OPUS/KORPUS\0618_MO06787_Dressing_A_deel2_(5-16)\0618_MO06787_Dressing_A_deel2_(5-16).xlsx
2025-07-25 09:38:06,489 INFO OPEN event updated with Excel path for: OPUS - MO06787_Dressing_A_deel2_(5-16) at C:/OPUS/KORPUS\0618_MO06787_Dressing_A_deel2_(5-16)\0618_MO06787_Dressing_A_deel2_(5-16).xlsx
2025-07-25 09:38:06,489 INFO [BACKGROUND_CALLBACK] OPEN event updated with Excel path for: OPUS - MO06787_Dressing_A_deel2_(5-16) at C:/OPUS/KORPUS\0618_MO06787_Dressing_A_deel2_(5-16)\0618_MO06787_Dressing_A_deel2_(5-16).xlsx
2025-07-25 09:38:06,490 INFO [BACKGROUND_CALLBACK] Forwarded message to scanner panel: OPEN event updated with Excel path for: OPUS - MO06787_Dressing_A_deel2_(5-16) at C:/OPUS/KORPUS\0618_MO06787_Dressing_A_deel2_(5-16)\0618_MO06787_Dressing_A_deel2_(5-16).xlsx
2025-07-25 09:38:06,512 INFO [db_log_api] /update_item_count called with data: {'project': 'MO06787_Dressing_A_deel2_(5-16)', 'user': 'NESTING', 'item_count': 22, 'nesting_count': 18, 'opdeelzaag_count': 4, 'timestamp': '2025-07-25T09:38:04.510169'}
2025-07-25 09:38:06,516 INFO Updated item count for NESTING - MO06787_Dressing_A_deel2_(5-16): Total=22 (Nesting=18, Opdeelzaag=4)
2025-07-25 09:38:06,518 INFO OPEN event updated with item count for: NESTING - MO06787_Dressing_A_deel2_(5-16) (Total: 22, Nesting: 18, Opdeelzaag: 4)
2025-07-25 09:38:06,518 INFO [BACKGROUND_CALLBACK] OPEN event updated with item count for: NESTING - MO06787_Dressing_A_deel2_(5-16) (Total: 22, Nesting: 18, Opdeelzaag: 4)
2025-07-25 09:38:06,519 INFO [BACKGROUND_CALLBACK] Forwarded message to scanner panel: OPEN event updated with item count for: NESTING - MO06787_Dressing_A_deel2_(5-16) (Total: 22, Nesting: 18, Opdeelzaag: 4)
2025-07-25 09:38:06,519 INFO [UNIFIED_EXCEL] Preparing callback for triggering user NESTING (processing_type: NESTING_PROCESSING)
2025-07-25 09:38:06,519 INFO [BACKGROUND_CALLBACK] [UNIFIED_EXCEL] Preparing callback for triggering user NESTING (processing_type: NESTING_PROCESSING)
2025-07-25 09:38:06,519 INFO [BACKGROUND_CALLBACK] Forwarded message to scanner panel: [UNIFIED_EXCEL] Preparing callback for triggering user NESTING (processing_type: NESTING_PROCESSING)
2025-07-25 09:38:06,519 INFO [UNIFIED_EXCEL] Sending callback for triggering user NESTING
2025-07-25 09:38:06,519 INFO [BACKGROUND_CALLBACK] [UNIFIED_EXCEL] Sending callback for triggering user NESTING
2025-07-25 09:38:06,519 INFO [BACKGROUND_CALLBACK] Forwarded message to scanner panel: [UNIFIED_EXCEL] Sending callback for triggering user NESTING
2025-07-25 09:38:06,519 INFO [UNIFIED_EXCEL] NESTING callback: 22 items
2025-07-25 09:38:06,519 INFO [BACKGROUND_CALLBACK] [UNIFIED_EXCEL] NESTING callback: 22 items
2025-07-25 09:38:06,519 INFO [BACKGROUND_CALLBACK] Forwarded message to scanner panel: [UNIFIED_EXCEL] NESTING callback: 22 items
2025-07-25 09:38:06,519 INFO [BACKGROUND_CALLBACK] BACKGROUND_WORK_FOUND:MO06787_Dressing_A_deel2_(5-16):NESTING:22
2025-07-25 09:38:06,520 INFO [BACKGROUND_CALLBACK] Forwarded message to scanner panel: BACKGROUND_WORK_FOUND:MO06787_Dressing_A_deel2_(5-16):NESTING:22
2025-07-25 09:38:06,523 INFO [BACKGROUND_CALLBACK] Logged work found event for NESTING on MO06787_Dressing_A_deel2_(5-16): 22 items
2025-07-25 09:38:06,527 INFO [UNIFIED_EXCEL] Sending BEZIG event for NESTING - scanning means already working
2025-07-25 09:38:06,527 INFO [BACKGROUND_CALLBACK] [UNIFIED_EXCEL] Sending BEZIG event for NESTING - scanning means already working
2025-07-25 09:38:06,527 INFO [BACKGROUND_CALLBACK] Forwarded message to scanner panel: [UNIFIED_EXCEL] Sending BEZIG event for NESTING - scanning means already working
2025-07-25 09:38:06,627 INFO Querying 'ProgramNumber' from table 'Program' in 0618_MO06787_Dressing_A_deel2_(5-16).Mdb
2025-07-25 09:38:06,630 INFO Querying 'ProgramNumber' from table 'Program' in 0618_MO06787_Dressing_A_deel2_(5-16).Mdb
2025-07-25 09:38:06,630 INFO [BACKGROUND_CALLBACK] Querying 'ProgramNumber' from table 'Program' in 0618_MO06787_Dressing_A_deel2_(5-16).Mdb
2025-07-25 09:38:06,630 INFO [BACKGROUND_CALLBACK] Forwarded message to scanner panel: Querying 'ProgramNumber' from table 'Program' in 0618_MO06787_Dressing_A_deel2_(5-16).Mdb
2025-07-25 09:38:06,639 INFO MDB Excel rapport succesvol opgeslagen: C:/GANNOMAT\0618_MO06787_Dressing_A_deel2_(5-16).xlsx
2025-07-25 09:38:06,639 INFO MDB Excel report successfully saved: C:/GANNOMAT\0618_MO06787_Dressing_A_deel2_(5-16).xlsx
2025-07-25 09:38:06,639 INFO MDB Excel rapport bevat 4 items
2025-07-25 09:38:06,687 INFO MDB Excel rapport succesvol opgeslagen: C:/GANNOMAT\0618_MO06787_Dressing_A_deel2_(5-16).xlsx
2025-07-25 09:38:06,687 INFO [BACKGROUND_CALLBACK] MDB Excel rapport succesvol opgeslagen: C:/GANNOMAT\0618_MO06787_Dressing_A_deel2_(5-16).xlsx
2025-07-25 09:38:06,687 INFO [BACKGROUND_CALLBACK] Forwarded message to scanner panel: MDB Excel rapport succesvol opgeslagen: C:/GANNOMAT\0618_MO06787_Dressing_A_deel2_(5-16).xlsx
2025-07-25 09:38:06,687 INFO MDB Excel report successfully saved: C:/GANNOMAT\0618_MO06787_Dressing_A_deel2_(5-16).xlsx
2025-07-25 09:38:06,687 INFO MDB Excel rapport bevat 4 items
2025-07-25 09:38:06,687 INFO [BACKGROUND_CALLBACK] MDB Excel rapport bevat 4 items
2025-07-25 09:38:06,687 INFO [BACKGROUND_CALLBACK] Forwarded message to scanner panel: MDB Excel rapport bevat 4 items
2025-07-25 09:38:06,687 INFO [BACKGROUND_CALLBACK] BACKGROUND_WORK_FOUND:MO06787_Dressing_A_deel2_(5-16):KL GANNOMAT:4
2025-07-25 09:38:06,690 INFO [BACKGROUND_CALLBACK] Forwarded message to scanner panel: BACKGROUND_WORK_FOUND:MO06787_Dressing_A_deel2_(5-16):KL GANNOMAT:4
2025-07-25 09:38:06,694 INFO [BACKGROUND_CALLBACK] Logged work found event for KL GANNOMAT on MO06787_Dressing_A_deel2_(5-16): 4 items
2025-07-25 09:38:08,499 INFO [db_log_api] /update_item_count called with data: {'project': 'MO06787_Dressing_A_deel2_(5-16)', 'user': 'OPUS', 'item_count': 2, 'timestamp': '2025-07-25T09:38:06.487002'}
2025-07-25 09:38:08,503 INFO [db_log_api] /update_item_count called with data: {'project': 'MO06787_Dressing_A_deel2_(5-16)', 'user': 'OPUS', 'item_count': 2, 'timestamp': '2025-07-25T09:38:06.490077'}
2025-07-25 09:38:08,504 INFO Updated item count for OPUS - MO06787_Dressing_A_deel2_(5-16): Total=2 (Nesting=0, Opdeelzaag=0)
2025-07-25 09:38:08,505 INFO OPEN event updated with item count (2) for: OPUS - MO06787_Dressing_A_deel2_(5-16)
2025-07-25 09:38:08,505 INFO HOPS import thread voltooid voor user 'OPUS'. Totaal HOPS: 1, Totaal: 1
2025-07-25 09:38:08,513 INFO Updated item count for OPUS - MO06787_Dressing_A_deel2_(5-16): Total=2 (Nesting=0, Opdeelzaag=0)
2025-07-25 09:38:08,515 INFO OPEN event updated with item count (2) for: OPUS - MO06787_Dressing_A_deel2_(5-16)
2025-07-25 09:38:08,515 INFO [BACKGROUND_CALLBACK] OPEN event updated with item count (2) for: OPUS - MO06787_Dressing_A_deel2_(5-16)
2025-07-25 09:38:08,516 INFO [BACKGROUND_CALLBACK] Forwarded message to scanner panel: OPEN event updated with item count (2) for: OPUS - MO06787_Dressing_A_deel2_(5-16)
2025-07-25 09:38:08,516 INFO HOPS import thread voltooid voor user 'OPUS'. Totaal HOPS: 1, Totaal: 1
2025-07-25 09:38:08,516 INFO [BACKGROUND_CALLBACK] HOPS import thread voltooid voor user 'OPUS'. Totaal HOPS: 1, Totaal: 1
2025-07-25 09:38:08,516 INFO [BACKGROUND_CALLBACK] Forwarded message to scanner panel: HOPS import thread voltooid voor user 'OPUS'. Totaal HOPS: 1, Totaal: 1
2025-07-25 09:38:08,654 INFO [db_log_api] /update_file_path called with data: {'project': 'MO06787_Dressing_A_deel2_(5-16)', 'user': 'KL GANNOMAT', 'file_path': 'C:/GANNOMAT\\0618_MO06787_Dressing_A_deel2_(5-16).xlsx', 'timestamp': '2025-07-25T09:38:06.640018'}
2025-07-25 09:38:08,657 INFO Updated file_path for OPEN event: user=KL GANNOMAT, project=MO06787_Dressing_A_deel2_(5-16), path=C:/GANNOMAT\0618_MO06787_Dressing_A_deel2_(5-16).xlsx
2025-07-25 09:38:08,660 INFO OPEN event updated with Excel path for: KL GANNOMAT - MO06787_Dressing_A_deel2_(5-16) at C:/GANNOMAT\0618_MO06787_Dressing_A_deel2_(5-16).xlsx
2025-07-25 09:38:08,711 INFO [db_log_api] /update_file_path called with data: {'project': 'MO06787_Dressing_A_deel2_(5-16)', 'user': 'KL GANNOMAT', 'file_path': 'C:/GANNOMAT\\0618_MO06787_Dressing_A_deel2_(5-16).xlsx', 'timestamp': '2025-07-25T09:38:06.696982'}
2025-07-25 09:38:08,712 INFO Updated file_path for OPEN event: user=KL GANNOMAT, project=MO06787_Dressing_A_deel2_(5-16), path=C:/GANNOMAT\0618_MO06787_Dressing_A_deel2_(5-16).xlsx
2025-07-25 09:38:08,712 INFO OPEN event updated with Excel path for: KL GANNOMAT - MO06787_Dressing_A_deel2_(5-16) at C:/GANNOMAT\0618_MO06787_Dressing_A_deel2_(5-16).xlsx
2025-07-25 09:38:08,712 INFO [BACKGROUND_CALLBACK] OPEN event updated with Excel path for: KL GANNOMAT - MO06787_Dressing_A_deel2_(5-16) at C:/GANNOMAT\0618_MO06787_Dressing_A_deel2_(5-16).xlsx
2025-07-25 09:38:08,712 INFO [BACKGROUND_CALLBACK] Forwarded message to scanner panel: OPEN event updated with Excel path for: KL GANNOMAT - MO06787_Dressing_A_deel2_(5-16) at C:/GANNOMAT\0618_MO06787_Dressing_A_deel2_(5-16).xlsx
2025-07-25 09:38:09,031 INFO [db_log_api] /log called with data: {'event': 'BEZIG', 'details': 'Started processing scanned project', 'project': 'MO06787_Dressing_A_deel2_(5-16)', 'user': 'NESTING', 'status': 'BEZIG'}
2025-07-25 09:38:09,032 INFO Updated 1 'OPEN' log(s) to 'BEZIG' for user 'NESTING' on project 'MO06787_Dressing_A_deel2_(5-16)'.
2025-07-25 09:38:09,039 INFO [UNIFIED_EXCEL] BEZIG event sent successfully for NESTING
2025-07-25 09:38:09,039 INFO [BACKGROUND_CALLBACK] [UNIFIED_EXCEL] BEZIG event sent successfully for NESTING
2025-07-25 09:38:09,039 INFO [BACKGROUND_CALLBACK] Forwarded message to scanner panel: [UNIFIED_EXCEL] BEZIG event sent successfully for NESTING
2025-07-25 09:38:09,039 INFO [UNIFIED_EXCEL] Checking ACCURA: in_results=True, has_work=True, item_count=18
2025-07-25 09:38:09,039 INFO [BACKGROUND_CALLBACK] [UNIFIED_EXCEL] Checking ACCURA: in_results=True, has_work=True, item_count=18
2025-07-25 09:38:09,039 INFO [BACKGROUND_CALLBACK] Forwarded message to scanner panel: [UNIFIED_EXCEL] Checking ACCURA: in_results=True, has_work=True, item_count=18
2025-07-25 09:38:09,039 INFO [UNIFIED_EXCEL] Work found for ACCURA (ACCURA_PROCESSING)
2025-07-25 09:38:09,039 INFO [BACKGROUND_CALLBACK] [UNIFIED_EXCEL] Work found for ACCURA (ACCURA_PROCESSING)
2025-07-25 09:38:09,041 INFO [BACKGROUND_CALLBACK] Forwarded message to scanner panel: [UNIFIED_EXCEL] Work found for ACCURA (ACCURA_PROCESSING)
2025-07-25 09:38:09,041 INFO [UNIFIED_EXCEL] Waiting 1.01s before posting OPEN for ACCURA
2025-07-25 09:38:09,041 INFO [BACKGROUND_CALLBACK] [UNIFIED_EXCEL] Waiting 1.01s before posting OPEN for ACCURA
2025-07-25 09:38:09,041 INFO [BACKGROUND_CALLBACK] Forwarded message to scanner panel: [UNIFIED_EXCEL] Waiting 1.01s before posting OPEN for ACCURA
2025-07-25 09:38:10,665 INFO [db_log_api] /update_item_count called with data: {'project': 'MO06787_Dressing_A_deel2_(5-16)', 'user': 'KL GANNOMAT', 'item_count': 4, 'timestamp': '2025-07-25T09:38:08.660484'}
2025-07-25 09:38:10,669 INFO Updated item count for KL GANNOMAT - MO06787_Dressing_A_deel2_(5-16): Total=4 (Nesting=0, Opdeelzaag=0)
2025-07-25 09:38:10,672 INFO OPEN event updated with item count (4) for: KL GANNOMAT - MO06787_Dressing_A_deel2_(5-16)
2025-07-25 09:38:10,672 INFO Excel rapport gegenereerd voor 0618_MO06787_Dressing_A_deel2_(5-16).Mdb.
2025-07-25 09:38:10,672 INFO 1 MDB bestand(en) verwerkt. 1 Excel rapporten gegenereerd voor project 'MO06787_Dressing_A_deel2_(5-16)'.
2025-07-25 09:38:10,672 INFO MDB import thread voltooid voor user 'KL GANNOMAT'. Totaal MDB: 1, Totaal: 2
2025-07-25 09:38:10,672 INFO [BG_TASK] All processing threads completed.
2025-07-25 09:38:10,672 INFO [BG_TASK] Finished processing OPEN for MO06787_Dressing_A_deel2_(5-16).
2025-07-25 09:38:10,716 INFO [db_log_api] /update_item_count called with data: {'project': 'MO06787_Dressing_A_deel2_(5-16)', 'user': 'KL GANNOMAT', 'item_count': 4, 'timestamp': '2025-07-25T09:38:08.712742'}
2025-07-25 09:38:10,718 INFO Updated item count for KL GANNOMAT - MO06787_Dressing_A_deel2_(5-16): Total=4 (Nesting=0, Opdeelzaag=0)
2025-07-25 09:38:10,719 INFO OPEN event updated with item count (4) for: KL GANNOMAT - MO06787_Dressing_A_deel2_(5-16)
2025-07-25 09:38:10,719 INFO [BACKGROUND_CALLBACK] OPEN event updated with item count (4) for: KL GANNOMAT - MO06787_Dressing_A_deel2_(5-16)
2025-07-25 09:38:10,719 INFO [BACKGROUND_CALLBACK] Forwarded message to scanner panel: OPEN event updated with item count (4) for: KL GANNOMAT - MO06787_Dressing_A_deel2_(5-16)
2025-07-25 09:38:10,719 INFO Excel rapport gegenereerd voor 0618_MO06787_Dressing_A_deel2_(5-16).Mdb.
2025-07-25 09:38:10,719 INFO [BACKGROUND_CALLBACK] Excel rapport gegenereerd voor 0618_MO06787_Dressing_A_deel2_(5-16).Mdb.
2025-07-25 09:38:10,719 INFO [BACKGROUND_CALLBACK] Forwarded message to scanner panel: Excel rapport gegenereerd voor 0618_MO06787_Dressing_A_deel2_(5-16).Mdb.
2025-07-25 09:38:10,719 INFO 1 MDB bestand(en) verwerkt. 1 Excel rapporten gegenereerd voor project 'MO06787_Dressing_A_deel2_(5-16)'.
2025-07-25 09:38:10,719 INFO [BACKGROUND_CALLBACK] 1 MDB bestand(en) verwerkt. 1 Excel rapporten gegenereerd voor project 'MO06787_Dressing_A_deel2_(5-16)'.
2025-07-25 09:38:10,719 INFO [BACKGROUND_CALLBACK] Forwarded message to scanner panel: 1 MDB bestand(en) verwerkt. 1 Excel rapporten gegenereerd voor project 'MO06787_Dressing_A_deel2_(5-16)'.
2025-07-25 09:38:10,720 INFO MDB import thread voltooid voor user 'KL GANNOMAT'. Totaal MDB: 1, Totaal: 2
2025-07-25 09:38:10,720 INFO [BACKGROUND_CALLBACK] MDB import thread voltooid voor user 'KL GANNOMAT'. Totaal MDB: 1, Totaal: 2
2025-07-25 09:38:10,720 INFO [BACKGROUND_CALLBACK] Forwarded message to scanner panel: MDB import thread voltooid voor user 'KL GANNOMAT'. Totaal MDB: 1, Totaal: 2
2025-07-25 09:38:12,054 INFO [db_log_api] /log called with data: {'event': 'OPEN', 'details': 'Auto-detected Excel work', 'project': 'MO06787_Dressing_A_deel2_(5-16)', 'base_mo_code': 'MO06787_Dressing_A_deel2_(5-16)', 'user': 'ACCURA', 'session_type': 'XLSX_UPDATED', 'color': 'S6', 'mo_number': 'MO06787', 'so_number': 'S04710', 'customer_name': 'Frank Celis', 'item_count': 18, 'aantal_sides': 54, 'timestamp': '2025-07-25T09:35:43.052251'}
2025-07-25 09:38:12,056 INFO Skipping background import trigger for auto-generated OPEN event: ACCURA on MO06787_Dressing_A_deel2_(5-16) (Auto-detected Excel work)
2025-07-25 09:38:12,062 INFO [UNIFIED_EXCEL] Successfully posted OPEN for MO06787_Dressing_A_deel2_(5-16) for user ACCURA
2025-07-25 09:38:12,062 INFO [BACKGROUND_CALLBACK] [UNIFIED_EXCEL] Successfully posted OPEN for MO06787_Dressing_A_deel2_(5-16) for user ACCURA
2025-07-25 09:38:12,062 INFO [BACKGROUND_CALLBACK] Forwarded message to scanner panel: [UNIFIED_EXCEL] Successfully posted OPEN for MO06787_Dressing_A_deel2_(5-16) for user ACCURA
2025-07-25 09:38:12,062 INFO [UNIFIED_EXCEL] Preparing callback for non-triggering user ACCURA (processing_type: ACCURA_PROCESSING)
2025-07-25 09:38:12,062 INFO [BACKGROUND_CALLBACK] [UNIFIED_EXCEL] Preparing callback for non-triggering user ACCURA (processing_type: ACCURA_PROCESSING)
2025-07-25 09:38:12,062 INFO [BACKGROUND_CALLBACK] Forwarded message to scanner panel: [UNIFIED_EXCEL] Preparing callback for non-triggering user ACCURA (processing_type: ACCURA_PROCESSING)
2025-07-25 09:38:12,062 INFO [UNIFIED_EXCEL] Sending callback for non-triggering user ACCURA
2025-07-25 09:38:12,062 INFO [BACKGROUND_CALLBACK] [UNIFIED_EXCEL] Sending callback for non-triggering user ACCURA
2025-07-25 09:38:12,062 INFO [BACKGROUND_CALLBACK] Forwarded message to scanner panel: [UNIFIED_EXCEL] Sending callback for non-triggering user ACCURA
2025-07-25 09:38:12,062 INFO [UNIFIED_EXCEL] ACCURA callback: 18 items
2025-07-25 09:38:12,064 INFO [BACKGROUND_CALLBACK] [UNIFIED_EXCEL] ACCURA callback: 18 items
2025-07-25 09:38:12,064 INFO [BACKGROUND_CALLBACK] Forwarded message to scanner panel: [UNIFIED_EXCEL] ACCURA callback: 18 items
2025-07-25 09:38:12,064 INFO [BACKGROUND_CALLBACK] BACKGROUND_WORK_FOUND:MO06787_Dressing_A_deel2_(5-16):ACCURA:18
2025-07-25 09:38:12,064 INFO [BACKGROUND_CALLBACK] Forwarded message to scanner panel: BACKGROUND_WORK_FOUND:MO06787_Dressing_A_deel2_(5-16):ACCURA:18
2025-07-25 09:38:12,067 INFO [BACKGROUND_CALLBACK] Logged work found event for ACCURA on MO06787_Dressing_A_deel2_(5-16): 18 items
2025-07-25 09:38:14,073 INFO [db_log_api] /update_accura_counts called with data: {'project': 'MO06787_Dressing_A_deel2_(5-16)', 'user': 'ACCURA', 'item_count': 18, 'aantal_items': 18, 'aantal_sides': 54, 'timestamp': '2025-07-25T09:35:43.052251'}
2025-07-25 09:38:14,078 INFO Updated accura counts for ACCURA - MO06787_Dressing_A_deel2_(5-16): Total=18, Items=18, Sides=54
2025-07-25 09:38:14,082 INFO OPEN event updated with accura counts for: ACCURA - MO06787_Dressing_A_deel2_(5-16) (Items: 18, Sides: 54)
2025-07-25 09:38:14,082 INFO [BACKGROUND_CALLBACK] OPEN event updated with accura counts for: ACCURA - MO06787_Dressing_A_deel2_(5-16) (Items: 18, Sides: 54)
2025-07-25 09:38:14,082 INFO [BACKGROUND_CALLBACK] Forwarded message to scanner panel: OPEN event updated with accura counts for: ACCURA - MO06787_Dressing_A_deel2_(5-16) (Items: 18, Sides: 54)
2025-07-25 09:38:16,085 INFO [db_log_api] /update_file_path called with data: {'project': 'MO06787_Dressing_A_deel2_(5-16)', 'user': 'ACCURA', 'file_path': 'C:/ACCURA\\MO06787_S04710_Frank Celis_20250725_093802.xlsx', 'timestamp': '2025-07-25T09:38:14.082509'}
2025-07-25 09:38:16,091 INFO Updated file_path for OPEN event: user=ACCURA, project=MO06787_Dressing_A_deel2_(5-16), path=C:/ACCURA\MO06787_S04710_Frank Celis_20250725_093802.xlsx
2025-07-25 09:38:16,094 INFO OPEN event updated with Excel path for: ACCURA - MO06787_Dressing_A_deel2_(5-16) at C:/ACCURA\MO06787_S04710_Frank Celis_20250725_093802.xlsx
2025-07-25 09:38:16,094 INFO [BACKGROUND_CALLBACK] OPEN event updated with Excel path for: ACCURA - MO06787_Dressing_A_deel2_(5-16) at C:/ACCURA\MO06787_S04710_Frank Celis_20250725_093802.xlsx
2025-07-25 09:38:16,094 INFO [BACKGROUND_CALLBACK] Forwarded message to scanner panel: OPEN event updated with Excel path for: ACCURA - MO06787_Dressing_A_deel2_(5-16) at C:/ACCURA\MO06787_S04710_Frank Celis_20250725_093802.xlsx
2025-07-25 09:38:18,097 INFO [db_log_api] /update_item_count called with data: {'project': 'MO06787_Dressing_A_deel2_(5-16)', 'user': 'ACCURA', 'item_count': 18, 'timestamp': '2025-07-25T09:38:16.094620'}
2025-07-25 09:38:18,097 INFO Updated item count for ACCURA - MO06787_Dressing_A_deel2_(5-16): Total=18 (Nesting=0, Opdeelzaag=0)
2025-07-25 09:38:18,099 INFO OPEN event updated with item count (18) for: ACCURA - MO06787_Dressing_A_deel2_(5-16)
2025-07-25 09:38:18,099 INFO [BACKGROUND_CALLBACK] OPEN event updated with item count (18) for: ACCURA - MO06787_Dressing_A_deel2_(5-16)
2025-07-25 09:38:18,100 INFO [BACKGROUND_CALLBACK] Forwarded message to scanner panel: OPEN event updated with item count (18) for: ACCURA - MO06787_Dressing_A_deel2_(5-16)
2025-07-25 09:38:20,102 INFO [db_log_api] /project/metadata called with data: {'project': 'MO06787_Dressing_A_deel2_(5-16)', 'mo_number': 'MO06787', 'so_number': 'S04710', 'customer_name': 'Frank Celis', 'color': 'S6'}
2025-07-25 09:38:20,106 INFO Updated project metadata for 4 records in project MO06787_Dressing_A_deel2_(5-16)
2025-07-25 09:38:20,110 INFO Project metadata updated for MO06787_Dressing_A_deel2_(5-16)
2025-07-25 09:38:20,110 INFO [BACKGROUND_CALLBACK] Project metadata updated for MO06787_Dressing_A_deel2_(5-16)
2025-07-25 09:38:20,110 INFO [BACKGROUND_CALLBACK] Forwarded message to scanner panel: Project metadata updated for MO06787_Dressing_A_deel2_(5-16)
2025-07-25 09:38:20,110 INFO [UNIFIED_EXCEL] Checking BOERE: in_results=True, has_work=True, item_count=27
2025-07-25 09:38:20,110 INFO [BACKGROUND_CALLBACK] [UNIFIED_EXCEL] Checking BOERE: in_results=True, has_work=True, item_count=27
2025-07-25 09:38:20,111 INFO [BACKGROUND_CALLBACK] Forwarded message to scanner panel: [UNIFIED_EXCEL] Checking BOERE: in_results=True, has_work=True, item_count=27
2025-07-25 09:38:20,111 INFO [UNIFIED_EXCEL] Work found for BOERE (BOERE_PROCESSING)
2025-07-25 09:38:20,111 INFO [BACKGROUND_CALLBACK] [UNIFIED_EXCEL] Work found for BOERE (BOERE_PROCESSING)
2025-07-25 09:38:20,111 INFO [BACKGROUND_CALLBACK] Forwarded message to scanner panel: [UNIFIED_EXCEL] Work found for BOERE (BOERE_PROCESSING)
2025-07-25 09:38:20,111 INFO [UNIFIED_EXCEL] Waiting 1.34s before posting OPEN for BOERE
2025-07-25 09:38:20,111 INFO [BACKGROUND_CALLBACK] [UNIFIED_EXCEL] Waiting 1.34s before posting OPEN for BOERE
2025-07-25 09:38:20,111 INFO [BACKGROUND_CALLBACK] Forwarded message to scanner panel: [UNIFIED_EXCEL] Waiting 1.34s before posting OPEN for BOERE
2025-07-25 09:38:22,172 INFO Dashboard display users: ['NESTING', 'ACCURA', 'OPUS', 'KL GANNOMAT', 'BOERE']
2025-07-25 09:38:23,456 INFO [db_log_api] /log called with data: {'event': 'OPEN', 'details': 'Auto-detected Excel work', 'project': 'MO06787_Dressing_A_deel2_(5-16)', 'base_mo_code': 'MO06787_Dressing_A_deel2_(5-16)', 'user': 'BOERE', 'session_type': 'XLSX_UPDATED', 'color': 'S6', 'mo_number': 'MO06787', 'so_number': 'S04710', 'customer_name': 'Frank Celis', 'item_count': 27, 'timestamp': '2025-07-25T09:35:43.052251'}
2025-07-25 09:38:23,458 INFO Skipping background import trigger for auto-generated OPEN event: BOERE on MO06787_Dressing_A_deel2_(5-16) (Auto-detected Excel work)
2025-07-25 09:38:23,463 INFO [UNIFIED_EXCEL] Successfully posted OPEN for MO06787_Dressing_A_deel2_(5-16) for user BOERE
2025-07-25 09:38:23,463 INFO [BACKGROUND_CALLBACK] [UNIFIED_EXCEL] Successfully posted OPEN for MO06787_Dressing_A_deel2_(5-16) for user BOERE
2025-07-25 09:38:23,463 INFO [BACKGROUND_CALLBACK] Forwarded message to scanner panel: [UNIFIED_EXCEL] Successfully posted OPEN for MO06787_Dressing_A_deel2_(5-16) for user BOERE
2025-07-25 09:38:23,464 INFO [UNIFIED_EXCEL] Preparing callback for non-triggering user BOERE (processing_type: BOERE_PROCESSING)
2025-07-25 09:38:23,464 INFO [BACKGROUND_CALLBACK] [UNIFIED_EXCEL] Preparing callback for non-triggering user BOERE (processing_type: BOERE_PROCESSING)
2025-07-25 09:38:23,464 INFO [BACKGROUND_CALLBACK] Forwarded message to scanner panel: [UNIFIED_EXCEL] Preparing callback for non-triggering user BOERE (processing_type: BOERE_PROCESSING)
2025-07-25 09:38:23,464 INFO [UNIFIED_EXCEL] Sending callback for non-triggering user BOERE
2025-07-25 09:38:23,464 INFO [BACKGROUND_CALLBACK] [UNIFIED_EXCEL] Sending callback for non-triggering user BOERE
2025-07-25 09:38:23,464 INFO [BACKGROUND_CALLBACK] Forwarded message to scanner panel: [UNIFIED_EXCEL] Sending callback for non-triggering user BOERE
2025-07-25 09:38:23,464 INFO [UNIFIED_EXCEL] BOERE callback: 27 items
2025-07-25 09:38:23,464 INFO [BACKGROUND_CALLBACK] [UNIFIED_EXCEL] BOERE callback: 27 items
2025-07-25 09:38:23,464 INFO [BACKGROUND_CALLBACK] Forwarded message to scanner panel: [UNIFIED_EXCEL] BOERE callback: 27 items
2025-07-25 09:38:23,464 INFO [BACKGROUND_CALLBACK] BACKGROUND_WORK_FOUND:MO06787_Dressing_A_deel2_(5-16):BOERE:27
2025-07-25 09:38:23,466 INFO [BACKGROUND_CALLBACK] Forwarded message to scanner panel: BACKGROUND_WORK_FOUND:MO06787_Dressing_A_deel2_(5-16):BOERE:27
2025-07-25 09:38:23,470 INFO [BACKGROUND_CALLBACK] Logged work found event for BOERE on MO06787_Dressing_A_deel2_(5-16): 27 items
2025-07-25 09:38:25,486 INFO [db_log_api] /update_item_count called with data: {'project': 'MO06787_Dressing_A_deel2_(5-16)', 'user': 'BOERE', 'item_count': 27, 'timestamp': '2025-07-25T09:35:43.052251'}
2025-07-25 09:38:25,487 INFO Updated item count for BOERE - MO06787_Dressing_A_deel2_(5-16): Total=27 (Nesting=0, Opdeelzaag=0)
2025-07-25 09:38:25,488 INFO OPEN event updated with boere count for: BOERE - MO06787_Dressing_A_deel2_(5-16) (Items: 27)
2025-07-25 09:38:25,488 INFO [BACKGROUND_CALLBACK] OPEN event updated with boere count for: BOERE - MO06787_Dressing_A_deel2_(5-16) (Items: 27)
2025-07-25 09:38:25,489 INFO [BACKGROUND_CALLBACK] Forwarded message to scanner panel: OPEN event updated with boere count for: BOERE - MO06787_Dressing_A_deel2_(5-16) (Items: 27)
2025-07-25 09:38:25,695 INFO Dashboard display users: ['NESTING', 'ACCURA', 'OPUS', 'KL GANNOMAT', 'BOERE']
2025-07-25 09:38:26,749 INFO logs_project endpoint called for project: 'MO06787_Dressing_A_deel2_(5-16)'
2025-07-25 09:38:27,492 INFO [db_log_api] /update_file_path called with data: {'project': 'MO06787_Dressing_A_deel2_(5-16)', 'user': 'BOERE', 'file_path': 'C:/BOERE\\MO06787_S04710_Frank Celis_20250725_093802.xlsx', 'timestamp': '2025-07-25T09:38:25.489450'}
2025-07-25 09:38:27,497 INFO Updated file_path for OPEN event: user=BOERE, project=MO06787_Dressing_A_deel2_(5-16), path=C:/BOERE\MO06787_S04710_Frank Celis_20250725_093802.xlsx
2025-07-25 09:38:27,499 INFO OPEN event updated with Excel path for: BOERE - MO06787_Dressing_A_deel2_(5-16) at C:/BOERE\MO06787_S04710_Frank Celis_20250725_093802.xlsx
2025-07-25 09:38:27,499 INFO [BACKGROUND_CALLBACK] OPEN event updated with Excel path for: BOERE - MO06787_Dressing_A_deel2_(5-16) at C:/BOERE\MO06787_S04710_Frank Celis_20250725_093802.xlsx
2025-07-25 09:38:27,500 INFO [BACKGROUND_CALLBACK] Forwarded message to scanner panel: OPEN event updated with Excel path for: BOERE - MO06787_Dressing_A_deel2_(5-16) at C:/BOERE\MO06787_S04710_Frank Celis_20250725_093802.xlsx
2025-07-25 09:38:29,513 INFO [db_log_api] /update_item_count called with data: {'project': 'MO06787_Dressing_A_deel2_(5-16)', 'user': 'BOERE', 'item_count': 27, 'timestamp': '2025-07-25T09:38:27.500635'}
2025-07-25 09:38:29,514 INFO Updated item count for BOERE - MO06787_Dressing_A_deel2_(5-16): Total=27 (Nesting=0, Opdeelzaag=0)
2025-07-25 09:38:29,516 INFO OPEN event updated with item count (27) for: BOERE - MO06787_Dressing_A_deel2_(5-16)
2025-07-25 09:38:29,516 INFO [BACKGROUND_CALLBACK] OPEN event updated with item count (27) for: BOERE - MO06787_Dressing_A_deel2_(5-16)
2025-07-25 09:38:29,516 INFO [BACKGROUND_CALLBACK] Forwarded message to scanner panel: OPEN event updated with item count (27) for: BOERE - MO06787_Dressing_A_deel2_(5-16)
2025-07-25 09:38:31,520 INFO [db_log_api] /project/metadata called with data: {'project': 'MO06787_Dressing_A_deel2_(5-16)', 'mo_number': 'MO06787', 'so_number': 'S04710', 'customer_name': 'Frank Celis', 'color': 'S6'}
2025-07-25 09:38:31,521 INFO Updated project metadata for 5 records in project MO06787_Dressing_A_deel2_(5-16)
2025-07-25 09:38:31,522 INFO Project metadata updated for MO06787_Dressing_A_deel2_(5-16)
2025-07-25 09:38:31,522 INFO [BACKGROUND_CALLBACK] Project metadata updated for MO06787_Dressing_A_deel2_(5-16)
2025-07-25 09:38:31,522 INFO [BACKGROUND_CALLBACK] Forwarded message to scanner panel: Project metadata updated for MO06787_Dressing_A_deel2_(5-16)
2025-07-25 09:38:31,523 INFO [UNIFIED_EXCEL] Completed unified Excel processing for project 'MO06787_Dressing_A_deel2_(5-16)'
2025-07-25 09:38:31,523 INFO [BACKGROUND_CALLBACK] [UNIFIED_EXCEL] Completed unified Excel processing for project 'MO06787_Dressing_A_deel2_(5-16)'
2025-07-25 09:38:31,523 INFO [BACKGROUND_CALLBACK] Forwarded message to scanner panel: [UNIFIED_EXCEL] Completed unified Excel processing for project 'MO06787_Dressing_A_deel2_(5-16)'
2025-07-25 09:38:31,523 INFO [BACKGROUND_CALLBACK] BACKGROUND_PROCESSING_COMPLETE:MO06787_Dressing_A_deel2_(5-16)
2025-07-25 09:38:31,526 INFO [BACKGROUND_CALLBACK] Forwarded message to scanner panel: BACKGROUND_PROCESSING_COMPLETE:MO06787_Dressing_A_deel2_(5-16)
2025-07-25 09:38:31,526 INFO [UNIFIED_SCAN] Completed unified Excel processing for project 'MO06787_Dressing_A_deel2_(5-16)'
2025-07-25 09:38:31,526 INFO [BACKGROUND_CALLBACK] [UNIFIED_SCAN] Completed unified Excel processing for project 'MO06787_Dressing_A_deel2_(5-16)'
2025-07-25 09:38:31,526 INFO [BACKGROUND_CALLBACK] Forwarded message to scanner panel: [UNIFIED_SCAN] Completed unified Excel processing for project 'MO06787_Dressing_A_deel2_(5-16)'
2025-07-25 09:38:39,123 INFO users endpoint was called
2025-07-25 09:38:40,690 INFO users endpoint was called
2025-07-25 09:38:56,828 INFO database management page was called
2025-07-25 09:38:58,183 INFO Dashboard display users: ['NESTING', 'ACCURA', 'OPUS', 'KL GANNOMAT', 'BOERE']
2025-07-25 09:39:13,366 INFO Updated 1 'OPEN' log(s) to 'BEZIG' for user 'OPUS' on project 'MO06787_Dressing_A_deel2_(5-16)'.
2025-07-25 09:39:13,369 INFO XLSX_UPDATED session started for OPUS on project MO06787_Dressing_A_deel2_(5-16) - Status changed to BEZIG
2025-07-25 09:39:18,176 INFO [db_log_api] /log called with data: {'event': 'AFGEMELD', 'details': 'MO06787_Dressing_A_deel2_(5-16) afgemeld aan OPUS', 'project': 'MO06787_Dressing_A_deel2_(5-16)', 'user': 'OPUS', 'base_mo_code': 'MO06787', 'is_rep_variant': False}
2025-07-25 09:39:18,177 INFO Completed XLSX_UPDATED session OPUS_MO06787_Dressing_A_deel2_(5-16)_20250725_093913 for OPUS on project MO06787_Dressing_A_deel2_(5-16)
2025-07-25 09:39:22,733 INFO Dashboard display users: ['NESTING', 'ACCURA', 'OPUS', 'KL GANNOMAT', 'BOERE']
2025-07-25 09:39:25,175 INFO logs_project endpoint called for project: 'MO06787_Dressing_A_deel2_(5-16)'
2025-07-25 09:39:33,117 INFO logs_project endpoint called for project: 'MO06787_Dressing_A_deel2_(5-16)'
2025-07-25 09:39:39,561 INFO logs_project endpoint called for project: 'MO06787_Dressing_A_deel2_(5-16)'
2025-07-25 09:40:02,275 INFO logs_project endpoint called for project: 'MO06787_Dressing_A_deel2_(5-16)'
2025-07-25 09:41:20,225 INFO users endpoint was called
2025-07-25 09:42:19,427 INFO Efficiency targets updated in config: {'OPUS': 15}
2025-07-25 09:42:19,440 WARNING Task queue depth is 1
2025-07-25 09:42:47,298 INFO users endpoint was called
2025-07-25 09:54:59,238 ERROR Database error on GET /logs/count: no such table: logs
Traceback (most recent call last):
  File "database\db_log_api.py", line 2194, in get_logs_count
sqlite3.OperationalError: no such table: logs
2025-07-25 09:55:00,204 ERROR Database error on GET /logs/count: no such table: logs
Traceback (most recent call last):
  File "database\db_log_api.py", line 2194, in get_logs_count
sqlite3.OperationalError: no such table: logs
2025-07-25 09:55:01,861 ERROR Database error on GET /logs: no such table: logs
Traceback (most recent call last):
  File "database\db_log_api.py", line 2181, in get_logs
sqlite3.OperationalError: no such table: logs
2025-07-25 09:55:02,963 INFO [DatabasePanel] Shutdown called.
2025-07-25 09:55:02,963 INFO Shutdown requested for DB API server
2025-07-25 09:55:04,046 INFO Shutdown requested for DB API server
2025-07-25 09:55:04,416 ERROR Database error on GET /logs: no such table: logs
Traceback (most recent call last):
  File "database\db_log_api.py", line 2181, in get_logs
sqlite3.OperationalError: no such table: logs
