"line_number","content","is_numbered","has_section","has_aantal","has_edge_processing","has_controle","has_magazijn","has_te_bestellen"
1,"                                                                          MO07199",FALSE,FALSE,FALSE,FALSE,FALSE,FALSE,FALSE
2,"                                                                                                          S04479",FALSE,FALSE,FALSE,FALSE,FALSE,FALSE,FALSE
3,"                 S8                   Project:",FALSE,FALSE,FALSE,FALSE,FALSE,FALSE,FALSE
4,"                                                   0411_MO07199_Hoekdressing - opklapbed (4-7)",FALSE,FALSE,FALSE,FALSE,FALSE,FALSE,FALSE
5,"                                      Klant:",FALSE,FALSE,FALSE,FALSE,FALSE,FALSE,FALSE
6,"                                                Rudi Matterne",FALSE,FALSE,FALSE,FALSE,FALSE,FALSE,FALSE
7,"info:                                 Tekenaar: JW",FALSE,FALSE,FALSE,FALSE,FALSE,FALSE,FALSE
8,"",FALSE,FALSE,FALSE,FALSE,FALSE,FALSE,FALSE
9,"",FALSE,FALSE,FALSE,FALSE,FALSE,FALSE,FALSE
10,"               Schuren                Afwerking:   Lakstraat",FALSE,FALSE,FALSE,FALSE,FALSE,FALSE,FALSE
11,"                                         Enkel als aangevinkt.   Handwerk voor het schuren.",FALSE,FALSE,FALSE,FALSE,FALSE,FALSE,FALSE
12,"Totaal aantal onderdelen:",FALSE,FALSE,TRUE,FALSE,FALSE,FALSE,FALSE
13,"",FALSE,FALSE,FALSE,FALSE,FALSE,FALSE,FALSE
14,"                                                                 Kasten monteren! onderdelen sorteren per object",FALSE,FALSE,FALSE,FALSE,FALSE,FALSE,FALSE
15,"",FALSE,FALSE,FALSE,FALSE,FALSE,FALSE,FALSE
16,"",FALSE,FALSE,FALSE,FALSE,FALSE,FALSE,FALSE
17,"                                                                 Vlakstraat: gekleurde sjang gebruiken.",FALSE,FALSE,FALSE,FALSE,FALSE,FALSE,FALSE
18,"",FALSE,FALSE,FALSE,FALSE,FALSE,FALSE,FALSE
19,"",FALSE,FALSE,FALSE,FALSE,FALSE,FALSE,FALSE
20,"                  Datum:                         kopie: terugbezorgen na schuren!",FALSE,FALSE,FALSE,FALSE,FALSE,FALSE,FALSE
21,"                                      Opmerkingen:",FALSE,FALSE,FALSE,FALSE,FALSE,FALSE,FALSE
22,"Cel Holzer:",FALSE,FALSE,FALSE,FALSE,FALSE,FALSE,FALSE
23,"",FALSE,FALSE,FALSE,FALSE,FALSE,FALSE,FALSE
24,"",FALSE,FALSE,FALSE,FALSE,FALSE,FALSE,FALSE
25,"",FALSE,FALSE,FALSE,FALSE,FALSE,FALSE,FALSE
26,"Naam:                       .../...",FALSE,FALSE,FALSE,FALSE,FALSE,FALSE,FALSE
27,"",FALSE,FALSE,FALSE,FALSE,FALSE,FALSE,FALSE
28,"",FALSE,FALSE,FALSE,FALSE,FALSE,FALSE,FALSE
29,"Accura:",FALSE,FALSE,FALSE,FALSE,FALSE,FALSE,FALSE
30,"",FALSE,FALSE,FALSE,FALSE,FALSE,FALSE,FALSE
31,"",FALSE,FALSE,FALSE,FALSE,FALSE,FALSE,FALSE
32,"",FALSE,FALSE,FALSE,FALSE,FALSE,FALSE,FALSE
33,"",FALSE,FALSE,FALSE,FALSE,FALSE,FALSE,FALSE
34,"Naam:                       .../...",FALSE,FALSE,FALSE,FALSE,FALSE,FALSE,FALSE
35,"",FALSE,FALSE,FALSE,FALSE,FALSE,FALSE,FALSE
36,"",FALSE,FALSE,FALSE,FALSE,FALSE,FALSE,FALSE
37,"Reichenbacher:",FALSE,FALSE,FALSE,FALSE,FALSE,FALSE,FALSE
38,"",FALSE,FALSE,FALSE,FALSE,FALSE,FALSE,FALSE
39,"",FALSE,FALSE,FALSE,FALSE,FALSE,FALSE,FALSE
40,"",FALSE,FALSE,FALSE,FALSE,FALSE,FALSE,FALSE
41,"",FALSE,FALSE,FALSE,FALSE,FALSE,FALSE,FALSE
42,"Naam:                       .../...",FALSE,FALSE,FALSE,FALSE,FALSE,FALSE,FALSE
43,"                                                                          Opus:",FALSE,FALSE,FALSE,FALSE,FALSE,FALSE,FALSE
44,"Kl Gannomat:",FALSE,FALSE,FALSE,FALSE,FALSE,FALSE,FALSE
45,"                                                                  Macro deursensors",FALSE,FALSE,FALSE,FALSE,FALSE,FALSE,FALSE
46,"",FALSE,FALSE,FALSE,FALSE,FALSE,FALSE,FALSE
47,"",FALSE,FALSE,FALSE,FALSE,FALSE,FALSE,FALSE
48,"Naam:                       .../...",FALSE,FALSE,FALSE,FALSE,FALSE,FALSE,FALSE
49,"",FALSE,FALSE,FALSE,FALSE,FALSE,FALSE,FALSE
50,"",FALSE,FALSE,FALSE,FALSE,FALSE,FALSE,FALSE
51,"Cel Massief:",FALSE,TRUE,FALSE,FALSE,FALSE,FALSE,FALSE
52,"",FALSE,FALSE,FALSE,FALSE,FALSE,FALSE,FALSE
53,"",FALSE,FALSE,FALSE,FALSE,FALSE,FALSE,FALSE
54,"",FALSE,FALSE,FALSE,FALSE,FALSE,FALSE,FALSE
55,"",FALSE,FALSE,FALSE,FALSE,FALSE,FALSE,FALSE
56,"Naam:                       .../...",FALSE,FALSE,FALSE,FALSE,FALSE,FALSE,FALSE
57,"",FALSE,FALSE,FALSE,FALSE,FALSE,FALSE,FALSE
58,"",FALSE,FALSE,FALSE,FALSE,FALSE,FALSE,FALSE
59,"Cel schuren:",FALSE,FALSE,FALSE,FALSE,FALSE,FALSE,FALSE
60,"",FALSE,FALSE,FALSE,FALSE,FALSE,FALSE,FALSE
61,"",FALSE,FALSE,FALSE,FALSE,FALSE,FALSE,FALSE
62,"",FALSE,FALSE,FALSE,FALSE,FALSE,FALSE,FALSE
63,"",FALSE,FALSE,FALSE,FALSE,FALSE,FALSE,FALSE
64,"Naam:                       .../...",FALSE,FALSE,FALSE,FALSE,FALSE,FALSE,FALSE
65,"",FALSE,FALSE,FALSE,FALSE,FALSE,FALSE,FALSE
66,"",FALSE,FALSE,FALSE,FALSE,FALSE,FALSE,FALSE
67,"",FALSE,FALSE,FALSE,FALSE,FALSE,FALSE,FALSE
68,"                                                                                                              Page 1 of 21",FALSE,FALSE,FALSE,FALSE,FALSE,FALSE,FALSE
69,"                                                                                                                                                                  MO07199",FALSE,FALSE,FALSE,FALSE,FALSE,FALSE,FALSE
70,"                                                              Klant:      Rudi Matterne",FALSE,FALSE,FALSE,FALSE,FALSE,FALSE,FALSE
71,"",FALSE,FALSE,FALSE,FALSE,FALSE,FALSE,FALSE
72,"                                                     S8       Tekenaar: JW",FALSE,FALSE,FALSE,FALSE,FALSE,FALSE,FALSE
73,"",FALSE,FALSE,FALSE,FALSE,FALSE,FALSE,FALSE
74,"                                                              Sales nr:   S04479",FALSE,FALSE,FALSE,FALSE,FALSE,FALSE,FALSE
75,"",FALSE,FALSE,FALSE,FALSE,FALSE,FALSE,FALSE
76,"                                                    Schuren   Project:",FALSE,FALSE,FALSE,FALSE,FALSE,FALSE,FALSE
77,"                                                                          0411_MO07199_Hoekdressing - opklapbed (4-7)                                                              Nesting",FALSE,TRUE,FALSE,FALSE,FALSE,FALSE,FALSE
78," N°          Onderdeel                        Materiaal            Lengte          Breedte    Dikte      L1         L2        B1        B2       ProductieM.     Opmerkingen",FALSE,FALSE,FALSE,FALSE,FALSE,FALSE,FALSE
79,"                                                                                                      Fineer eik Fineer eik Fineer eik Fineer eik Standaard",FALSE,FALSE,FALSE,FALSE,FALSE,FALSE,FALSE
80,"  1               AZ                     HSP 23mm BxB                  2571        1023.667    23        1mm        1mm        1mm        1mm        Dik",TRUE,FALSE,FALSE,TRUE,FALSE,FALSE,FALSE
81,"",FALSE,FALSE,FALSE,FALSE,FALSE,FALSE,FALSE
82,"                                                                                                      Fineer eik Fineer eik Fineer eik Fineer eik Standaard",FALSE,FALSE,FALSE,FALSE,FALSE,FALSE,FALSE
83,"  2             LZ_01                    HSP 23mm BxB                  2571          510       23        1mm        1mm        1mm        1mm        Dik",TRUE,FALSE,FALSE,TRUE,FALSE,FALSE,FALSE
84,"",FALSE,FALSE,FALSE,FALSE,FALSE,FALSE,FALSE
85,"                                                                                                      Fineer eik Fineer eik Fineer eik Fineer eik Standaard",FALSE,FALSE,FALSE,FALSE,FALSE,FALSE,FALSE
86,"  3             LZ_02                    HSP 23mm BxB                  2571          510       23        1mm        1mm        1mm        1mm        Dik",TRUE,FALSE,FALSE,TRUE,FALSE,FALSE,FALSE
87,"",FALSE,FALSE,FALSE,FALSE,FALSE,FALSE,FALSE
88,"                                                                                                      Fineer eik Fineer eik Fineer eik Fineer eik Standaard",FALSE,FALSE,FALSE,FALSE,FALSE,FALSE,FALSE
89,"  4             LZ_03                    HSP 23mm BxB                  2571          600       23        1mm        1mm        1mm        1mm        Dik",TRUE,FALSE,FALSE,TRUE,FALSE,FALSE,FALSE
90,"",FALSE,FALSE,FALSE,FALSE,FALSE,FALSE,FALSE
91,"                                                                                                      Fineer eik Fineer eik Fineer eik Fineer eik Standaard",FALSE,FALSE,FALSE,FALSE,FALSE,FALSE,FALSE
92,"  5             RZ_04                    HSP 23mm BxB                  2571          600       23        1mm        1mm        1mm        1mm        Dik",TRUE,FALSE,FALSE,TRUE,FALSE,FALSE,FALSE
93,"",FALSE,FALSE,FALSE,FALSE,FALSE,FALSE,FALSE
94,"                                                                                                      Fineer eik Fineer eik Fineer eik Fineer eik",FALSE,FALSE,FALSE,FALSE,FALSE,FALSE,FALSE
95,"  6            AFWZ_R                  MDF 19mm AFQMxB                 2636          635       19        1mm        1mm        1mm        1mm",TRUE,FALSE,FALSE,TRUE,FALSE,FALSE,FALSE
96,"                                                                                                                                                  Standaard    L+B=30mm overmaat",FALSE,FALSE,FALSE,FALSE,FALSE,FALSE,FALSE
97,"",FALSE,FALSE,FALSE,FALSE,FALSE,FALSE,FALSE
98,"                                                                                                      Fineer eik Fineer eik Fineer eik Fineer eik",FALSE,FALSE,FALSE,FALSE,FALSE,FALSE,FALSE
99,"  7            DR_L01                  MDF 19mm AFQMxB                 2596        431.667     19        1mm        1mm        1mm        1mm",TRUE,FALSE,FALSE,TRUE,FALSE,FALSE,FALSE
100,"                                                                                                                                                  Standaard",FALSE,FALSE,FALSE,FALSE,FALSE,FALSE,FALSE
101,"",FALSE,FALSE,FALSE,FALSE,FALSE,FALSE,FALSE
102,"",FALSE,FALSE,FALSE,FALSE,FALSE,FALSE,FALSE
103,"                                                                                                      Fineer eik Fineer eik Fineer eik Fineer eik",FALSE,FALSE,FALSE,FALSE,FALSE,FALSE,FALSE
104,"  8            DR_L03                  MDF 19mm AFQMxB                 2596        431.667     19        1mm        1mm        1mm        1mm",TRUE,FALSE,FALSE,TRUE,FALSE,FALSE,FALSE
105,"                                                                                                                                                  Standaard",FALSE,FALSE,FALSE,FALSE,FALSE,FALSE,FALSE
106,"",FALSE,FALSE,FALSE,FALSE,FALSE,FALSE,FALSE
107,"",FALSE,FALSE,FALSE,FALSE,FALSE,FALSE,FALSE
108,"                                                                                                      Fineer eik Fineer eik Fineer eik Fineer eik",FALSE,FALSE,FALSE,FALSE,FALSE,FALSE,FALSE
109,"  9            DR_L05                  MDF 19mm AFQMxB                 2596        382.666     19        1mm        1mm        1mm        1mm",TRUE,FALSE,FALSE,TRUE,FALSE,FALSE,FALSE
110,"                                                                                                                                                  Standaard",FALSE,FALSE,FALSE,FALSE,FALSE,FALSE,FALSE
111,"",FALSE,FALSE,FALSE,FALSE,FALSE,FALSE,FALSE
112,"",FALSE,FALSE,FALSE,FALSE,FALSE,FALSE,FALSE
113,"                                                                                                      Fineer eik Fineer eik Fineer eik Fineer eik",FALSE,FALSE,FALSE,FALSE,FALSE,FALSE,FALSE
114," 10            DR_R02                  MDF 19mm AFQMxB                 2596        431.667     19        1mm        1mm        1mm        1mm",TRUE,FALSE,FALSE,TRUE,FALSE,FALSE,FALSE
115,"                                                                                                                                                  Standaard",FALSE,FALSE,FALSE,FALSE,FALSE,FALSE,FALSE
116,"",FALSE,FALSE,FALSE,FALSE,FALSE,FALSE,FALSE
117,"",FALSE,FALSE,FALSE,FALSE,FALSE,FALSE,FALSE
118,"                                                                                                      Fineer eik Fineer eik Fineer eik Fineer eik",FALSE,FALSE,FALSE,FALSE,FALSE,FALSE,FALSE
119," 11            DR_R04                  MDF 19mm AFQMxB                 2596        382.667     19        1mm        1mm        1mm        1mm",TRUE,FALSE,FALSE,TRUE,FALSE,FALSE,FALSE
120,"                                                                                                                                                  Standaard",FALSE,FALSE,FALSE,FALSE,FALSE,FALSE,FALSE
121,"",FALSE,FALSE,FALSE,FALSE,FALSE,FALSE,FALSE
122,"",FALSE,FALSE,FALSE,FALSE,FALSE,FALSE,FALSE
123,"                                                                                                      Fineer eik Fineer eik Fineer eik Fineer eik",FALSE,FALSE,FALSE,FALSE,FALSE,FALSE,FALSE
124," 12            DR_R06                  MDF 19mm AFQMxB                 2596        382.666     19        1mm        1mm        1mm        1mm",TRUE,FALSE,FALSE,TRUE,FALSE,FALSE,FALSE
125,"                                                                                                                                                  Standaard",FALSE,FALSE,FALSE,FALSE,FALSE,FALSE,FALSE
126,"",FALSE,FALSE,FALSE,FALSE,FALSE,FALSE,FALSE
127,"",FALSE,FALSE,FALSE,FALSE,FALSE,FALSE,FALSE
128,"                                                                                                      Fineer eik Fineer eik Fineer eik Fineer eik",FALSE,FALSE,FALSE,FALSE,FALSE,FALSE,FALSE
129," 13             Paslat                 MDF 19mm AFQMxB                 2770          200       19        1mm        1mm        1mm        1mm",TRUE,FALSE,FALSE,TRUE,FALSE,FALSE,FALSE
130,"                                                                                                                                                  Standaard",FALSE,FALSE,FALSE,FALSE,FALSE,FALSE,FALSE
131,"",FALSE,FALSE,FALSE,FALSE,FALSE,FALSE,FALSE
132,"",FALSE,FALSE,FALSE,FALSE,FALSE,FALSE,FALSE
133,"",FALSE,FALSE,FALSE,FALSE,FALSE,FALSE,FALSE
134," 14              RG                    MDF 19mm AFQMxB                 2118         1007.7     19                                                Standaard",TRUE,FALSE,FALSE,FALSE,FALSE,FALSE,FALSE
135,"",FALSE,FALSE,FALSE,FALSE,FALSE,FALSE,FALSE
136,"",FALSE,FALSE,FALSE,FALSE,FALSE,FALSE,FALSE
137,"                                                                                                      Fineer eik Fineer eik Fineer eik Fineer eik Standaard",FALSE,FALSE,FALSE,FALSE,FALSE,FALSE,FALSE
138," 15             Front                  MDF 23mm AFQMxB                 2086          970       23        1mm        1mm        1mm        1mm        Dik",TRUE,FALSE,FALSE,TRUE,FALSE,FALSE,FALSE
139,"",FALSE,FALSE,FALSE,FALSE,FALSE,FALSE,FALSE
140,"                                                                                                      Fineer eik                                 Standaard",FALSE,FALSE,FALSE,FALSE,FALSE,FALSE,FALSE
141," 16            AANV_R                    MDF 31mm BxB             1019.917           493       31        1mm                                        Dik",TRUE,FALSE,FALSE,TRUE,FALSE,FALSE,FALSE
142,"",FALSE,FALSE,FALSE,FALSE,FALSE,FALSE,FALSE
143,"                                                                                                      Fineer eik Fineer eik                      Standaard",FALSE,FALSE,FALSE,FALSE,FALSE,FALSE,FALSE
144," 17               BC                     MDF 31mm BxB              837.333           509       31        1mm        1mm                             Dik",TRUE,FALSE,FALSE,TRUE,FALSE,FALSE,FALSE
145,"",FALSE,FALSE,FALSE,FALSE,FALSE,FALSE,FALSE
146,"                                                                                                      Fineer eik Fineer eik                      Standaard",FALSE,FALSE,FALSE,FALSE,FALSE,FALSE,FALSE
147," 18               BC                     MDF 31mm BxB              739.333           599       31        1mm        1mm                             Dik",TRUE,FALSE,FALSE,TRUE,FALSE,FALSE,FALSE
148,"",FALSE,FALSE,FALSE,FALSE,FALSE,FALSE,FALSE
149,"                                                                                                      Fineer eik Fineer eik                      Standaard",FALSE,FALSE,FALSE,FALSE,FALSE,FALSE,FALSE
150," 19               BC                     MDF 31mm BxB                  996           420       31        1mm        1mm                             Dik",TRUE,FALSE,FALSE,TRUE,FALSE,FALSE,FALSE
151,"",FALSE,FALSE,FALSE,FALSE,FALSE,FALSE,FALSE
152,"",FALSE,FALSE,FALSE,FALSE,FALSE,FALSE,FALSE
153,"",FALSE,FALSE,FALSE,FALSE,FALSE,FALSE,FALSE
154,"0411_MO07199_Hoekdressing - opklapbed (4-7)                                                                                                                                          Page 2 of 21",FALSE,FALSE,FALSE,FALSE,FALSE,FALSE,FALSE
155," N°          Onderdeel                        Materiaal   Lengte    Breedte   Dikte      L1           L2         B1        B2    ProductieM.       Opmerkingen",FALSE,FALSE,FALSE,FALSE,FALSE,FALSE,FALSE
156,"                                                                                                   Fineer eik                    Standaard",FALSE,FALSE,FALSE,FALSE,FALSE,FALSE,FALSE
157," 20             BC_01                    MDF 31mm BxB     424.667     466      31                     1mm                           Dik",TRUE,FALSE,FALSE,TRUE,FALSE,FALSE,FALSE
158,"",FALSE,FALSE,FALSE,FALSE,FALSE,FALSE,FALSE
159,"                                                                                      Fineer eik Fineer eik                      Standaard",FALSE,FALSE,FALSE,FALSE,FALSE,FALSE,FALSE
160," 21             BC_02                    MDF 31mm BxB     861.667     599      31        1mm        1mm                             Dik",TRUE,FALSE,FALSE,TRUE,FALSE,FALSE,FALSE
161,"",FALSE,FALSE,FALSE,FALSE,FALSE,FALSE,FALSE
162,"                                                                                      Fineer eik Fineer eik Fineer eik Fineer eik Standaard",FALSE,FALSE,FALSE,FALSE,FALSE,FALSE,FALSE
163," 22               LZ                     MDF 31mm BxB      2181       420      31        1mm        1mm        1mm        1mm        Dik",TRUE,FALSE,FALSE,TRUE,FALSE,FALSE,FALSE
164,"",FALSE,FALSE,FALSE,FALSE,FALSE,FALSE,FALSE
165,"                                                                                      Fineer eik Fineer eik                      Standaard",FALSE,FALSE,FALSE,FALSE,FALSE,FALSE,FALSE
166," 23              OC                      MDF 31mm BxB     739.333     579      31        1mm        1mm                             Dik",TRUE,FALSE,FALSE,TRUE,FALSE,FALSE,FALSE
167,"",FALSE,FALSE,FALSE,FALSE,FALSE,FALSE,FALSE
168,"                                                                                      Fineer eik Fineer eik                      Standaard",FALSE,FALSE,FALSE,FALSE,FALSE,FALSE,FALSE
169," 24              OC                      MDF 31mm BxB     837.333     489      31        1mm        1mm                             Dik",TRUE,FALSE,FALSE,TRUE,FALSE,FALSE,FALSE
170,"",FALSE,FALSE,FALSE,FALSE,FALSE,FALSE,FALSE
171,"                                                                                                   Fineer eik Fineer eik         Standaard",FALSE,FALSE,FALSE,FALSE,FALSE,FALSE,FALSE
172," 25             OC_01                    MDF 31mm BxB     424.667     466      31                     1mm        1mm                Dik        Plint R 4mm oversteek",TRUE,FALSE,FALSE,TRUE,FALSE,FALSE,FALSE
173,"",FALSE,FALSE,FALSE,FALSE,FALSE,FALSE,FALSE
174,"                                                                                      Fineer eik Fineer eik                      Standaard",FALSE,FALSE,FALSE,FALSE,FALSE,FALSE,FALSE
175," 26             OC_02                    MDF 31mm BxB     861.667     579      31        1mm        1mm                             Dik",TRUE,FALSE,FALSE,TRUE,FALSE,FALSE,FALSE
176,"",FALSE,FALSE,FALSE,FALSE,FALSE,FALSE,FALSE
177,"                                                                                      Fineer eik Fineer eik Fineer eik Fineer eik Standaard",FALSE,FALSE,FALSE,FALSE,FALSE,FALSE,FALSE
178," 27               RZ                     MDF 31mm BxB      2181       420      31        1mm        1mm        1mm        1mm        Dik",TRUE,FALSE,FALSE,TRUE,FALSE,FALSE,FALSE
179,"",FALSE,FALSE,FALSE,FALSE,FALSE,FALSE,FALSE
180,"                                                                                      Fineer eik Fineer eik                      Standaard",FALSE,FALSE,FALSE,FALSE,FALSE,FALSE,FALSE
181," 28             VL01                     MDF 31mm BxB     837.333     476      31        1mm        1mm                             Dik",TRUE,FALSE,FALSE,TRUE,FALSE,FALSE,FALSE
182,"",FALSE,FALSE,FALSE,FALSE,FALSE,FALSE,FALSE
183,"                                                                                      Fineer eik Fineer eik                      Standaard",FALSE,FALSE,FALSE,FALSE,FALSE,FALSE,FALSE
184," 29             VL02                     MDF 31mm BxB     837.333     476      31        1mm        1mm                             Dik",TRUE,FALSE,FALSE,TRUE,FALSE,FALSE,FALSE
185,"",FALSE,FALSE,FALSE,FALSE,FALSE,FALSE,FALSE
186,"                                                                                      Fineer eik Fineer eik                      Standaard",FALSE,FALSE,FALSE,FALSE,FALSE,FALSE,FALSE
187," 30             VL03                     MDF 31mm BxB     837.333     476      31        1mm        1mm                             Dik",TRUE,FALSE,FALSE,TRUE,FALSE,FALSE,FALSE
188,"",FALSE,FALSE,FALSE,FALSE,FALSE,FALSE,FALSE
189,"                                                                                      Fineer eik Fineer eik                      Standaard",FALSE,FALSE,FALSE,FALSE,FALSE,FALSE,FALSE
190," 31             VL04                     MDF 31mm BxB     837.333     476      31        1mm        1mm                             Dik",TRUE,FALSE,FALSE,TRUE,FALSE,FALSE,FALSE
191,"",FALSE,FALSE,FALSE,FALSE,FALSE,FALSE,FALSE
192,"                                                                                      Fineer eik Fineer eik                      Standaard",FALSE,FALSE,FALSE,FALSE,FALSE,FALSE,FALSE
193," 32             VL05                     MDF 31mm BxB     837.333     476      31        1mm        1mm                             Dik",TRUE,FALSE,FALSE,TRUE,FALSE,FALSE,FALSE
194,"",FALSE,FALSE,FALSE,FALSE,FALSE,FALSE,FALSE
195,"                                                                                                   Fineer eik Fineer eik         Standaard",FALSE,FALSE,FALSE,FALSE,FALSE,FALSE,FALSE
196," 33             VL06                     MDF 31mm BxB     424.667     466      31                     1mm        1mm                Dik",TRUE,FALSE,FALSE,TRUE,FALSE,FALSE,FALSE
197,"",FALSE,FALSE,FALSE,FALSE,FALSE,FALSE,FALSE
198,"                                                                                      Fineer eik                                 Standaard",FALSE,FALSE,FALSE,FALSE,FALSE,FALSE,FALSE
199," 34             VL07                     MDF 31mm BxB     861.667     566      31        1mm                                        Dik",TRUE,FALSE,FALSE,TRUE,FALSE,FALSE,FALSE
200,"",FALSE,FALSE,FALSE,FALSE,FALSE,FALSE,FALSE
201,"                                                                                                   Fineer eik Fineer eik         Standaard",FALSE,FALSE,FALSE,FALSE,FALSE,FALSE,FALSE
202," 35             VL08                     MDF 31mm BxB     424.667     466      31                     1mm        1mm                Dik",TRUE,FALSE,FALSE,TRUE,FALSE,FALSE,FALSE
203,"",FALSE,FALSE,FALSE,FALSE,FALSE,FALSE,FALSE
204,"                                                                                      Fineer eik                                 Standaard",FALSE,FALSE,FALSE,FALSE,FALSE,FALSE,FALSE
205," 36             VL09                     MDF 31mm BxB     861.667     566      31        1mm                                        Dik",TRUE,FALSE,FALSE,TRUE,FALSE,FALSE,FALSE
206,"",FALSE,FALSE,FALSE,FALSE,FALSE,FALSE,FALSE
207,"                                                                                      Fineer eik Fineer eik                      Standaard",FALSE,FALSE,FALSE,FALSE,FALSE,FALSE,FALSE
208," 37             VL10                     MDF 31mm BxB     739.333     566      31        1mm        1mm                             Dik",TRUE,FALSE,FALSE,TRUE,FALSE,FALSE,FALSE
209,"",FALSE,FALSE,FALSE,FALSE,FALSE,FALSE,FALSE
210,"                                                                                      Fineer eik Fineer eik                      Standaard",FALSE,FALSE,FALSE,FALSE,FALSE,FALSE,FALSE
211," 38             VL11                     MDF 31mm BxB     739.333     566      31        1mm        1mm                             Dik",TRUE,FALSE,FALSE,TRUE,FALSE,FALSE,FALSE
212,"",FALSE,FALSE,FALSE,FALSE,FALSE,FALSE,FALSE
213,"",FALSE,FALSE,FALSE,FALSE,FALSE,FALSE,FALSE
214,"",FALSE,FALSE,FALSE,FALSE,FALSE,FALSE,FALSE
215,"",FALSE,FALSE,FALSE,FALSE,FALSE,FALSE,FALSE
216,"                                                                                                                                                                  Aantal onderdelen: 38",FALSE,FALSE,TRUE,FALSE,FALSE,FALSE,FALSE
217,"",FALSE,FALSE,FALSE,FALSE,FALSE,FALSE,FALSE
218,"",FALSE,FALSE,FALSE,FALSE,FALSE,FALSE,FALSE
219,"",FALSE,FALSE,FALSE,FALSE,FALSE,FALSE,FALSE
220,"",FALSE,FALSE,FALSE,FALSE,FALSE,FALSE,FALSE
221,"0411_MO07199_Hoekdressing - opklapbed (4-7)                                                                                                                                 Page 3 of 21",FALSE,FALSE,FALSE,FALSE,FALSE,FALSE,FALSE
222,"                                                                                                                                                      MO07199",FALSE,FALSE,FALSE,FALSE,FALSE,FALSE,FALSE
223,"                                                              Klant:      Rudi Matterne",FALSE,FALSE,FALSE,FALSE,FALSE,FALSE,FALSE
224,"",FALSE,FALSE,FALSE,FALSE,FALSE,FALSE,FALSE
225,"                                                     S8       Tekenaar: JW",FALSE,FALSE,FALSE,FALSE,FALSE,FALSE,FALSE
226,"",FALSE,FALSE,FALSE,FALSE,FALSE,FALSE,FALSE
227,"                                                              Sales nr:   S04479",FALSE,FALSE,FALSE,FALSE,FALSE,FALSE,FALSE
228,"",FALSE,FALSE,FALSE,FALSE,FALSE,FALSE,FALSE
229,"                                                    Schuren   Project:",FALSE,FALSE,FALSE,FALSE,FALSE,FALSE,FALSE
230,"                                                                          0411_MO07199_Hoekdressing - opklapbed (4-7)                                            Opdeelzaag",FALSE,TRUE,FALSE,FALSE,FALSE,FALSE,FALSE
231," N°          Onderdeel                        Materiaal            Lengte          Breedte   Dikte      L1         L2         B1         B2        Opmerkingen",FALSE,FALSE,FALSE,FALSE,FALSE,FALSE,FALSE
232,"                                                                                                     Fineer eik Fineer eik",FALSE,FALSE,FALSE,FALSE,FALSE,FALSE,FALSE
233,"  1               BC                     HSP 19mm BxB                  1030          507      19     1mm        1mm",TRUE,FALSE,FALSE,TRUE,FALSE,FALSE,FALSE
234,"",FALSE,FALSE,FALSE,FALSE,FALSE,FALSE,FALSE
235,"                                                                                                     Fineer eik Fineer eik Fineer eik Fineer eik",FALSE,FALSE,FALSE,FALSE,FALSE,FALSE,FALSE
236,"  2               LZ                     HSP 19mm BxB                  430           507      19     1mm        1mm        1mm        1mm",TRUE,FALSE,FALSE,TRUE,FALSE,FALSE,FALSE
237,"",FALSE,FALSE,FALSE,FALSE,FALSE,FALSE,FALSE
238,"                                                                                                     Fineer eik Fineer eik",FALSE,FALSE,FALSE,FALSE,FALSE,FALSE,FALSE
239,"  3              OC                      HSP 19mm BxB                  1030          507      19     1mm        1mm",TRUE,FALSE,FALSE,TRUE,FALSE,FALSE,FALSE
240,"",FALSE,FALSE,FALSE,FALSE,FALSE,FALSE,FALSE
241,"                                                                                                     Fineer eik Fineer eik Fineer eik Fineer eik",FALSE,FALSE,FALSE,FALSE,FALSE,FALSE,FALSE
242,"  4               RZ                     HSP 19mm BxB                  430           507      19     1mm        1mm        1mm        1mm",TRUE,FALSE,FALSE,TRUE,FALSE,FALSE,FALSE
243,"",FALSE,FALSE,FALSE,FALSE,FALSE,FALSE,FALSE
244,"",FALSE,FALSE,FALSE,FALSE,FALSE,FALSE,FALSE
245,"  5             Ruglat                MDF 19-18mm Uitval           861.667           100      19",TRUE,FALSE,FALSE,FALSE,FALSE,FALSE,FALSE
246,"",FALSE,FALSE,FALSE,FALSE,FALSE,FALSE,FALSE
247,"  6             Ruglat                MDF 19-18mm Uitval           837.333           100      19",TRUE,FALSE,FALSE,FALSE,FALSE,FALSE,FALSE
248,"",FALSE,FALSE,FALSE,FALSE,FALSE,FALSE,FALSE
249,"  7             Ruglat                MDF 19-18mm Uitval           739.333           100      19",TRUE,FALSE,FALSE,FALSE,FALSE,FALSE,FALSE
250,"",FALSE,FALSE,FALSE,FALSE,FALSE,FALSE,FALSE
251,"                                                                                                     Fineer eik Fineer eik Fineer eik Fineer eik",FALSE,FALSE,FALSE,FALSE,FALSE,FALSE,FALSE
252,"  8           Klapdeur                 MDF 19mm AFQMxB                 426          1055      19     1mm        1mm        1mm        1mm",TRUE,FALSE,FALSE,TRUE,FALSE,FALSE,FALSE
253,"",FALSE,FALSE,FALSE,FALSE,FALSE,FALSE,FALSE
254,"                                                                                                     Fineer eik Fineer eik Fineer eik Fineer eik",FALSE,FALSE,FALSE,FALSE,FALSE,FALSE,FALSE
255,"  9           Paslat_Dik               MDF 23mm AFQMxB                 2770          220      23     1mm        1mm        1mm        1mm",TRUE,FALSE,FALSE,TRUE,FALSE,FALSE,FALSE
256,"",FALSE,FALSE,FALSE,FALSE,FALSE,FALSE,FALSE
257,"                                                                                                     Fineer eik Fineer eik",FALSE,FALSE,FALSE,FALSE,FALSE,FALSE,FALSE
258," 10              OC                      MDF 31mm BxB                  996           400      31     1mm        1mm",TRUE,FALSE,FALSE,TRUE,FALSE,FALSE,FALSE
259,"",FALSE,FALSE,FALSE,FALSE,FALSE,FALSE,FALSE
260,"",FALSE,FALSE,FALSE,FALSE,FALSE,FALSE,FALSE
261," 11              RG                       MDF 5mm BxB                  2512        851.333    5",TRUE,FALSE,FALSE,FALSE,FALSE,FALSE,FALSE
262,"",FALSE,FALSE,FALSE,FALSE,FALSE,FALSE,FALSE
263," 12              RG                       MDF 5mm BxB                  402          1040      5",TRUE,FALSE,FALSE,FALSE,FALSE,FALSE,FALSE
264,"",FALSE,FALSE,FALSE,FALSE,FALSE,FALSE,FALSE
265," 13              RG                       MDF 5mm BxB                  2512        875.667    5",TRUE,FALSE,FALSE,FALSE,FALSE,FALSE,FALSE
266,"",FALSE,FALSE,FALSE,FALSE,FALSE,FALSE,FALSE
267," 14              RG                       MDF 5mm BxB                  2512        753.333    5",TRUE,FALSE,FALSE,FALSE,FALSE,FALSE,FALSE
268,"",FALSE,FALSE,FALSE,FALSE,FALSE,FALSE,FALSE
269,"",FALSE,FALSE,FALSE,FALSE,FALSE,FALSE,FALSE
270,"                                                                                                                                                                  Aantal onderdelen: 14",FALSE,FALSE,TRUE,FALSE,FALSE,FALSE,FALSE
271,"",FALSE,FALSE,FALSE,FALSE,FALSE,FALSE,FALSE
272,"",FALSE,FALSE,FALSE,FALSE,FALSE,FALSE,FALSE
273,"",FALSE,FALSE,FALSE,FALSE,FALSE,FALSE,FALSE
274,"",FALSE,FALSE,FALSE,FALSE,FALSE,FALSE,FALSE
275,"0411_MO07199_Hoekdressing - opklapbed (4-7)                                                                                                                                 Page 4 of 21",FALSE,FALSE,FALSE,FALSE,FALSE,FALSE,FALSE
276,"                                                                                                                                              MO07199",FALSE,FALSE,FALSE,FALSE,FALSE,FALSE,FALSE
277,"                                                              Klant:      Rudi Matterne",FALSE,FALSE,FALSE,FALSE,FALSE,FALSE,FALSE
278,"",FALSE,FALSE,FALSE,FALSE,FALSE,FALSE,FALSE
279,"                                                     S8       Tekenaar: JW",FALSE,FALSE,FALSE,FALSE,FALSE,FALSE,FALSE
280,"",FALSE,FALSE,FALSE,FALSE,FALSE,FALSE,FALSE
281,"                                                              Sales nr:   S04479",FALSE,FALSE,FALSE,FALSE,FALSE,FALSE,FALSE
282,"",FALSE,FALSE,FALSE,FALSE,FALSE,FALSE,FALSE
283,"                                                    Schuren   Project:",FALSE,FALSE,FALSE,FALSE,FALSE,FALSE,FALSE
284,"                                                                          0411_MO07199_Hoekdressing - opklapbed (4-7)                                Massief",FALSE,TRUE,FALSE,FALSE,FALSE,FALSE,FALSE
285,"                                                                                                     Opus:",FALSE,FALSE,FALSE,FALSE,FALSE,FALSE,FALSE
286,"",FALSE,FALSE,FALSE,FALSE,FALSE,FALSE,FALSE
287,"                                                                                             Macro deursensors",FALSE,FALSE,FALSE,FALSE,FALSE,FALSE,FALSE
288," N°          Onderdeel                        Materiaal            Lengte          Breedte     Dikte                       Opmerkingen",FALSE,FALSE,FALSE,FALSE,FALSE,FALSE,FALSE
289,"",FALSE,FALSE,FALSE,FALSE,FALSE,FALSE,FALSE
290,"  1            Plint_A                Massief_PM018x18PD           739.333           18         18",TRUE,TRUE,FALSE,FALSE,FALSE,FALSE,FALSE
291,"",FALSE,FALSE,FALSE,FALSE,FALSE,FALSE,FALSE
292,"  2            Plint_A                Massief_PM018x18PD           837.333           18         18",TRUE,TRUE,FALSE,FALSE,FALSE,FALSE,FALSE
293,"",FALSE,FALSE,FALSE,FALSE,FALSE,FALSE,FALSE
294,"  3            Plint_A                Massief_PM018x18PD           861.667           18         18",TRUE,TRUE,FALSE,FALSE,FALSE,FALSE,FALSE
295,"",FALSE,FALSE,FALSE,FALSE,FALSE,FALSE,FALSE
296,"  4            Plint_A                Massief_PM018x18PD               996           18         18",TRUE,TRUE,FALSE,FALSE,FALSE,FALSE,FALSE
297,"",FALSE,FALSE,FALSE,FALSE,FALSE,FALSE,FALSE
298,"  5          Plint_kort_A             Massief_PM018x18PD           423.667           18         18",TRUE,TRUE,FALSE,FALSE,FALSE,FALSE,FALSE
299,"",FALSE,FALSE,FALSE,FALSE,FALSE,FALSE,FALSE
300,"  6          Plint_kort_V             Massief_PM018x18PD           427.667           18         18                      Rechts 4mm overmaat",TRUE,TRUE,FALSE,FALSE,FALSE,FALSE,FALSE
301,"",FALSE,FALSE,FALSE,FALSE,FALSE,FALSE,FALSE
302,"  7            Plint_V                Massief_PM018x18PD           739.333           18         18",TRUE,TRUE,FALSE,FALSE,FALSE,FALSE,FALSE
303,"",FALSE,FALSE,FALSE,FALSE,FALSE,FALSE,FALSE
304,"  8            Plint_V                Massief_PM018x18PD           837.333           18         18",TRUE,TRUE,FALSE,FALSE,FALSE,FALSE,FALSE
305,"",FALSE,FALSE,FALSE,FALSE,FALSE,FALSE,FALSE
306,"  9            Plint_V                Massief_PM018x18PD           860.667           18         18",TRUE,TRUE,FALSE,FALSE,FALSE,FALSE,FALSE
307,"",FALSE,FALSE,FALSE,FALSE,FALSE,FALSE,FALSE
308," 10            Plint_V                Massief_PM018x18PD               996           18         18",TRUE,TRUE,FALSE,FALSE,FALSE,FALSE,FALSE
309,"",FALSE,FALSE,FALSE,FALSE,FALSE,FALSE,FALSE
310,"                                                                                                                                                Aantal onderdelen: 10",FALSE,FALSE,TRUE,FALSE,FALSE,FALSE,FALSE
311,"",FALSE,FALSE,FALSE,FALSE,FALSE,FALSE,FALSE
312,"",FALSE,FALSE,FALSE,FALSE,FALSE,FALSE,FALSE
313,"",FALSE,FALSE,FALSE,FALSE,FALSE,FALSE,FALSE
314,"",FALSE,FALSE,FALSE,FALSE,FALSE,FALSE,FALSE
315,"0411_MO07199_Hoekdressing - opklapbed (4-7)                                                                                                               Page 5 of 21",FALSE,FALSE,FALSE,FALSE,FALSE,FALSE,FALSE
316,"                                                                                                                                                       Controle",FALSE,TRUE,FALSE,FALSE,TRUE,FALSE,FALSE
317,"",FALSE,FALSE,FALSE,FALSE,FALSE,FALSE,FALSE
318,"                                                                                                                                         MO07199",FALSE,FALSE,FALSE,FALSE,FALSE,FALSE,FALSE
319,"                                              Klant:",FALSE,FALSE,FALSE,FALSE,FALSE,FALSE,FALSE
320,"",FALSE,FALSE,FALSE,FALSE,FALSE,FALSE,FALSE
321,"                                              Rudi Matterne",FALSE,FALSE,FALSE,FALSE,FALSE,FALSE,FALSE
322,"                                              Tekenaar:",FALSE,FALSE,FALSE,FALSE,FALSE,FALSE,FALSE
323,"",FALSE,FALSE,FALSE,FALSE,FALSE,FALSE,FALSE
324,"                     S8                       JW",FALSE,FALSE,FALSE,FALSE,FALSE,FALSE,FALSE
325,"",FALSE,FALSE,FALSE,FALSE,FALSE,FALSE,FALSE
326,"                                                                                                                                                        S04479",FALSE,FALSE,FALSE,FALSE,FALSE,FALSE,FALSE
327,"                                              Project:",FALSE,FALSE,FALSE,FALSE,FALSE,FALSE,FALSE
328,"",FALSE,FALSE,FALSE,FALSE,FALSE,FALSE,FALSE
329,"                                              0411_MO07199_Hoekdressing - opklapbed (4-7)",FALSE,FALSE,FALSE,FALSE,FALSE,FALSE,FALSE
330,"                Schuren",FALSE,FALSE,FALSE,FALSE,FALSE,FALSE,FALSE
331,"Totaal aantal onderdelen:                                                                                                        Opus:",FALSE,FALSE,TRUE,FALSE,FALSE,FALSE,FALSE
332,"",FALSE,FALSE,FALSE,FALSE,FALSE,FALSE,FALSE
333,"                                                                                                                     Macro deursensors",FALSE,FALSE,FALSE,FALSE,FALSE,FALSE,FALSE
334,"",FALSE,FALSE,FALSE,FALSE,FALSE,FALSE,FALSE
335,"",FALSE,FALSE,FALSE,FALSE,FALSE,FALSE,FALSE
336,"                                              Commentaar:",FALSE,FALSE,FALSE,FALSE,FALSE,FALSE,FALSE
337,"BK_01",FALSE,FALSE,FALSE,FALSE,FALSE,FALSE,FALSE
338,"Br:1068, D: 507, H: 430",FALSE,FALSE,FALSE,FALSE,FALSE,FALSE,FALSE
339,"                                              MONTEREN",FALSE,FALSE,FALSE,FALSE,FALSE,FALSE,FALSE
340,"",FALSE,FALSE,FALSE,FALSE,FALSE,FALSE,FALSE
341," N°             Onderdeel                Materiaal          Lengte   Breedte   Dikte   Pro.methode    L1     L2    B1      B2             commentaar",FALSE,FALSE,FALSE,FALSE,FALSE,FALSE,FALSE
342,"",FALSE,FALSE,FALSE,FALSE,FALSE,FALSE,FALSE
343," 1Opklapscharnieren duo lift FORTE     Dummy 10mm            200       90       10     Te bestellen                                           1 set",FALSE,FALSE,FALSE,FALSE,FALSE,FALSE,TRUE
344,"",FALSE,FALSE,FALSE,FALSE,FALSE,FALSE,FALSE
345,"                                                                                       Reichenbach Fineer Fineer",FALSE,FALSE,FALSE,FALSE,FALSE,FALSE,FALSE
346," 2                  BC                 HSP 19mm BxB         1030      507       19          er",TRUE,FALSE,FALSE,FALSE,FALSE,FALSE,FALSE
347,"                                                                                                   eik    eik",FALSE,FALSE,FALSE,FALSE,FALSE,FALSE,FALSE
348,"                                                                                                   1mm    1mm",FALSE,FALSE,FALSE,FALSE,FALSE,FALSE,FALSE
349,"",FALSE,FALSE,FALSE,FALSE,FALSE,FALSE,FALSE
350,"                                                                                       Reichenbach Fineer Fineer Fineer Fineer",FALSE,FALSE,FALSE,FALSE,FALSE,FALSE,FALSE
351," 3                  LZ                 HSP 19mm BxB          430      507       19          er",TRUE,FALSE,FALSE,FALSE,FALSE,FALSE,FALSE
352,"                                                                                                   eik    eik    eik    eik",FALSE,FALSE,FALSE,FALSE,FALSE,FALSE,FALSE
353,"                                                                                                   1mm    1mm    1mm    1mm",FALSE,FALSE,FALSE,FALSE,FALSE,FALSE,FALSE
354,"",FALSE,FALSE,FALSE,FALSE,FALSE,FALSE,FALSE
355,"                                                                                       Reichenbach Fineer Fineer",FALSE,FALSE,FALSE,FALSE,FALSE,FALSE,FALSE
356," 4                  OC                 HSP 19mm BxB         1030      507       19          er",TRUE,FALSE,FALSE,FALSE,FALSE,FALSE,FALSE
357,"                                                                                                   eik    eik",FALSE,FALSE,FALSE,FALSE,FALSE,FALSE,FALSE
358,"                                                                                                   1mm    1mm",FALSE,FALSE,FALSE,FALSE,FALSE,FALSE,FALSE
359,"",FALSE,FALSE,FALSE,FALSE,FALSE,FALSE,FALSE
360,"                                                                                       Reichenbach Fineer Fineer Fineer Fineer",FALSE,FALSE,FALSE,FALSE,FALSE,FALSE,FALSE
361," 5                  RZ                 HSP 19mm BxB          430      507       19          er",TRUE,FALSE,FALSE,FALSE,FALSE,FALSE,FALSE
362,"                                                                                                   eik    eik    eik    eik",FALSE,FALSE,FALSE,FALSE,FALSE,FALSE,FALSE
363,"                                                                                                   1mm    1mm    1mm    1mm",FALSE,FALSE,FALSE,FALSE,FALSE,FALSE,FALSE
364,"",FALSE,FALSE,FALSE,FALSE,FALSE,FALSE,FALSE
365,"                                                                                       Reichenbach Fineer Fineer Fineer Fineer",FALSE,FALSE,FALSE,FALSE,FALSE,FALSE,FALSE
366," 6               Klapdeur            MDF 19mm AFQMxB         426      1055      19          er",TRUE,FALSE,FALSE,FALSE,FALSE,FALSE,FALSE
367,"                                                                                                   eik    eik    eik    eik",FALSE,FALSE,FALSE,FALSE,FALSE,FALSE,FALSE
368,"                                                                                                   1mm    1mm    1mm    1mm",FALSE,FALSE,FALSE,FALSE,FALSE,FALSE,FALSE
369,"",FALSE,FALSE,FALSE,FALSE,FALSE,FALSE,FALSE
370,"                                                                                       Reichenbach",FALSE,FALSE,FALSE,FALSE,FALSE,FALSE,FALSE
371," 7                  RG                 MDF 5mm BxB           402      1040      5           er",TRUE,FALSE,FALSE,FALSE,FALSE,FALSE,FALSE
372,"",FALSE,FALSE,FALSE,FALSE,FALSE,FALSE,FALSE
373,"                                                                                                                                                       Aantal onderdelen: 7",FALSE,FALSE,TRUE,FALSE,FALSE,FALSE,FALSE
374,"",FALSE,FALSE,FALSE,FALSE,FALSE,FALSE,FALSE
375,"                                              Commentaar:",FALSE,FALSE,FALSE,FALSE,FALSE,FALSE,FALSE
376,"IND_01",FALSE,FALSE,FALSE,FALSE,FALSE,FALSE,FALSE
377,"Br:861,667, D: 568, H: 1021,92",FALSE,FALSE,FALSE,FALSE,FALSE,FALSE,FALSE
378,"",FALSE,FALSE,FALSE,FALSE,FALSE,FALSE,FALSE
379," N°             Onderdeel                Materiaal          Lengte   Breedte   Dikte   Pro.methode    L1     L2    B1      B2             commentaar",FALSE,FALSE,FALSE,FALSE,FALSE,FALSE,FALSE
380,"",FALSE,FALSE,FALSE,FALSE,FALSE,FALSE,FALSE
381,"",FALSE,FALSE,FALSE,FALSE,FALSE,FALSE,FALSE
382,"",FALSE,FALSE,FALSE,FALSE,FALSE,FALSE,FALSE
383,"0411_MO07199_Hoekdressing - opklapbed (4-7)                                                                                                                     Page 6 of 21",FALSE,FALSE,FALSE,FALSE,FALSE,FALSE,FALSE
384," 1         Hangbaar_ZWART              Metaal 15mm          852.667      30       15     Te bestellen",TRUE,FALSE,FALSE,FALSE,FALSE,FALSE,TRUE
385,"",FALSE,FALSE,FALSE,FALSE,FALSE,FALSE,FALSE
386,"",FALSE,FALSE,FALSE,FALSE,FALSE,FALSE,FALSE
387,"                                                                                                                                         Aantal onderdelen: 1",FALSE,FALSE,TRUE,FALSE,FALSE,FALSE,FALSE
388,"",FALSE,FALSE,FALSE,FALSE,FALSE,FALSE,FALSE
389,"                                              Commentaar:",FALSE,FALSE,FALSE,FALSE,FALSE,FALSE,FALSE
390,"IND_02",FALSE,FALSE,FALSE,FALSE,FALSE,FALSE,FALSE
391,"Br:861,667, D: 568, H: 1021,92",FALSE,FALSE,FALSE,FALSE,FALSE,FALSE,FALSE
392,"",FALSE,FALSE,FALSE,FALSE,FALSE,FALSE,FALSE
393," N°             Onderdeel                Materiaal           Lengte    Breedte   Dikte   Pro.methode    L1   L2   B1   B2   commentaar",FALSE,FALSE,FALSE,FALSE,FALSE,FALSE,FALSE
394,"",FALSE,FALSE,FALSE,FALSE,FALSE,FALSE,FALSE
395," 1         Hangbaar_ZWART              Metaal 15mm          852.667      30       15     Te bestellen",TRUE,FALSE,FALSE,FALSE,FALSE,FALSE,TRUE
396,"",FALSE,FALSE,FALSE,FALSE,FALSE,FALSE,FALSE
397,"",FALSE,FALSE,FALSE,FALSE,FALSE,FALSE,FALSE
398,"                                                                                                                                         Aantal onderdelen: 1",FALSE,FALSE,TRUE,FALSE,FALSE,FALSE,FALSE
399,"",FALSE,FALSE,FALSE,FALSE,FALSE,FALSE,FALSE
400,"                                              Commentaar:",FALSE,FALSE,FALSE,FALSE,FALSE,FALSE,FALSE
401,"IND_03",FALSE,FALSE,FALSE,FALSE,FALSE,FALSE,FALSE
402,"Br:739,333, D: 568, H: 1021,92",FALSE,FALSE,FALSE,FALSE,FALSE,FALSE,FALSE
403,"",FALSE,FALSE,FALSE,FALSE,FALSE,FALSE,FALSE
404," N°             Onderdeel                Materiaal           Lengte    Breedte   Dikte   Pro.methode    L1   L2   B1   B2   commentaar",FALSE,FALSE,FALSE,FALSE,FALSE,FALSE,FALSE
405,"",FALSE,FALSE,FALSE,FALSE,FALSE,FALSE,FALSE
406," 1         Hangbaar_ZWART              Metaal 15mm          730.333      30       15     Te bestellen",TRUE,FALSE,FALSE,FALSE,FALSE,FALSE,TRUE
407,"",FALSE,FALSE,FALSE,FALSE,FALSE,FALSE,FALSE
408,"",FALSE,FALSE,FALSE,FALSE,FALSE,FALSE,FALSE
409,"                                                                                                                                         Aantal onderdelen: 1",FALSE,FALSE,TRUE,FALSE,FALSE,FALSE,FALSE
410,"",FALSE,FALSE,FALSE,FALSE,FALSE,FALSE,FALSE
411,"                                              Commentaar:",FALSE,FALSE,FALSE,FALSE,FALSE,FALSE,FALSE
412,"IND_04",FALSE,FALSE,FALSE,FALSE,FALSE,FALSE,FALSE
413,"Br:708,333, D: 568, H: 1021,92",FALSE,FALSE,FALSE,FALSE,FALSE,FALSE,FALSE
414,"",FALSE,FALSE,FALSE,FALSE,FALSE,FALSE,FALSE
415," N°             Onderdeel                Materiaal           Lengte    Breedte   Dikte   Pro.methode    L1   L2   B1   B2   commentaar",FALSE,FALSE,FALSE,FALSE,FALSE,FALSE,FALSE
416,"",FALSE,FALSE,FALSE,FALSE,FALSE,FALSE,FALSE
417," 1         Hangbaar_ZWART              Metaal 15mm          699.333      30       15     Te bestellen",TRUE,FALSE,FALSE,FALSE,FALSE,FALSE,TRUE
418,"",FALSE,FALSE,FALSE,FALSE,FALSE,FALSE,FALSE
419,"",FALSE,FALSE,FALSE,FALSE,FALSE,FALSE,FALSE
420,"                                                                                                                                         Aantal onderdelen: 1",FALSE,FALSE,TRUE,FALSE,FALSE,FALSE,FALSE
421,"",FALSE,FALSE,FALSE,FALSE,FALSE,FALSE,FALSE
422,"                                              Commentaar:",FALSE,FALSE,FALSE,FALSE,FALSE,FALSE,FALSE
423,"Lade_01",FALSE,FALSE,FALSE,FALSE,FALSE,FALSE,FALSE
424,"Br:739,333, D: 568, H: 1021,92",FALSE,FALSE,FALSE,FALSE,FALSE,FALSE,FALSE
425,"                                              Aanvulling_MDF",FALSE,FALSE,FALSE,FALSE,FALSE,FALSE,FALSE
426,"",FALSE,FALSE,FALSE,FALSE,FALSE,FALSE,FALSE
427," N°             Onderdeel                Materiaal           Lengte    Breedte   Dikte   Pro.methode    L1   L2   B1   B2   commentaar",FALSE,FALSE,FALSE,FALSE,FALSE,FALSE,FALSE
428,"                                                                                          Standaard Fineer",FALSE,FALSE,FALSE,FALSE,FALSE,FALSE,FALSE
429," 1               AANV_R               MDF 31mm BxB          1019.917    493       31         Dik",TRUE,FALSE,FALSE,FALSE,FALSE,FALSE,FALSE
430,"                                                                                                    eik",FALSE,FALSE,FALSE,FALSE,FALSE,FALSE,FALSE
431,"                                                                                                    1mm",FALSE,FALSE,FALSE,FALSE,FALSE,FALSE,FALSE
432,"",FALSE,FALSE,FALSE,FALSE,FALSE,FALSE,FALSE
433,"                                                                                                                                         Aantal onderdelen: 1",FALSE,FALSE,TRUE,FALSE,FALSE,FALSE,FALSE
434,"",FALSE,FALSE,FALSE,FALSE,FALSE,FALSE,FALSE
435,"",FALSE,FALSE,FALSE,FALSE,FALSE,FALSE,FALSE
436,"",FALSE,FALSE,FALSE,FALSE,FALSE,FALSE,FALSE
437,"",FALSE,FALSE,FALSE,FALSE,FALSE,FALSE,FALSE
438,"0411_MO07199_Hoekdressing - opklapbed (4-7)                                                                                                       Page 7 of 21",FALSE,FALSE,FALSE,FALSE,FALSE,FALSE,FALSE
439,"                                              Commentaar:",FALSE,FALSE,FALSE,FALSE,FALSE,FALSE,FALSE
440,"MW_01",FALSE,FALSE,FALSE,FALSE,FALSE,FALSE,FALSE
441,"Br:860,333, D: 510, H: 2576",FALSE,FALSE,FALSE,FALSE,FALSE,FALSE,FALSE
442,"",FALSE,FALSE,FALSE,FALSE,FALSE,FALSE,FALSE
443," N°             Onderdeel                Materiaal          Lengte    Breedte    Dikte   Pro.methode     L1       L2       B1       B2     commentaar",FALSE,FALSE,FALSE,FALSE,FALSE,FALSE,FALSE
444,"                                                                                          Standaard Fineer Fineer Fineer Fineer",FALSE,FALSE,FALSE,FALSE,FALSE,FALSE,FALSE
445," 1                LZ_01                HSP 23mm BxB          2571       510       23         Dik",TRUE,FALSE,FALSE,FALSE,FALSE,FALSE,FALSE
446,"                                                                                                    eik    eik    eik    eik",FALSE,FALSE,FALSE,FALSE,FALSE,FALSE,FALSE
447,"                                                                                                    1mm    1mm    1mm    1mm",FALSE,FALSE,FALSE,FALSE,FALSE,FALSE,FALSE
448,"",FALSE,FALSE,FALSE,FALSE,FALSE,FALSE,FALSE
449,"                                                                                          Gannomat",FALSE,FALSE,FALSE,FALSE,FALSE,FALSE,FALSE
450," 2               Plint_A            Massief_PM018x18PD      837.333     18        18       Massief",TRUE,TRUE,FALSE,FALSE,FALSE,FALSE,FALSE
451,"",FALSE,FALSE,FALSE,FALSE,FALSE,FALSE,FALSE
452,"                                                                                          Gannomat",FALSE,FALSE,FALSE,FALSE,FALSE,FALSE,FALSE
453," 3               Plint_V            Massief_PM018x18PD      837.333     18        18       Massief",TRUE,TRUE,FALSE,FALSE,FALSE,FALSE,FALSE
454,"                                                                                                       Fineer   Fineer   Fineer   Fineer",FALSE,FALSE,FALSE,FALSE,FALSE,FALSE,FALSE
455," 4               DR_L01             MDF 19mm AFQMxB          2596     431.667     19      Standaard eik         eik      eik      eik",TRUE,FALSE,FALSE,FALSE,FALSE,FALSE,FALSE
456,"                                                                                                       1mm      1mm      1mm      1mm",FALSE,FALSE,FALSE,FALSE,FALSE,FALSE,FALSE
457,"                                                                                                       Fineer   Fineer   Fineer   Fineer",FALSE,FALSE,FALSE,FALSE,FALSE,FALSE,FALSE
458," 5               DR_R02             MDF 19mm AFQMxB          2596     431.667     19      Standaard eik         eik      eik      eik",TRUE,FALSE,FALSE,FALSE,FALSE,FALSE,FALSE
459,"                                                                                                       1mm      1mm      1mm      1mm",FALSE,FALSE,FALSE,FALSE,FALSE,FALSE,FALSE
460,"",FALSE,FALSE,FALSE,FALSE,FALSE,FALSE,FALSE
461,"                                                                                          Standaard Fineer Fineer",FALSE,FALSE,FALSE,FALSE,FALSE,FALSE,FALSE
462," 6                  BC                MDF 31mm BxB          837.333     509       31         Dik",TRUE,FALSE,FALSE,FALSE,FALSE,FALSE,FALSE
463,"                                                                                                    eik    eik",FALSE,FALSE,FALSE,FALSE,FALSE,FALSE,FALSE
464,"                                                                                                    1mm    1mm",FALSE,FALSE,FALSE,FALSE,FALSE,FALSE,FALSE
465,"",FALSE,FALSE,FALSE,FALSE,FALSE,FALSE,FALSE
466,"                                                                                          Standaard Fineer Fineer",FALSE,FALSE,FALSE,FALSE,FALSE,FALSE,FALSE
467," 7                  OC                MDF 31mm BxB          837.333     489       31         Dik",TRUE,FALSE,FALSE,FALSE,FALSE,FALSE,FALSE
468,"                                                                                                    eik    eik",FALSE,FALSE,FALSE,FALSE,FALSE,FALSE,FALSE
469,"                                                                                                    1mm    1mm",FALSE,FALSE,FALSE,FALSE,FALSE,FALSE,FALSE
470,"",FALSE,FALSE,FALSE,FALSE,FALSE,FALSE,FALSE
471,"                                                                                          Standaard Fineer Fineer",FALSE,FALSE,FALSE,FALSE,FALSE,FALSE,FALSE
472," 8                 VL01               MDF 31mm BxB          837.333     476       31         Dik",TRUE,FALSE,FALSE,FALSE,FALSE,FALSE,FALSE
473,"                                                                                                    eik    eik",FALSE,FALSE,FALSE,FALSE,FALSE,FALSE,FALSE
474,"                                                                                                    1mm    1mm",FALSE,FALSE,FALSE,FALSE,FALSE,FALSE,FALSE
475,"",FALSE,FALSE,FALSE,FALSE,FALSE,FALSE,FALSE
476,"                                                                                          Standaard Fineer Fineer",FALSE,FALSE,FALSE,FALSE,FALSE,FALSE,FALSE
477," 9                 VL02               MDF 31mm BxB          837.333     476       31         Dik",TRUE,FALSE,FALSE,FALSE,FALSE,FALSE,FALSE
478,"                                                                                                    eik    eik",FALSE,FALSE,FALSE,FALSE,FALSE,FALSE,FALSE
479,"                                                                                                    1mm    1mm",FALSE,FALSE,FALSE,FALSE,FALSE,FALSE,FALSE
480,"",FALSE,FALSE,FALSE,FALSE,FALSE,FALSE,FALSE
481,"                                                                                          Standaard Fineer Fineer",FALSE,FALSE,FALSE,FALSE,FALSE,FALSE,FALSE
482," 10                VL03               MDF 31mm BxB          837.333     476       31         Dik",TRUE,FALSE,FALSE,FALSE,FALSE,FALSE,FALSE
483,"                                                                                                    eik    eik",FALSE,FALSE,FALSE,FALSE,FALSE,FALSE,FALSE
484,"                                                                                                    1mm    1mm",FALSE,FALSE,FALSE,FALSE,FALSE,FALSE,FALSE
485,"",FALSE,FALSE,FALSE,FALSE,FALSE,FALSE,FALSE
486,"                                                                                          Standaard Fineer Fineer",FALSE,FALSE,FALSE,FALSE,FALSE,FALSE,FALSE
487," 11                VL04               MDF 31mm BxB          837.333     476       31         Dik",TRUE,FALSE,FALSE,FALSE,FALSE,FALSE,FALSE
488,"                                                                                                    eik    eik",FALSE,FALSE,FALSE,FALSE,FALSE,FALSE,FALSE
489,"                                                                                                    1mm    1mm",FALSE,FALSE,FALSE,FALSE,FALSE,FALSE,FALSE
490,"",FALSE,FALSE,FALSE,FALSE,FALSE,FALSE,FALSE
491,"                                                                                          Standaard Fineer Fineer",FALSE,FALSE,FALSE,FALSE,FALSE,FALSE,FALSE
492," 12                VL05               MDF 31mm BxB          837.333     476       31         Dik",TRUE,FALSE,FALSE,FALSE,FALSE,FALSE,FALSE
493,"                                                                                                    eik    eik",FALSE,FALSE,FALSE,FALSE,FALSE,FALSE,FALSE
494,"                                                                                                    1mm    1mm",FALSE,FALSE,FALSE,FALSE,FALSE,FALSE,FALSE
495,"",FALSE,FALSE,FALSE,FALSE,FALSE,FALSE,FALSE
496,"                                                                                         Reichenbach",FALSE,FALSE,FALSE,FALSE,FALSE,FALSE,FALSE
497," 13                 RG                 MDF 5mm BxB           2512     851.333     5           er",TRUE,FALSE,FALSE,FALSE,FALSE,FALSE,FALSE
498,"",FALSE,FALSE,FALSE,FALSE,FALSE,FALSE,FALSE
499,"                                                                                                                                                        Aantal onderdelen: 13",FALSE,FALSE,TRUE,FALSE,FALSE,FALSE,FALSE
500,"",FALSE,FALSE,FALSE,FALSE,FALSE,FALSE,FALSE
501,"                                              Commentaar:",FALSE,FALSE,FALSE,FALSE,FALSE,FALSE,FALSE
502,"MW_02",FALSE,FALSE,FALSE,FALSE,FALSE,FALSE,FALSE
503,"Br:904,667, D: 1046,67, H: 2576",FALSE,FALSE,FALSE,FALSE,FALSE,FALSE,FALSE
504,"",FALSE,FALSE,FALSE,FALSE,FALSE,FALSE,FALSE
505," N°             Onderdeel                Materiaal          Lengte    Breedte    Dikte   Pro.methode     L1       L2       B1       B2     commentaar",FALSE,FALSE,FALSE,FALSE,FALSE,FALSE,FALSE
506,"                                                                                          Standaard Fineer Fineer Fineer Fineer",FALSE,FALSE,FALSE,FALSE,FALSE,FALSE,FALSE
507," 1                  AZ                 HSP 23mm BxB          2571     1023.667    23         Dik",TRUE,FALSE,FALSE,FALSE,FALSE,FALSE,FALSE
508,"                                                                                                    eik    eik    eik    eik",FALSE,FALSE,FALSE,FALSE,FALSE,FALSE,FALSE
509,"                                                                                                    1mm    1mm    1mm    1mm",FALSE,FALSE,FALSE,FALSE,FALSE,FALSE,FALSE
510,"",FALSE,FALSE,FALSE,FALSE,FALSE,FALSE,FALSE
511,"                                                                                          Standaard Fineer Fineer Fineer Fineer",FALSE,FALSE,FALSE,FALSE,FALSE,FALSE,FALSE
512," 2                LZ_02                HSP 23mm BxB          2571       510       23         Dik",TRUE,FALSE,FALSE,FALSE,FALSE,FALSE,FALSE
513,"                                                                                                    eik    eik    eik    eik",FALSE,FALSE,FALSE,FALSE,FALSE,FALSE,FALSE
514,"                                                                                                    1mm    1mm    1mm    1mm",FALSE,FALSE,FALSE,FALSE,FALSE,FALSE,FALSE
515,"",FALSE,FALSE,FALSE,FALSE,FALSE,FALSE,FALSE
516,"                                                                                          Gannomat",FALSE,FALSE,FALSE,FALSE,FALSE,FALSE,FALSE
517," 3               Plint_A            Massief_PM018x18PD      861.667     18        18       Massief",TRUE,TRUE,FALSE,FALSE,FALSE,FALSE,FALSE
518,"",FALSE,FALSE,FALSE,FALSE,FALSE,FALSE,FALSE
519,"                                                                                          Gannomat",FALSE,FALSE,FALSE,FALSE,FALSE,FALSE,FALSE
520," 4            Plint_kort_A          Massief_PM018x18PD      423.667     18        18       Massief",TRUE,TRUE,FALSE,FALSE,FALSE,FALSE,FALSE
521,"",FALSE,FALSE,FALSE,FALSE,FALSE,FALSE,FALSE
522,"0411_MO07199_Hoekdressing - opklapbed (4-7)                                                                                                                       Page 8 of 21",FALSE,FALSE,FALSE,FALSE,FALSE,FALSE,FALSE
523,"                                                                                         Gannomat",FALSE,FALSE,FALSE,FALSE,FALSE,FALSE,FALSE
524," 5            Plint_kort_V          Massief_PM018x18PD      427.667     18       18       Massief                                         Rechts 4mm overmaat",TRUE,TRUE,FALSE,FALSE,FALSE,FALSE,FALSE
525,"",FALSE,FALSE,FALSE,FALSE,FALSE,FALSE,FALSE
526,"                                                                                         Gannomat",FALSE,FALSE,FALSE,FALSE,FALSE,FALSE,FALSE
527," 6               Plint_V            Massief_PM018x18PD      860.667     18       18       Massief",TRUE,TRUE,FALSE,FALSE,FALSE,FALSE,FALSE
528,"                                                                                                      Fineer   Fineer   Fineer   Fineer",FALSE,FALSE,FALSE,FALSE,FALSE,FALSE,FALSE
529," 7               DR_L03             MDF 19mm AFQMxB          2596     431.667    19      Standaard eik         eik      eik      eik",TRUE,FALSE,FALSE,FALSE,FALSE,FALSE,FALSE
530,"                                                                                                      1mm      1mm      1mm      1mm",FALSE,FALSE,FALSE,FALSE,FALSE,FALSE,FALSE
531,"                                                                                                      Fineer   Fineer   Fineer   Fineer",FALSE,FALSE,FALSE,FALSE,FALSE,FALSE,FALSE
532," 8               DR_R04             MDF 19mm AFQMxB          2596     382.667    19      Standaard eik         eik      eik      eik",TRUE,FALSE,FALSE,FALSE,FALSE,FALSE,FALSE
533,"                                                                                                      1mm      1mm      1mm      1mm",FALSE,FALSE,FALSE,FALSE,FALSE,FALSE,FALSE
534,"                                                                                                               Fineer",FALSE,FALSE,FALSE,FALSE,FALSE,FALSE,FALSE
535,"                                                                                         Standaard",FALSE,FALSE,FALSE,FALSE,FALSE,FALSE,FALSE
536," 9                BC_01               MDF 31mm BxB          424.667    466       31         Dik",TRUE,FALSE,FALSE,FALSE,FALSE,FALSE,FALSE
537,"                                                                                                               eik",FALSE,FALSE,FALSE,FALSE,FALSE,FALSE,FALSE
538,"                                                                                                               1mm",FALSE,FALSE,FALSE,FALSE,FALSE,FALSE,FALSE
539,"",FALSE,FALSE,FALSE,FALSE,FALSE,FALSE,FALSE
540,"                                                                                         Standaard Fineer Fineer",FALSE,FALSE,FALSE,FALSE,FALSE,FALSE,FALSE
541," 10               BC_02               MDF 31mm BxB          861.667    599       31         Dik",TRUE,FALSE,FALSE,FALSE,FALSE,FALSE,FALSE
542,"                                                                                                   eik    eik",FALSE,FALSE,FALSE,FALSE,FALSE,FALSE,FALSE
543,"                                                                                                   1mm    1mm",FALSE,FALSE,FALSE,FALSE,FALSE,FALSE,FALSE
544,"                                                                                                               Fineer   Fineer",FALSE,FALSE,FALSE,FALSE,FALSE,FALSE,FALSE
545,"                                                                                         Standaard",FALSE,FALSE,FALSE,FALSE,FALSE,FALSE,FALSE
546," 11               OC_01               MDF 31mm BxB          424.667    466       31         Dik",TRUE,FALSE,FALSE,FALSE,FALSE,FALSE,FALSE
547,"                                                                                                               eik      eik               Plint R 4mm oversteek",FALSE,FALSE,FALSE,FALSE,FALSE,FALSE,FALSE
548,"                                                                                                               1mm      1mm",FALSE,FALSE,FALSE,FALSE,FALSE,FALSE,FALSE
549,"",FALSE,FALSE,FALSE,FALSE,FALSE,FALSE,FALSE
550,"                                                                                         Standaard Fineer Fineer",FALSE,FALSE,FALSE,FALSE,FALSE,FALSE,FALSE
551," 12               OC_02               MDF 31mm BxB          861.667    579       31         Dik",TRUE,FALSE,FALSE,FALSE,FALSE,FALSE,FALSE
552,"                                                                                                   eik    eik",FALSE,FALSE,FALSE,FALSE,FALSE,FALSE,FALSE
553,"                                                                                                   1mm    1mm",FALSE,FALSE,FALSE,FALSE,FALSE,FALSE,FALSE
554,"                                                                                                               Fineer   Fineer",FALSE,FALSE,FALSE,FALSE,FALSE,FALSE,FALSE
555,"                                                                                         Standaard",FALSE,FALSE,FALSE,FALSE,FALSE,FALSE,FALSE
556," 13                VL06               MDF 31mm BxB          424.667    466       31         Dik",TRUE,FALSE,FALSE,FALSE,FALSE,FALSE,FALSE
557,"                                                                                                               eik      eik",FALSE,FALSE,FALSE,FALSE,FALSE,FALSE,FALSE
558,"                                                                                                               1mm      1mm",FALSE,FALSE,FALSE,FALSE,FALSE,FALSE,FALSE
559,"",FALSE,FALSE,FALSE,FALSE,FALSE,FALSE,FALSE
560,"                                                                                         Standaard Fineer",FALSE,FALSE,FALSE,FALSE,FALSE,FALSE,FALSE
561," 14                VL07               MDF 31mm BxB          861.667    566       31         Dik",TRUE,FALSE,FALSE,FALSE,FALSE,FALSE,FALSE
562,"                                                                                                   eik",FALSE,FALSE,FALSE,FALSE,FALSE,FALSE,FALSE
563,"                                                                                                   1mm",FALSE,FALSE,FALSE,FALSE,FALSE,FALSE,FALSE
564,"                                                                                                               Fineer   Fineer",FALSE,FALSE,FALSE,FALSE,FALSE,FALSE,FALSE
565,"                                                                                         Standaard",FALSE,FALSE,FALSE,FALSE,FALSE,FALSE,FALSE
566," 15                VL08               MDF 31mm BxB          424.667    466       31         Dik",TRUE,FALSE,FALSE,FALSE,FALSE,FALSE,FALSE
567,"                                                                                                               eik      eik",FALSE,FALSE,FALSE,FALSE,FALSE,FALSE,FALSE
568,"                                                                                                               1mm      1mm",FALSE,FALSE,FALSE,FALSE,FALSE,FALSE,FALSE
569,"",FALSE,FALSE,FALSE,FALSE,FALSE,FALSE,FALSE
570,"                                                                                         Standaard Fineer",FALSE,FALSE,FALSE,FALSE,FALSE,FALSE,FALSE
571," 16                VL09               MDF 31mm BxB          861.667    566       31         Dik",TRUE,FALSE,FALSE,FALSE,FALSE,FALSE,FALSE
572,"                                                                                                   eik",FALSE,FALSE,FALSE,FALSE,FALSE,FALSE,FALSE
573,"                                                                                                   1mm",FALSE,FALSE,FALSE,FALSE,FALSE,FALSE,FALSE
574,"",FALSE,FALSE,FALSE,FALSE,FALSE,FALSE,FALSE
575,"                                                                                        Reichenbach",FALSE,FALSE,FALSE,FALSE,FALSE,FALSE,FALSE
576," 17                 RG                 MDF 5mm BxB           2512     875.667    5           er",TRUE,FALSE,FALSE,FALSE,FALSE,FALSE,FALSE
577,"",FALSE,FALSE,FALSE,FALSE,FALSE,FALSE,FALSE
578,"                                                                                                                                                                  Aantal onderdelen: 17",FALSE,FALSE,TRUE,FALSE,FALSE,FALSE,FALSE
579,"",FALSE,FALSE,FALSE,FALSE,FALSE,FALSE,FALSE
580,"                                              Commentaar:",FALSE,FALSE,FALSE,FALSE,FALSE,FALSE,FALSE
581,"MW_03",FALSE,FALSE,FALSE,FALSE,FALSE,FALSE,FALSE
582,"Br:762,333, D: 600, H: 2576",FALSE,FALSE,FALSE,FALSE,FALSE,FALSE,FALSE
583,"",FALSE,FALSE,FALSE,FALSE,FALSE,FALSE,FALSE
584," N°             Onderdeel                Materiaal          Lengte    Breedte   Dikte   Pro.methode     L1       L2       B1       B2        commentaar",FALSE,FALSE,FALSE,FALSE,FALSE,FALSE,FALSE
585,"                                                                                         Standaard Fineer Fineer Fineer Fineer",FALSE,FALSE,FALSE,FALSE,FALSE,FALSE,FALSE
586," 1                LZ_03                HSP 23mm BxB          2571      600       23         Dik",TRUE,FALSE,FALSE,FALSE,FALSE,FALSE,FALSE
587,"                                                                                                   eik    eik    eik    eik",FALSE,FALSE,FALSE,FALSE,FALSE,FALSE,FALSE
588,"                                                                                                   1mm    1mm    1mm    1mm",FALSE,FALSE,FALSE,FALSE,FALSE,FALSE,FALSE
589,"",FALSE,FALSE,FALSE,FALSE,FALSE,FALSE,FALSE
590,"                                                                                         Standaard Fineer Fineer Fineer Fineer",FALSE,FALSE,FALSE,FALSE,FALSE,FALSE,FALSE
591," 2                RZ_04                HSP 23mm BxB          2571      600       23         Dik",TRUE,FALSE,FALSE,FALSE,FALSE,FALSE,FALSE
592,"                                                                                                   eik    eik    eik    eik",FALSE,FALSE,FALSE,FALSE,FALSE,FALSE,FALSE
593,"                                                                                                   1mm    1mm    1mm    1mm",FALSE,FALSE,FALSE,FALSE,FALSE,FALSE,FALSE
594,"",FALSE,FALSE,FALSE,FALSE,FALSE,FALSE,FALSE
595,"                                                                                         Gannomat",FALSE,FALSE,FALSE,FALSE,FALSE,FALSE,FALSE
596," 3               Plint_A            Massief_PM018x18PD      739.333     18       18       Massief",TRUE,TRUE,FALSE,FALSE,FALSE,FALSE,FALSE
597,"",FALSE,FALSE,FALSE,FALSE,FALSE,FALSE,FALSE
598,"                                                                                         Gannomat",FALSE,FALSE,FALSE,FALSE,FALSE,FALSE,FALSE
599," 4               Plint_V            Massief_PM018x18PD      739.333     18       18       Massief",TRUE,TRUE,FALSE,FALSE,FALSE,FALSE,FALSE
600,"                                                                                                      Fineer   Fineer   Fineer   Fineer",FALSE,FALSE,FALSE,FALSE,FALSE,FALSE,FALSE
601," 5               AFWZ_R             MDF 19mm AFQMxB          2636      635       19      Standaard eik         eik      eik      eik      L+B=30mm overmaat",TRUE,FALSE,FALSE,TRUE,FALSE,FALSE,FALSE
602,"                                                                                                      1mm      1mm      1mm      1mm",FALSE,FALSE,FALSE,FALSE,FALSE,FALSE,FALSE
603,"                                                                                                      Fineer   Fineer   Fineer   Fineer",FALSE,FALSE,FALSE,FALSE,FALSE,FALSE,FALSE
604," 6               DR_L05             MDF 19mm AFQMxB          2596     382.666    19      Standaard eik         eik      eik      eik",TRUE,FALSE,FALSE,FALSE,FALSE,FALSE,FALSE
605,"                                                                                                      1mm      1mm      1mm      1mm",FALSE,FALSE,FALSE,FALSE,FALSE,FALSE,FALSE
606,"",FALSE,FALSE,FALSE,FALSE,FALSE,FALSE,FALSE
607,"",FALSE,FALSE,FALSE,FALSE,FALSE,FALSE,FALSE
608,"0411_MO07199_Hoekdressing - opklapbed (4-7)                                                                                                                                 Page 9 of 21",FALSE,FALSE,FALSE,FALSE,FALSE,FALSE,FALSE
609,"                                                                                                      Fineer   Fineer   Fineer   Fineer",FALSE,FALSE,FALSE,FALSE,FALSE,FALSE,FALSE
610," 7               DR_R06             MDF 19mm AFQMxB          2596     382.666    19      Standaard eik         eik      eik      eik",TRUE,FALSE,FALSE,FALSE,FALSE,FALSE,FALSE
611,"                                                                                                      1mm      1mm      1mm      1mm",FALSE,FALSE,FALSE,FALSE,FALSE,FALSE,FALSE
612,"",FALSE,FALSE,FALSE,FALSE,FALSE,FALSE,FALSE
613,"                                                                                         Standaard Fineer Fineer",FALSE,FALSE,FALSE,FALSE,FALSE,FALSE,FALSE
614," 8                  BC                MDF 31mm BxB          739.333    599       31         Dik",TRUE,FALSE,FALSE,FALSE,FALSE,FALSE,FALSE
615,"                                                                                                   eik    eik",FALSE,FALSE,FALSE,FALSE,FALSE,FALSE,FALSE
616,"                                                                                                   1mm    1mm",FALSE,FALSE,FALSE,FALSE,FALSE,FALSE,FALSE
617,"",FALSE,FALSE,FALSE,FALSE,FALSE,FALSE,FALSE
618,"                                                                                         Standaard Fineer Fineer",FALSE,FALSE,FALSE,FALSE,FALSE,FALSE,FALSE
619," 9                  OC                MDF 31mm BxB          739.333    579       31         Dik",TRUE,FALSE,FALSE,FALSE,FALSE,FALSE,FALSE
620,"                                                                                                   eik    eik",FALSE,FALSE,FALSE,FALSE,FALSE,FALSE,FALSE
621,"                                                                                                   1mm    1mm",FALSE,FALSE,FALSE,FALSE,FALSE,FALSE,FALSE
622,"",FALSE,FALSE,FALSE,FALSE,FALSE,FALSE,FALSE
623,"                                                                                         Standaard Fineer Fineer",FALSE,FALSE,FALSE,FALSE,FALSE,FALSE,FALSE
624," 10                VL10               MDF 31mm BxB          739.333    566       31         Dik",TRUE,FALSE,FALSE,FALSE,FALSE,FALSE,FALSE
625,"                                                                                                   eik    eik",FALSE,FALSE,FALSE,FALSE,FALSE,FALSE,FALSE
626,"                                                                                                   1mm    1mm",FALSE,FALSE,FALSE,FALSE,FALSE,FALSE,FALSE
627,"",FALSE,FALSE,FALSE,FALSE,FALSE,FALSE,FALSE
628,"                                                                                         Standaard Fineer Fineer",FALSE,FALSE,FALSE,FALSE,FALSE,FALSE,FALSE
629," 11                VL11               MDF 31mm BxB          739.333    566       31         Dik",TRUE,FALSE,FALSE,FALSE,FALSE,FALSE,FALSE
630,"                                                                                                   eik    eik",FALSE,FALSE,FALSE,FALSE,FALSE,FALSE,FALSE
631,"                                                                                                   1mm    1mm",FALSE,FALSE,FALSE,FALSE,FALSE,FALSE,FALSE
632,"",FALSE,FALSE,FALSE,FALSE,FALSE,FALSE,FALSE
633,"                                                                                        Reichenbach",FALSE,FALSE,FALSE,FALSE,FALSE,FALSE,FALSE
634," 12                 RG                 MDF 5mm BxB           2512     753.333    5           er",TRUE,FALSE,FALSE,FALSE,FALSE,FALSE,FALSE
635,"",FALSE,FALSE,FALSE,FALSE,FALSE,FALSE,FALSE
636,"                                                                                                                                                       Aantal onderdelen: 12",FALSE,FALSE,TRUE,FALSE,FALSE,FALSE,FALSE
637,"",FALSE,FALSE,FALSE,FALSE,FALSE,FALSE,FALSE
638,"                                              Commentaar:",FALSE,FALSE,FALSE,FALSE,FALSE,FALSE,FALSE
639,"MW_04",FALSE,FALSE,FALSE,FALSE,FALSE,FALSE,FALSE
640,"Br:837,333, D: 28, H: 2496",FALSE,FALSE,FALSE,FALSE,FALSE,FALSE,FALSE
641,"",FALSE,FALSE,FALSE,FALSE,FALSE,FALSE,FALSE
642," N°             Onderdeel                Materiaal          Lengte    Breedte   Dikte   Pro.methode     L1       L2       B1       B2     commentaar",FALSE,FALSE,FALSE,FALSE,FALSE,FALSE,FALSE
643,"                                                                                        Reichenbach",FALSE,FALSE,FALSE,FALSE,FALSE,FALSE,FALSE
644," 1                Ruglat            MDF 19-18mm Uitval      837.333    100       19          er",TRUE,FALSE,FALSE,FALSE,FALSE,FALSE,FALSE
645,"",FALSE,FALSE,FALSE,FALSE,FALSE,FALSE,FALSE
646,"                                                                                                                                                        Aantal onderdelen: 1",FALSE,FALSE,TRUE,FALSE,FALSE,FALSE,FALSE
647,"",FALSE,FALSE,FALSE,FALSE,FALSE,FALSE,FALSE
648,"                                              Commentaar:",FALSE,FALSE,FALSE,FALSE,FALSE,FALSE,FALSE
649,"MW_05",FALSE,FALSE,FALSE,FALSE,FALSE,FALSE,FALSE
650,"Br:861,667, D: 28, H: 2496",FALSE,FALSE,FALSE,FALSE,FALSE,FALSE,FALSE
651,"",FALSE,FALSE,FALSE,FALSE,FALSE,FALSE,FALSE
652," N°             Onderdeel                Materiaal          Lengte    Breedte   Dikte   Pro.methode     L1       L2       B1       B2     commentaar",FALSE,FALSE,FALSE,FALSE,FALSE,FALSE,FALSE
653,"                                                                                        Reichenbach",FALSE,FALSE,FALSE,FALSE,FALSE,FALSE,FALSE
654," 1                Ruglat            MDF 19-18mm Uitval      861.667    100       19          er",TRUE,FALSE,FALSE,FALSE,FALSE,FALSE,FALSE
655,"",FALSE,FALSE,FALSE,FALSE,FALSE,FALSE,FALSE
656,"                                                                                                                                                        Aantal onderdelen: 1",FALSE,FALSE,TRUE,FALSE,FALSE,FALSE,FALSE
657,"",FALSE,FALSE,FALSE,FALSE,FALSE,FALSE,FALSE
658,"                                              Commentaar:",FALSE,FALSE,FALSE,FALSE,FALSE,FALSE,FALSE
659,"MW_06",FALSE,FALSE,FALSE,FALSE,FALSE,FALSE,FALSE
660,"Br:739,333, D: 28, H: 2496",FALSE,FALSE,FALSE,FALSE,FALSE,FALSE,FALSE
661,"",FALSE,FALSE,FALSE,FALSE,FALSE,FALSE,FALSE
662," N°             Onderdeel                Materiaal          Lengte    Breedte   Dikte   Pro.methode     L1       L2       B1       B2     commentaar",FALSE,FALSE,FALSE,FALSE,FALSE,FALSE,FALSE
663,"                                                                                        Reichenbach",FALSE,FALSE,FALSE,FALSE,FALSE,FALSE,FALSE
664," 1                Ruglat            MDF 19-18mm Uitval      739.333    100       19          er",TRUE,FALSE,FALSE,FALSE,FALSE,FALSE,FALSE
665,"",FALSE,FALSE,FALSE,FALSE,FALSE,FALSE,FALSE
666,"                                                                                                                                                        Aantal onderdelen: 1",FALSE,FALSE,TRUE,FALSE,FALSE,FALSE,FALSE
667,"",FALSE,FALSE,FALSE,FALSE,FALSE,FALSE,FALSE
668,"",FALSE,FALSE,FALSE,FALSE,FALSE,FALSE,FALSE
669,"",FALSE,FALSE,FALSE,FALSE,FALSE,FALSE,FALSE
670,"",FALSE,FALSE,FALSE,FALSE,FALSE,FALSE,FALSE
671,"0411_MO07199_Hoekdressing - opklapbed (4-7)                                                                                                                    Page 10 of 21",FALSE,FALSE,FALSE,FALSE,FALSE,FALSE,FALSE
672,"                                              Commentaar:",FALSE,FALSE,FALSE,FALSE,FALSE,FALSE,FALSE
673,"Opklapbed_90",FALSE,FALSE,FALSE,FALSE,FALSE,FALSE,FALSE
674,"Br:1058, D: 420, H: 2186",FALSE,FALSE,FALSE,FALSE,FALSE,FALSE,FALSE
675,"",FALSE,FALSE,FALSE,FALSE,FALSE,FALSE,FALSE
676," N°             Onderdeel                Materiaal          Lengte   Breedte   Dikte   Pro.methode    L1     L2       B1       B2              commentaar",FALSE,FALSE,FALSE,FALSE,FALSE,FALSE,FALSE
677,"",FALSE,FALSE,FALSE,FALSE,FALSE,FALSE,FALSE
678," 1         Infreesgreep FOLD           Dummy 10mm            90       200       10     Te bestellen                                   174x46mm, ZWART (VIE0542-128-ZW)",TRUE,FALSE,FALSE,TRUE,FALSE,FALSE,TRUE
679,"",FALSE,FALSE,FALSE,FALSE,FALSE,FALSE,FALSE
680," Magneetsluiting",FALSE,FALSE,FALSE,FALSE,FALSE,FALSE,FALSE
681," 2               A45 voor opklapbed Dummy 10mm               200       90       10     Te bestellen",TRUE,FALSE,FALSE,FALSE,FALSE,FALSE,TRUE
682,"",FALSE,FALSE,FALSE,FALSE,FALSE,FALSE,FALSE
683,"",FALSE,FALSE,FALSE,FALSE,FALSE,FALSE,FALSE
684," 3        Opklapsysteem bed            Dummy 10mm            90       200       10     Te bestellen                                                90x200",TRUE,FALSE,FALSE,FALSE,FALSE,FALSE,TRUE
685,"",FALSE,FALSE,FALSE,FALSE,FALSE,FALSE,FALSE
686,"                                                                                        Gannomat",FALSE,FALSE,FALSE,FALSE,FALSE,FALSE,FALSE
687," 4                Plint_A           Massief_PM018x18PD       996       18       18       Massief",TRUE,TRUE,FALSE,FALSE,FALSE,FALSE,FALSE
688,"",FALSE,FALSE,FALSE,FALSE,FALSE,FALSE,FALSE
689,"                                                                                        Gannomat",FALSE,FALSE,FALSE,FALSE,FALSE,FALSE,FALSE
690," 5                Plint_V           Massief_PM018x18PD       996       18       18       Massief",TRUE,TRUE,FALSE,FALSE,FALSE,FALSE,FALSE
691,"",FALSE,FALSE,FALSE,FALSE,FALSE,FALSE,FALSE
692," 6                  RG              MDF 19mm AFQMxB         2118     1007.7     19      Standaard",TRUE,FALSE,FALSE,FALSE,FALSE,FALSE,FALSE
693,"",FALSE,FALSE,FALSE,FALSE,FALSE,FALSE,FALSE
694,"                                                                                        Standaard Fineer Fineer Fineer Fineer",FALSE,FALSE,FALSE,FALSE,FALSE,FALSE,FALSE
695," 7                 Front            MDF 23mm AFQMxB         2086      970       23         Dik",TRUE,FALSE,FALSE,FALSE,FALSE,FALSE,FALSE
696,"                                                                                                  eik    eik    eik    eik",FALSE,FALSE,FALSE,FALSE,FALSE,FALSE,FALSE
697,"                                                                                                  1mm    1mm    1mm    1mm",FALSE,FALSE,FALSE,FALSE,FALSE,FALSE,FALSE
698,"",FALSE,FALSE,FALSE,FALSE,FALSE,FALSE,FALSE
699,"                                                                                        Standaard Fineer Fineer",FALSE,FALSE,FALSE,FALSE,FALSE,FALSE,FALSE
700," 8                  BC                MDF 31mm BxB           996      420       31         Dik",TRUE,FALSE,FALSE,FALSE,FALSE,FALSE,FALSE
701,"                                                                                                  eik    eik",FALSE,FALSE,FALSE,FALSE,FALSE,FALSE,FALSE
702,"                                                                                                  1mm    1mm",FALSE,FALSE,FALSE,FALSE,FALSE,FALSE,FALSE
703,"",FALSE,FALSE,FALSE,FALSE,FALSE,FALSE,FALSE
704,"                                                                                        Standaard Fineer Fineer Fineer Fineer",FALSE,FALSE,FALSE,FALSE,FALSE,FALSE,FALSE
705," 9                  LZ                MDF 31mm BxB          2181      420       31         Dik",TRUE,FALSE,FALSE,FALSE,FALSE,FALSE,FALSE
706,"                                                                                                  eik    eik    eik    eik",FALSE,FALSE,FALSE,FALSE,FALSE,FALSE,FALSE
707,"                                                                                                  1mm    1mm    1mm    1mm",FALSE,FALSE,FALSE,FALSE,FALSE,FALSE,FALSE
708,"",FALSE,FALSE,FALSE,FALSE,FALSE,FALSE,FALSE
709,"                                                                                       Reichenbach Fineer Fineer",FALSE,FALSE,FALSE,FALSE,FALSE,FALSE,FALSE
710," 10                 OC                MDF 31mm BxB           996      400       31          er",TRUE,FALSE,FALSE,FALSE,FALSE,FALSE,FALSE
711,"                                                                                                   eik    eik",FALSE,FALSE,FALSE,FALSE,FALSE,FALSE,FALSE
712,"                                                                                                   1mm    1mm",FALSE,FALSE,FALSE,FALSE,FALSE,FALSE,FALSE
713,"",FALSE,FALSE,FALSE,FALSE,FALSE,FALSE,FALSE
714,"                                                                                        Standaard Fineer Fineer Fineer Fineer",FALSE,FALSE,FALSE,FALSE,FALSE,FALSE,FALSE
715," 11                 RZ                MDF 31mm BxB          2181      420       31         Dik",TRUE,FALSE,FALSE,FALSE,FALSE,FALSE,FALSE
716,"                                                                                                  eik    eik    eik    eik",FALSE,FALSE,FALSE,FALSE,FALSE,FALSE,FALSE
717,"                                                                                                  1mm    1mm    1mm    1mm",FALSE,FALSE,FALSE,FALSE,FALSE,FALSE,FALSE
718,"",FALSE,FALSE,FALSE,FALSE,FALSE,FALSE,FALSE
719,"                                                                                                                                                                     Aantal onderdelen: 11",FALSE,FALSE,TRUE,FALSE,FALSE,FALSE,FALSE
720,"",FALSE,FALSE,FALSE,FALSE,FALSE,FALSE,FALSE
721,"                                              Commentaar:",FALSE,FALSE,FALSE,FALSE,FALSE,FALSE,FALSE
722,"Paslat_01",FALSE,FALSE,FALSE,FALSE,FALSE,FALSE,FALSE
723,"Br:180, D: 600, H: 2780",FALSE,FALSE,FALSE,FALSE,FALSE,FALSE,FALSE
724,"",FALSE,FALSE,FALSE,FALSE,FALSE,FALSE,FALSE
725," N°             Onderdeel                Materiaal          Lengte   Breedte   Dikte   Pro.methode    L1     L2       B1       B2              commentaar",FALSE,FALSE,FALSE,FALSE,FALSE,FALSE,FALSE
726,"                                                                                                  Fineer   Fineer   Fineer   Fineer",FALSE,FALSE,FALSE,FALSE,FALSE,FALSE,FALSE
727," 1                Paslat            MDF 19mm AFQMxB         2770      200       19      Standaard eik      eik      eik      eik",TRUE,FALSE,FALSE,FALSE,FALSE,FALSE,FALSE
728,"                                                                                                  1mm      1mm      1mm      1mm",FALSE,FALSE,FALSE,FALSE,FALSE,FALSE,FALSE
729,"",FALSE,FALSE,FALSE,FALSE,FALSE,FALSE,FALSE
730,"                                                                                                                                                                         Aantal onderdelen: 1",FALSE,FALSE,TRUE,FALSE,FALSE,FALSE,FALSE
731,"",FALSE,FALSE,FALSE,FALSE,FALSE,FALSE,FALSE
732,"                                              Commentaar:",FALSE,FALSE,FALSE,FALSE,FALSE,FALSE,FALSE
733,"Paslat_02",FALSE,FALSE,FALSE,FALSE,FALSE,FALSE,FALSE
734,"Br:200, D: 600, H: 2780",FALSE,FALSE,FALSE,FALSE,FALSE,FALSE,FALSE
735,"                                              23mm dik",FALSE,FALSE,FALSE,FALSE,FALSE,FALSE,FALSE
736,"",FALSE,FALSE,FALSE,FALSE,FALSE,FALSE,FALSE
737," N°             Onderdeel                Materiaal          Lengte   Breedte   Dikte   Pro.methode    L1     L2       B1       B2              commentaar",FALSE,FALSE,FALSE,FALSE,FALSE,FALSE,FALSE
738,"",FALSE,FALSE,FALSE,FALSE,FALSE,FALSE,FALSE
739,"",FALSE,FALSE,FALSE,FALSE,FALSE,FALSE,FALSE
740,"",FALSE,FALSE,FALSE,FALSE,FALSE,FALSE,FALSE
741,"",FALSE,FALSE,FALSE,FALSE,FALSE,FALSE,FALSE
742,"0411_MO07199_Hoekdressing - opklapbed (4-7)                                                                                                                                     Page 11 of 21",FALSE,FALSE,FALSE,FALSE,FALSE,FALSE,FALSE
743,"                                                                                       Reichenbach Fineer Fineer Fineer Fineer",FALSE,FALSE,FALSE,FALSE,FALSE,FALSE,FALSE
744," 1              Paslat_Dik          MDF 23mm AFQMxB         2770      220       23          er",TRUE,FALSE,FALSE,FALSE,FALSE,FALSE,FALSE
745,"                                                                                                   eik    eik    eik    eik",FALSE,FALSE,FALSE,FALSE,FALSE,FALSE,FALSE
746,"                                                                                                   1mm    1mm    1mm    1mm",FALSE,FALSE,FALSE,FALSE,FALSE,FALSE,FALSE
747,"",FALSE,FALSE,FALSE,FALSE,FALSE,FALSE,FALSE
748,"                                                                                                                                                           Aantal onderdelen: 1",FALSE,FALSE,TRUE,FALSE,FALSE,FALSE,FALSE
749,"",FALSE,FALSE,FALSE,FALSE,FALSE,FALSE,FALSE
750,"                                              Commentaar:",FALSE,FALSE,FALSE,FALSE,FALSE,FALSE,FALSE
751,"Verlichtingset_Dupont01",FALSE,FALSE,FALSE,FALSE,FALSE,FALSE,FALSE
752,"Br:1000, D: 300, H: 3",FALSE,FALSE,FALSE,FALSE,FALSE,FALSE,FALSE
753,"",FALSE,FALSE,FALSE,FALSE,FALSE,FALSE,FALSE
754," N°             Onderdeel                Materiaal          Lengte   Breedte   Dikte   Pro.methode    L1    L2     B1      B2        commentaar",FALSE,FALSE,FALSE,FALSE,FALSE,FALSE,FALSE
755,"",FALSE,FALSE,FALSE,FALSE,FALSE,FALSE,FALSE
756," 1                 Led_                Dummy 02mm           1000      300       2      Te bestellen                                  (niet ingeven)",TRUE,FALSE,FALSE,FALSE,FALSE,FALSE,TRUE
757,"",FALSE,FALSE,FALSE,FALSE,FALSE,FALSE,FALSE
758," 2       LED_SNOER standaard           Dummy 03mm           3000       3        3      Te bestellen",TRUE,FALSE,FALSE,FALSE,FALSE,FALSE,TRUE
759,"",FALSE,FALSE,FALSE,FALSE,FALSE,FALSE,FALSE
760,"",FALSE,FALSE,FALSE,FALSE,FALSE,FALSE,FALSE
761," 3       LED_SNOER standaard           Dummy 03mm           3000       3        3      Te bestellen",TRUE,FALSE,FALSE,FALSE,FALSE,FALSE,TRUE
762,"",FALSE,FALSE,FALSE,FALSE,FALSE,FALSE,FALSE
763,"",FALSE,FALSE,FALSE,FALSE,FALSE,FALSE,FALSE
764," 4       LED_SNOER standaard           Dummy 03mm           3000       3        3      Te bestellen",TRUE,FALSE,FALSE,FALSE,FALSE,FALSE,TRUE
765,"",FALSE,FALSE,FALSE,FALSE,FALSE,FALSE,FALSE
766,"",FALSE,FALSE,FALSE,FALSE,FALSE,FALSE,FALSE
767," 5       LED_SNOER standaard           Dummy 03mm           3000       3        3      Te bestellen",TRUE,FALSE,FALSE,FALSE,FALSE,FALSE,TRUE
768,"",FALSE,FALSE,FALSE,FALSE,FALSE,FALSE,FALSE
769,"",FALSE,FALSE,FALSE,FALSE,FALSE,FALSE,FALSE
770," 6       LED_SNOER standaard           Dummy 03mm           3000       3        3      Te bestellen",TRUE,FALSE,FALSE,FALSE,FALSE,FALSE,TRUE
771,"",FALSE,FALSE,FALSE,FALSE,FALSE,FALSE,FALSE
772,"",FALSE,FALSE,FALSE,FALSE,FALSE,FALSE,FALSE
773," 7       LED_SNOER standaard           Dummy 03mm           3000       3        3      Te bestellen",TRUE,FALSE,FALSE,FALSE,FALSE,FALSE,TRUE
774,"",FALSE,FALSE,FALSE,FALSE,FALSE,FALSE,FALSE
775,"",FALSE,FALSE,FALSE,FALSE,FALSE,FALSE,FALSE
776," 8       LED_SNOER standaard           Dummy 03mm           3000       3        3      Te bestellen",TRUE,FALSE,FALSE,FALSE,FALSE,FALSE,TRUE
777,"",FALSE,FALSE,FALSE,FALSE,FALSE,FALSE,FALSE
778,"",FALSE,FALSE,FALSE,FALSE,FALSE,FALSE,FALSE
779," 9           LED_Strip_4x09            Dummy 04mm            996       8        4      Te bestellen                              Lengte delen door 5000",TRUE,FALSE,FALSE,FALSE,FALSE,FALSE,TRUE
780,"",FALSE,FALSE,FALSE,FALSE,FALSE,FALSE,FALSE
781," 10           LED_Strip_4x8            Dummy 04mm           2571       8        4      Te bestellen                              Lengte delen door 5000",TRUE,FALSE,FALSE,FALSE,FALSE,FALSE,TRUE
782,"",FALSE,FALSE,FALSE,FALSE,FALSE,FALSE,FALSE
783," 11           LED_Strip_4x8            Dummy 04mm           2571       8        4      Te bestellen                              Lengte delen door 5000",TRUE,FALSE,FALSE,FALSE,FALSE,FALSE,TRUE
784,"",FALSE,FALSE,FALSE,FALSE,FALSE,FALSE,FALSE
785," 12           LED_Strip_4x8            Dummy 04mm           2571       8        4      Te bestellen                              Lengte delen door 5000",TRUE,FALSE,FALSE,FALSE,FALSE,FALSE,TRUE
786,"",FALSE,FALSE,FALSE,FALSE,FALSE,FALSE,FALSE
787," 13           LED_Strip_4x8            Dummy 04mm           2571       8        4      Te bestellen                              Lengte delen door 5000",TRUE,FALSE,FALSE,FALSE,FALSE,FALSE,TRUE
788,"",FALSE,FALSE,FALSE,FALSE,FALSE,FALSE,FALSE
789," 14           LED_Strip_4x8            Dummy 04mm           2571       8        4      Te bestellen                              Lengte delen door 5000",TRUE,FALSE,FALSE,FALSE,FALSE,FALSE,TRUE
790,"",FALSE,FALSE,FALSE,FALSE,FALSE,FALSE,FALSE
791," 15           LED_Strip_4x8            Dummy 04mm           2571       8        4      Te bestellen                              Lengte delen door 5000",TRUE,FALSE,FALSE,FALSE,FALSE,FALSE,TRUE
792,"",FALSE,FALSE,FALSE,FALSE,FALSE,FALSE,FALSE
793,"                                                                                                                                                          Aantal onderdelen: 15",FALSE,FALSE,TRUE,FALSE,FALSE,FALSE,FALSE
794,"",FALSE,FALSE,FALSE,FALSE,FALSE,FALSE,FALSE
795,"",FALSE,FALSE,FALSE,FALSE,FALSE,FALSE,FALSE
796,"",FALSE,FALSE,FALSE,FALSE,FALSE,FALSE,FALSE
797,"",FALSE,FALSE,FALSE,FALSE,FALSE,FALSE,FALSE
798,"0411_MO07199_Hoekdressing - opklapbed (4-7)                                                                                                                       Page 12 of 21",FALSE,FALSE,FALSE,FALSE,FALSE,FALSE,FALSE
799,"                                                                                                                                                 Magazijn",FALSE,TRUE,FALSE,FALSE,FALSE,TRUE,FALSE
800,"",FALSE,FALSE,FALSE,FALSE,FALSE,FALSE,FALSE
801,"                                                                                                                       MO07199",FALSE,FALSE,FALSE,FALSE,FALSE,FALSE,FALSE
802,"                                              Klant:",FALSE,FALSE,FALSE,FALSE,FALSE,FALSE,FALSE
803,"",FALSE,FALSE,FALSE,FALSE,FALSE,FALSE,FALSE
804,"                                              Rudi Matterne",FALSE,FALSE,FALSE,FALSE,FALSE,FALSE,FALSE
805,"                                              Tekenaar:",FALSE,FALSE,FALSE,FALSE,FALSE,FALSE,FALSE
806,"",FALSE,FALSE,FALSE,FALSE,FALSE,FALSE,FALSE
807,"                  S8                          JW",FALSE,FALSE,FALSE,FALSE,FALSE,FALSE,FALSE
808,"",FALSE,FALSE,FALSE,FALSE,FALSE,FALSE,FALSE
809,"                                                                                                                                                  S04479",FALSE,FALSE,FALSE,FALSE,FALSE,FALSE,FALSE
810,"                                              Project:",FALSE,FALSE,FALSE,FALSE,FALSE,FALSE,FALSE
811,"",FALSE,FALSE,FALSE,FALSE,FALSE,FALSE,FALSE
812,"                                              0411_MO07199_Hoekdressing - opklapbed (4-7)",FALSE,FALSE,FALSE,FALSE,FALSE,FALSE,FALSE
813,"",FALSE,FALSE,FALSE,FALSE,FALSE,FALSE,FALSE
814,"              Schuren",FALSE,FALSE,FALSE,FALSE,FALSE,FALSE,FALSE
815,"                                                                                                  Opus:",FALSE,FALSE,FALSE,FALSE,FALSE,FALSE,FALSE
816,"",FALSE,FALSE,FALSE,FALSE,FALSE,FALSE,FALSE
817,"                                                                                            Macro deursensors",FALSE,FALSE,FALSE,FALSE,FALSE,FALSE,FALSE
818,"",FALSE,FALSE,FALSE,FALSE,FALSE,FALSE,FALSE
819,"",FALSE,FALSE,FALSE,FALSE,FALSE,FALSE,FALSE
820,"",FALSE,FALSE,FALSE,FALSE,FALSE,FALSE,FALSE
821,"",FALSE,FALSE,FALSE,FALSE,FALSE,FALSE,FALSE
822," N°                           Beschrijving                      Aantal stuks                                       GB nummer",FALSE,FALSE,FALSE,FALSE,FALSE,FALSE,FALSE
823,"",FALSE,FALSE,FALSE,FALSE,FALSE,FALSE,FALSE
824,"  1                     3delig verbindingsbeslag                    10                       GB00030944 - GB00030945 - GB00030946 - GB00020711",TRUE,FALSE,FALSE,FALSE,FALSE,FALSE,FALSE
825,"",FALSE,FALSE,FALSE,FALSE,FALSE,FALSE,FALSE
826,"  2                        Afpunting Ø2,5x3                         33                                          Afpunting Ø2,5x3",TRUE,FALSE,FALSE,FALSE,FALSE,FALSE,FALSE
827,"",FALSE,FALSE,FALSE,FALSE,FALSE,FALSE,FALSE
828,"  3                           Drevel 8x35                           22                                            GB00022500",TRUE,FALSE,FALSE,FALSE,FALSE,FALSE,FALSE
829,"",FALSE,FALSE,FALSE,FALSE,FALSE,FALSE,FALSE
830,"  4                     Drevel 8x35_Doorboren                       6                                             GB00022500",TRUE,FALSE,FALSE,FALSE,FALSE,FALSE,FALSE
831,"",FALSE,FALSE,FALSE,FALSE,FALSE,FALSE,FALSE
832,"  5          Excentrisch verbindingsbeslag afstand 9,5mm            24                                    GB00030952, GB00030953",TRUE,FALSE,FALSE,FALSE,FALSE,FALSE,FALSE
833,"",FALSE,FALSE,FALSE,FALSE,FALSE,FALSE,FALSE
834,"  6     Excentrisch verbindingsbeslag afstand 9,5mm hoekkast        4                                     GB00030952, GB00030953",TRUE,FALSE,FALSE,FALSE,FALSE,FALSE,FALSE
835,"",FALSE,FALSE,FALSE,FALSE,FALSE,FALSE,FALSE
836,"  7    Excentrisch verbindingsbeslag afstand 9,5mm ondercorps       14                                    GB00030952, GB00030953",TRUE,FALSE,FALSE,FALSE,FALSE,FALSE,FALSE
837,"",FALSE,FALSE,FALSE,FALSE,FALSE,FALSE,FALSE
838,"  8   Excentrisch verbindingsbeslag afstand 9,5mm tussenschab       36                                    GB00030952, GB00030953",TRUE,FALSE,FALSE,FALSE,FALSE,FALSE,FALSE
839,"",FALSE,FALSE,FALSE,FALSE,FALSE,FALSE,FALSE
840,"  9                    LED_Deursensor_1d_nieuw                      2",TRUE,FALSE,FALSE,FALSE,FALSE,FALSE,FALSE
841,"",FALSE,FALSE,FALSE,FALSE,FALSE,FALSE,FALSE
842," 10                    LED_Deursensor_2d_nieuw                      2",TRUE,FALSE,FALSE,FALSE,FALSE,FALSE,FALSE
843,"",FALSE,FALSE,FALSE,FALSE,FALSE,FALSE,FALSE
844," 11                      LED_Dupont_Maatwerk                        1",TRUE,FALSE,FALSE,FALSE,FALSE,FALSE,FALSE
845,"",FALSE,FALSE,FALSE,FALSE,FALSE,FALSE,FALSE
846," 12                    LED_Dupont_Soldeerwerk                       7",TRUE,FALSE,FALSE,FALSE,FALSE,FALSE,FALSE
847,"",FALSE,FALSE,FALSE,FALSE,FALSE,FALSE,FALSE
848,"",FALSE,FALSE,FALSE,FALSE,FALSE,FALSE,FALSE
849,"0411_MO07199_Hoekdressing - opklapbed (4-7)                                                                                                         Page 13 of 21",FALSE,FALSE,FALSE,FALSE,FALSE,FALSE,FALSE
850," N°                           Beschrijving              Aantal stuks                       GB nummer",FALSE,FALSE,FALSE,FALSE,FALSE,FALSE,FALSE
851,"",FALSE,FALSE,FALSE,FALSE,FALSE,FALSE,FALSE
852," 13                   LED_Dupont_Transfo_200W               1",TRUE,FALSE,FALSE,FALSE,FALSE,FALSE,FALSE
853,"",FALSE,FALSE,FALSE,FALSE,FALSE,FALSE,FALSE
854," 14                       LED_Dupont_Wago-2                 10",TRUE,FALSE,FALSE,FALSE,FALSE,FALSE,FALSE
855,"",FALSE,FALSE,FALSE,FALSE,FALSE,FALSE,FALSE
856," 15                       LED_Dupont_Wago-3                 3",TRUE,FALSE,FALSE,FALSE,FALSE,FALSE,FALSE
857,"",FALSE,FALSE,FALSE,FALSE,FALSE,FALSE,FALSE
858," 16                       LED_Dupont_Wago-5                 4",TRUE,FALSE,FALSE,FALSE,FALSE,FALSE,FALSE
859,"",FALSE,FALSE,FALSE,FALSE,FALSE,FALSE,FALSE
860," 17                   LED_inbouw_Touchdimmer                1                             GL00030948",TRUE,FALSE,FALSE,FALSE,FALSE,FALSE,FALSE
861,"",FALSE,FALSE,FALSE,FALSE,FALSE,FALSE,FALSE
862," 18                     LED_Kabelgroef_zijkant              1",TRUE,FALSE,FALSE,FALSE,FALSE,FALSE,FALSE
863,"",FALSE,FALSE,FALSE,FALSE,FALSE,FALSE,FALSE
864," 19                      LED_verlichting_4x8_               7                             Led Dupont",TRUE,FALSE,FALSE,FALSE,FALSE,FALSE,FALSE
865,"",FALSE,FALSE,FALSE,FALSE,FALSE,FALSE,FALSE
866," 20                       Stanghouder ZWART                 8                       GB00031696 GB00031697",TRUE,FALSE,FALSE,FALSE,FALSE,FALSE,FALSE
867,"",FALSE,FALSE,FALSE,FALSE,FALSE,FALSE,FALSE
868," 21                        Stelvoet dressing                14                            GB00030951",TRUE,FALSE,FALSE,FALSE,FALSE,FALSE,FALSE
869,"",FALSE,FALSE,FALSE,FALSE,FALSE,FALSE,FALSE
870," 22                           V_groef_45°                   4",TRUE,FALSE,FALSE,FALSE,FALSE,FALSE,FALSE
871,"",FALSE,FALSE,FALSE,FALSE,FALSE,FALSE,FALSE
872," 23                          VAR_Boorgat_                   10",TRUE,FALSE,FALSE,FALSE,FALSE,FALSE,FALSE
873,"",FALSE,FALSE,FALSE,FALSE,FALSE,FALSE,FALSE
874," 24                      VAR_Rechthoekig_gat                2",TRUE,FALSE,FALSE,FALSE,FALSE,FALSE,FALSE
875,"",FALSE,FALSE,FALSE,FALSE,FALSE,FALSE,FALSE
876," 25                          VAR_Rond_gat                   3",TRUE,FALSE,FALSE,FALSE,FALSE,FALSE,FALSE
877,"",FALSE,FALSE,FALSE,FALSE,FALSE,FALSE,FALSE
878," 26                    Sensys 165° B3 - D0 zwart            10         GB00031699 - GB00031287 - GB00031281 - GB00031463",TRUE,FALSE,FALSE,FALSE,FALSE,FALSE,FALSE
879,"",FALSE,FALSE,FALSE,FALSE,FALSE,FALSE,FALSE
880," 27                        Sensys B12,5 - D0                13         GB00031278 - GB00031287 - GB00031281 - GB00031463",TRUE,FALSE,FALSE,FALSE,FALSE,FALSE,FALSE
881,"",FALSE,FALSE,FALSE,FALSE,FALSE,FALSE,FALSE
882," 28                       Sensys B3 - D0 Zwart              10         GB00031279 - GB00031287 - GB00031281 - GB00031463",TRUE,FALSE,FALSE,FALSE,FALSE,FALSE,FALSE
883,"",FALSE,FALSE,FALSE,FALSE,FALSE,FALSE,FALSE
884," 29              Inhangbeslag multiclip_zonder boring       24                GB00017932 (2x) en GB00022339 (4x)",TRUE,FALSE,FALSE,FALSE,FALSE,FALSE,FALSE
885,"",FALSE,FALSE,FALSE,FALSE,FALSE,FALSE,FALSE
886," 30                          Mof M6_12x12                   30                            GB00031261",TRUE,FALSE,FALSE,FALSE,FALSE,FALSE,FALSE
887,"",FALSE,FALSE,FALSE,FALSE,FALSE,FALSE,FALSE
888," 31                     Handgreep T55 320mm                 5                    GB00031273 - GB00022619 (2x)",TRUE,FALSE,FALSE,FALSE,FALSE,FALSE,FALSE
889,"",FALSE,FALSE,FALSE,FALSE,FALSE,FALSE,FALSE
890," 32                 Spiegel 1530x274x4 RP dressing          1                            GG00000010",TRUE,FALSE,FALSE,FALSE,FALSE,FALSE,FALSE
891,"",FALSE,FALSE,FALSE,FALSE,FALSE,FALSE,FALSE
892," 33                       Push 2 Open_inboor                1                              GB31726",TRUE,FALSE,FALSE,FALSE,FALSE,FALSE,FALSE
893,"",FALSE,FALSE,FALSE,FALSE,FALSE,FALSE,FALSE
894," 34              Achterwandschroef Ø4x35mm_WAND             18                            GB00031082",TRUE,FALSE,FALSE,FALSE,FALSE,FALSE,FALSE
895,"",FALSE,FALSE,FALSE,FALSE,FALSE,FALSE,FALSE
896,"",FALSE,FALSE,FALSE,FALSE,FALSE,FALSE,FALSE
897,"0411_MO07199_Hoekdressing - opklapbed (4-7)                                                                                Page 14 of 21",FALSE,FALSE,FALSE,FALSE,FALSE,FALSE,FALSE
898," N°                            Beschrijving                  Aantal stuks                               GB nummer",FALSE,FALSE,FALSE,FALSE,FALSE,FALSE,FALSE
899,"",FALSE,FALSE,FALSE,FALSE,FALSE,FALSE,FALSE
900," 35                       schroef Ø4x35mm_WAND                   4                                     GB00022340",TRUE,FALSE,FALSE,FALSE,FALSE,FALSE,FALSE
901,"",FALSE,FALSE,FALSE,FALSE,FALSE,FALSE,FALSE
902," 36                       schroef Ø4x45mm_PAR_                   4                                     GB00031063",TRUE,FALSE,FALSE,FALSE,FALSE,FALSE,FALSE
903,"",FALSE,FALSE,FALSE,FALSE,FALSE,FALSE,FALSE
904," 37                      Schroef_4x45_TB_Verz_PAR                16                                    GB00031063",TRUE,FALSE,FALSE,FALSE,FALSE,FALSE,FALSE
905,"",FALSE,FALSE,FALSE,FALSE,FALSE,FALSE,FALSE
906,"                                                                                                                                         Aantal onderdelen: 37",FALSE,FALSE,TRUE,FALSE,FALSE,FALSE,FALSE
907,"",FALSE,FALSE,FALSE,FALSE,FALSE,FALSE,FALSE
908,"",FALSE,FALSE,FALSE,FALSE,FALSE,FALSE,FALSE
909,"",FALSE,FALSE,FALSE,FALSE,FALSE,FALSE,FALSE
910,"",FALSE,FALSE,FALSE,FALSE,FALSE,FALSE,FALSE
911,"Project:",FALSE,FALSE,FALSE,FALSE,FALSE,FALSE,FALSE
912,"                                                                                                                             Te bestellen",FALSE,FALSE,FALSE,FALSE,FALSE,FALSE,TRUE
913,"             0411_MO07199_Hoekdressing - opklapbed (4-7)",FALSE,FALSE,FALSE,FALSE,FALSE,FALSE,FALSE
914," N°            Onderdeel            opmerking        Materiaal              Lengte   Breedte   Dikte                Opmerkingen",FALSE,FALSE,FALSE,FALSE,FALSE,FALSE,FALSE
915,"",FALSE,FALSE,FALSE,FALSE,FALSE,FALSE,FALSE
916,"  1               Led_                              Dummy 02mm               1000      300      2                   (niet ingeven)",TRUE,FALSE,FALSE,FALSE,FALSE,FALSE,FALSE
917,"",FALSE,FALSE,FALSE,FALSE,FALSE,FALSE,FALSE
918,"  2        LED_SNOER standaard                      Dummy 03mm               3000       3       3",TRUE,FALSE,FALSE,FALSE,FALSE,FALSE,FALSE
919,"",FALSE,FALSE,FALSE,FALSE,FALSE,FALSE,FALSE
920,"  3        LED_SNOER standaard                      Dummy 03mm               3000       3       3",TRUE,FALSE,FALSE,FALSE,FALSE,FALSE,FALSE
921,"",FALSE,FALSE,FALSE,FALSE,FALSE,FALSE,FALSE
922,"  4        LED_SNOER standaard                      Dummy 03mm               3000       3       3",TRUE,FALSE,FALSE,FALSE,FALSE,FALSE,FALSE
923,"",FALSE,FALSE,FALSE,FALSE,FALSE,FALSE,FALSE
924,"  5        LED_SNOER standaard                      Dummy 03mm               3000       3       3",TRUE,FALSE,FALSE,FALSE,FALSE,FALSE,FALSE
925,"",FALSE,FALSE,FALSE,FALSE,FALSE,FALSE,FALSE
926,"  6        LED_SNOER standaard                      Dummy 03mm               3000       3       3",TRUE,FALSE,FALSE,FALSE,FALSE,FALSE,FALSE
927,"",FALSE,FALSE,FALSE,FALSE,FALSE,FALSE,FALSE
928,"  7        LED_SNOER standaard                      Dummy 03mm               3000       3       3",TRUE,FALSE,FALSE,FALSE,FALSE,FALSE,FALSE
929,"",FALSE,FALSE,FALSE,FALSE,FALSE,FALSE,FALSE
930,"  8        LED_SNOER standaard                      Dummy 03mm               3000       3       3",TRUE,FALSE,FALSE,FALSE,FALSE,FALSE,FALSE
931,"",FALSE,FALSE,FALSE,FALSE,FALSE,FALSE,FALSE
932,"  9           LED_Strip_4x8                         Dummy 04mm               2571       8       4               Lengte delen door 5000",TRUE,FALSE,FALSE,FALSE,FALSE,FALSE,FALSE
933,"",FALSE,FALSE,FALSE,FALSE,FALSE,FALSE,FALSE
934," 10           LED_Strip_4x8                         Dummy 04mm               2571       8       4               Lengte delen door 5000",TRUE,FALSE,FALSE,FALSE,FALSE,FALSE,FALSE
935,"",FALSE,FALSE,FALSE,FALSE,FALSE,FALSE,FALSE
936," 11           LED_Strip_4x8                         Dummy 04mm               2571       8       4               Lengte delen door 5000",TRUE,FALSE,FALSE,FALSE,FALSE,FALSE,FALSE
937,"",FALSE,FALSE,FALSE,FALSE,FALSE,FALSE,FALSE
938," 12           LED_Strip_4x8                         Dummy 04mm               2571       8       4               Lengte delen door 5000",TRUE,FALSE,FALSE,FALSE,FALSE,FALSE,FALSE
939,"",FALSE,FALSE,FALSE,FALSE,FALSE,FALSE,FALSE
940," 13           LED_Strip_4x8                         Dummy 04mm               2571       8       4               Lengte delen door 5000",TRUE,FALSE,FALSE,FALSE,FALSE,FALSE,FALSE
941,"",FALSE,FALSE,FALSE,FALSE,FALSE,FALSE,FALSE
942," 14           LED_Strip_4x8                         Dummy 04mm               2571       8       4               Lengte delen door 5000",TRUE,FALSE,FALSE,FALSE,FALSE,FALSE,FALSE
943,"",FALSE,FALSE,FALSE,FALSE,FALSE,FALSE,FALSE
944," 15          LED_Strip_4x09                         Dummy 04mm               996        8       4               Lengte delen door 5000",TRUE,FALSE,FALSE,FALSE,FALSE,FALSE,FALSE
945,"",FALSE,FALSE,FALSE,FALSE,FALSE,FALSE,FALSE
946,"",FALSE,FALSE,FALSE,FALSE,FALSE,FALSE,FALSE
947,"0411_MO07199_Hoekdressing - opklapbed (4-7)                                                                                                      Page 15 of 21",FALSE,FALSE,FALSE,FALSE,FALSE,FALSE,FALSE
948," N°          Onderdeel             opmerking       Materiaal    Lengte    Breedte   Dikte             Opmerkingen",FALSE,FALSE,FALSE,FALSE,FALSE,FALSE,FALSE
949,"",FALSE,FALSE,FALSE,FALSE,FALSE,FALSE,FALSE
950," 16",FALSE,FALSE,FALSE,FALSE,FALSE,FALSE,FALSE
951," Opklapscharnieren duo lift FORTE                 Dummy 10mm     200        90       10                  1 set",FALSE,FALSE,FALSE,FALSE,FALSE,FALSE,FALSE
952,"",FALSE,FALSE,FALSE,FALSE,FALSE,FALSE,FALSE
953," 17      Opklapsysteem bed                        Dummy 10mm      90        200      10                  90x200",TRUE,FALSE,FALSE,FALSE,FALSE,FALSE,FALSE
954,"",FALSE,FALSE,FALSE,FALSE,FALSE,FALSE,FALSE
955," 18      Infreesgreep FOLD                        Dummy 10mm      90        200      10     174x46mm, ZWART (VIE0542-128-ZW)",TRUE,FALSE,FALSE,TRUE,FALSE,FALSE,FALSE
956,"",FALSE,FALSE,FALSE,FALSE,FALSE,FALSE,FALSE
957,"Magneetsluiting",FALSE,FALSE,FALSE,FALSE,FALSE,FALSE,FALSE
958,"19              A45 voor opklapbed0711 CA45       Dummy 10mm     200        90       10",TRUE,FALSE,FALSE,FALSE,FALSE,FALSE,FALSE
959,"",FALSE,FALSE,FALSE,FALSE,FALSE,FALSE,FALSE
960," 20       Hangbaar_ZWART             GB00031695   Metaal 15mm   699.333     30       15",TRUE,FALSE,FALSE,FALSE,FALSE,FALSE,FALSE
961,"",FALSE,FALSE,FALSE,FALSE,FALSE,FALSE,FALSE
962," 21       Hangbaar_ZWART             GB00031695   Metaal 15mm   730.333     30       15",TRUE,FALSE,FALSE,FALSE,FALSE,FALSE,FALSE
963,"",FALSE,FALSE,FALSE,FALSE,FALSE,FALSE,FALSE
964," 22       Hangbaar_ZWART             GB00031695   Metaal 15mm   852.667     30       15",TRUE,FALSE,FALSE,FALSE,FALSE,FALSE,FALSE
965,"",FALSE,FALSE,FALSE,FALSE,FALSE,FALSE,FALSE
966," 23       Hangbaar_ZWART             GB00031695   Metaal 15mm   852.667     30       15",TRUE,FALSE,FALSE,FALSE,FALSE,FALSE,FALSE
967,"",FALSE,FALSE,FALSE,FALSE,FALSE,FALSE,FALSE
968,"                                                                                                                               Aantal onderdelen: 23",FALSE,FALSE,TRUE,FALSE,FALSE,FALSE,FALSE
969,"",FALSE,FALSE,FALSE,FALSE,FALSE,FALSE,FALSE
970,"",FALSE,FALSE,FALSE,FALSE,FALSE,FALSE,FALSE
971,"",FALSE,FALSE,FALSE,FALSE,FALSE,FALSE,FALSE
972,"",FALSE,FALSE,FALSE,FALSE,FALSE,FALSE,FALSE
973,"0411_MO07199_Hoekdressing - opklapbed (4-7)                                                                                            Page 16 of 21",FALSE,FALSE,FALSE,FALSE,FALSE,FALSE,FALSE
974,"                                                                                                                                                 Magazijn",FALSE,TRUE,FALSE,FALSE,FALSE,TRUE,FALSE
975,"",FALSE,FALSE,FALSE,FALSE,FALSE,FALSE,FALSE
976,"                                                                                                                       MO07199",FALSE,FALSE,FALSE,FALSE,FALSE,FALSE,FALSE
977,"                                              Klant:",FALSE,FALSE,FALSE,FALSE,FALSE,FALSE,FALSE
978,"",FALSE,FALSE,FALSE,FALSE,FALSE,FALSE,FALSE
979,"                                              Rudi Matterne",FALSE,FALSE,FALSE,FALSE,FALSE,FALSE,FALSE
980,"                                              Tekenaar:",FALSE,FALSE,FALSE,FALSE,FALSE,FALSE,FALSE
981,"",FALSE,FALSE,FALSE,FALSE,FALSE,FALSE,FALSE
982,"                  S8                          JW",FALSE,FALSE,FALSE,FALSE,FALSE,FALSE,FALSE
983,"",FALSE,FALSE,FALSE,FALSE,FALSE,FALSE,FALSE
984,"                                                                                                                                                  S04479",FALSE,FALSE,FALSE,FALSE,FALSE,FALSE,FALSE
985,"                                              Project:",FALSE,FALSE,FALSE,FALSE,FALSE,FALSE,FALSE
986,"",FALSE,FALSE,FALSE,FALSE,FALSE,FALSE,FALSE
987,"                                              0411_MO07199_Hoekdressing - opklapbed (4-7)",FALSE,FALSE,FALSE,FALSE,FALSE,FALSE,FALSE
988,"",FALSE,FALSE,FALSE,FALSE,FALSE,FALSE,FALSE
989,"              Schuren",FALSE,FALSE,FALSE,FALSE,FALSE,FALSE,FALSE
990,"                                                                                                  Opus:",FALSE,FALSE,FALSE,FALSE,FALSE,FALSE,FALSE
991,"",FALSE,FALSE,FALSE,FALSE,FALSE,FALSE,FALSE
992,"                                                                                            Macro deursensors",FALSE,FALSE,FALSE,FALSE,FALSE,FALSE,FALSE
993,"",FALSE,FALSE,FALSE,FALSE,FALSE,FALSE,FALSE
994,"",FALSE,FALSE,FALSE,FALSE,FALSE,FALSE,FALSE
995,"",FALSE,FALSE,FALSE,FALSE,FALSE,FALSE,FALSE
996,"",FALSE,FALSE,FALSE,FALSE,FALSE,FALSE,FALSE
997," N°                           Beschrijving                      Aantal stuks                                       GB nummer",FALSE,FALSE,FALSE,FALSE,FALSE,FALSE,FALSE
998,"",FALSE,FALSE,FALSE,FALSE,FALSE,FALSE,FALSE
999,"  1                     3delig verbindingsbeslag                    10                       GB00030944 - GB00030945 - GB00030946 - GB00020711",TRUE,FALSE,FALSE,FALSE,FALSE,FALSE,FALSE
1000,"",FALSE,FALSE,FALSE,FALSE,FALSE,FALSE,FALSE
1001,"  2                        Afpunting Ø2,5x3                         33                                          Afpunting Ø2,5x3",TRUE,FALSE,FALSE,FALSE,FALSE,FALSE,FALSE
1002,"",FALSE,FALSE,FALSE,FALSE,FALSE,FALSE,FALSE
1003,"  3                           Drevel 8x35                           22                                            GB00022500",TRUE,FALSE,FALSE,FALSE,FALSE,FALSE,FALSE
1004,"",FALSE,FALSE,FALSE,FALSE,FALSE,FALSE,FALSE
1005,"  4                     Drevel 8x35_Doorboren                       6                                             GB00022500",TRUE,FALSE,FALSE,FALSE,FALSE,FALSE,FALSE
1006,"",FALSE,FALSE,FALSE,FALSE,FALSE,FALSE,FALSE
1007,"  5          Excentrisch verbindingsbeslag afstand 9,5mm            24                                    GB00030952, GB00030953",TRUE,FALSE,FALSE,FALSE,FALSE,FALSE,FALSE
1008,"",FALSE,FALSE,FALSE,FALSE,FALSE,FALSE,FALSE
1009,"  6     Excentrisch verbindingsbeslag afstand 9,5mm hoekkast        4                                     GB00030952, GB00030953",TRUE,FALSE,FALSE,FALSE,FALSE,FALSE,FALSE
1010,"",FALSE,FALSE,FALSE,FALSE,FALSE,FALSE,FALSE
1011,"  7    Excentrisch verbindingsbeslag afstand 9,5mm ondercorps       14                                    GB00030952, GB00030953",TRUE,FALSE,FALSE,FALSE,FALSE,FALSE,FALSE
1012,"",FALSE,FALSE,FALSE,FALSE,FALSE,FALSE,FALSE
1013,"  8   Excentrisch verbindingsbeslag afstand 9,5mm tussenschab       36                                    GB00030952, GB00030953",TRUE,FALSE,FALSE,FALSE,FALSE,FALSE,FALSE
1014,"",FALSE,FALSE,FALSE,FALSE,FALSE,FALSE,FALSE
1015,"  9                    LED_Deursensor_1d_nieuw                      2",TRUE,FALSE,FALSE,FALSE,FALSE,FALSE,FALSE
1016,"",FALSE,FALSE,FALSE,FALSE,FALSE,FALSE,FALSE
1017," 10                    LED_Deursensor_2d_nieuw                      2",TRUE,FALSE,FALSE,FALSE,FALSE,FALSE,FALSE
1018,"",FALSE,FALSE,FALSE,FALSE,FALSE,FALSE,FALSE
1019," 11                      LED_Dupont_Maatwerk                        1",TRUE,FALSE,FALSE,FALSE,FALSE,FALSE,FALSE
1020,"",FALSE,FALSE,FALSE,FALSE,FALSE,FALSE,FALSE
1021," 12                    LED_Dupont_Soldeerwerk                       7",TRUE,FALSE,FALSE,FALSE,FALSE,FALSE,FALSE
1022,"",FALSE,FALSE,FALSE,FALSE,FALSE,FALSE,FALSE
1023,"",FALSE,FALSE,FALSE,FALSE,FALSE,FALSE,FALSE
1024,"0411_MO07199_Hoekdressing - opklapbed (4-7)                                                                                                         Page 17 of 21",FALSE,FALSE,FALSE,FALSE,FALSE,FALSE,FALSE
1025," N°                           Beschrijving              Aantal stuks                       GB nummer",FALSE,FALSE,FALSE,FALSE,FALSE,FALSE,FALSE
1026,"",FALSE,FALSE,FALSE,FALSE,FALSE,FALSE,FALSE
1027," 13                   LED_Dupont_Transfo_200W               1",TRUE,FALSE,FALSE,FALSE,FALSE,FALSE,FALSE
1028,"",FALSE,FALSE,FALSE,FALSE,FALSE,FALSE,FALSE
1029," 14                       LED_Dupont_Wago-2                 10",TRUE,FALSE,FALSE,FALSE,FALSE,FALSE,FALSE
1030,"",FALSE,FALSE,FALSE,FALSE,FALSE,FALSE,FALSE
1031," 15                       LED_Dupont_Wago-3                 3",TRUE,FALSE,FALSE,FALSE,FALSE,FALSE,FALSE
1032,"",FALSE,FALSE,FALSE,FALSE,FALSE,FALSE,FALSE
1033," 16                       LED_Dupont_Wago-5                 4",TRUE,FALSE,FALSE,FALSE,FALSE,FALSE,FALSE
1034,"",FALSE,FALSE,FALSE,FALSE,FALSE,FALSE,FALSE
1035," 17                   LED_inbouw_Touchdimmer                1                             GL00030948",TRUE,FALSE,FALSE,FALSE,FALSE,FALSE,FALSE
1036,"",FALSE,FALSE,FALSE,FALSE,FALSE,FALSE,FALSE
1037," 18                     LED_Kabelgroef_zijkant              1",TRUE,FALSE,FALSE,FALSE,FALSE,FALSE,FALSE
1038,"",FALSE,FALSE,FALSE,FALSE,FALSE,FALSE,FALSE
1039," 19                      LED_verlichting_4x8_               7                             Led Dupont",TRUE,FALSE,FALSE,FALSE,FALSE,FALSE,FALSE
1040,"",FALSE,FALSE,FALSE,FALSE,FALSE,FALSE,FALSE
1041," 20                       Stanghouder ZWART                 8                       GB00031696 GB00031697",TRUE,FALSE,FALSE,FALSE,FALSE,FALSE,FALSE
1042,"",FALSE,FALSE,FALSE,FALSE,FALSE,FALSE,FALSE
1043," 21                        Stelvoet dressing                14                            GB00030951",TRUE,FALSE,FALSE,FALSE,FALSE,FALSE,FALSE
1044,"",FALSE,FALSE,FALSE,FALSE,FALSE,FALSE,FALSE
1045," 22                           V_groef_45°                   4",TRUE,FALSE,FALSE,FALSE,FALSE,FALSE,FALSE
1046,"",FALSE,FALSE,FALSE,FALSE,FALSE,FALSE,FALSE
1047," 23                          VAR_Boorgat_                   10",TRUE,FALSE,FALSE,FALSE,FALSE,FALSE,FALSE
1048,"",FALSE,FALSE,FALSE,FALSE,FALSE,FALSE,FALSE
1049," 24                      VAR_Rechthoekig_gat                2",TRUE,FALSE,FALSE,FALSE,FALSE,FALSE,FALSE
1050,"",FALSE,FALSE,FALSE,FALSE,FALSE,FALSE,FALSE
1051," 25                          VAR_Rond_gat                   3",TRUE,FALSE,FALSE,FALSE,FALSE,FALSE,FALSE
1052,"",FALSE,FALSE,FALSE,FALSE,FALSE,FALSE,FALSE
1053," 26                    Sensys 165° B3 - D0 zwart            10         GB00031699 - GB00031287 - GB00031281 - GB00031463",TRUE,FALSE,FALSE,FALSE,FALSE,FALSE,FALSE
1054,"",FALSE,FALSE,FALSE,FALSE,FALSE,FALSE,FALSE
1055," 27                        Sensys B12,5 - D0                13         GB00031278 - GB00031287 - GB00031281 - GB00031463",TRUE,FALSE,FALSE,FALSE,FALSE,FALSE,FALSE
1056,"",FALSE,FALSE,FALSE,FALSE,FALSE,FALSE,FALSE
1057," 28                       Sensys B3 - D0 Zwart              10         GB00031279 - GB00031287 - GB00031281 - GB00031463",TRUE,FALSE,FALSE,FALSE,FALSE,FALSE,FALSE
1058,"",FALSE,FALSE,FALSE,FALSE,FALSE,FALSE,FALSE
1059," 29              Inhangbeslag multiclip_zonder boring       24                GB00017932 (2x) en GB00022339 (4x)",TRUE,FALSE,FALSE,FALSE,FALSE,FALSE,FALSE
1060,"",FALSE,FALSE,FALSE,FALSE,FALSE,FALSE,FALSE
1061," 30                          Mof M6_12x12                   30                            GB00031261",TRUE,FALSE,FALSE,FALSE,FALSE,FALSE,FALSE
1062,"",FALSE,FALSE,FALSE,FALSE,FALSE,FALSE,FALSE
1063," 31                     Handgreep T55 320mm                 5                    GB00031273 - GB00022619 (2x)",TRUE,FALSE,FALSE,FALSE,FALSE,FALSE,FALSE
1064,"",FALSE,FALSE,FALSE,FALSE,FALSE,FALSE,FALSE
1065," 32                 Spiegel 1530x274x4 RP dressing          1                            GG00000010",TRUE,FALSE,FALSE,FALSE,FALSE,FALSE,FALSE
1066,"",FALSE,FALSE,FALSE,FALSE,FALSE,FALSE,FALSE
1067," 33                       Push 2 Open_inboor                1                              GB31726",TRUE,FALSE,FALSE,FALSE,FALSE,FALSE,FALSE
1068,"",FALSE,FALSE,FALSE,FALSE,FALSE,FALSE,FALSE
1069," 34              Achterwandschroef Ø4x35mm_WAND             18                            GB00031082",TRUE,FALSE,FALSE,FALSE,FALSE,FALSE,FALSE
1070,"",FALSE,FALSE,FALSE,FALSE,FALSE,FALSE,FALSE
1071,"",FALSE,FALSE,FALSE,FALSE,FALSE,FALSE,FALSE
1072,"0411_MO07199_Hoekdressing - opklapbed (4-7)                                                                                Page 18 of 21",FALSE,FALSE,FALSE,FALSE,FALSE,FALSE,FALSE
1073," N°                            Beschrijving                  Aantal stuks                               GB nummer",FALSE,FALSE,FALSE,FALSE,FALSE,FALSE,FALSE
1074,"",FALSE,FALSE,FALSE,FALSE,FALSE,FALSE,FALSE
1075," 35                       schroef Ø4x35mm_WAND                   4                                     GB00022340",TRUE,FALSE,FALSE,FALSE,FALSE,FALSE,FALSE
1076,"",FALSE,FALSE,FALSE,FALSE,FALSE,FALSE,FALSE
1077," 36                       schroef Ø4x45mm_PAR_                   4                                     GB00031063",TRUE,FALSE,FALSE,FALSE,FALSE,FALSE,FALSE
1078,"",FALSE,FALSE,FALSE,FALSE,FALSE,FALSE,FALSE
1079," 37                      Schroef_4x45_TB_Verz_PAR                16                                    GB00031063",TRUE,FALSE,FALSE,FALSE,FALSE,FALSE,FALSE
1080,"",FALSE,FALSE,FALSE,FALSE,FALSE,FALSE,FALSE
1081,"                                                                                                                                         Aantal onderdelen: 37",FALSE,FALSE,TRUE,FALSE,FALSE,FALSE,FALSE
1082,"",FALSE,FALSE,FALSE,FALSE,FALSE,FALSE,FALSE
1083,"",FALSE,FALSE,FALSE,FALSE,FALSE,FALSE,FALSE
1084,"",FALSE,FALSE,FALSE,FALSE,FALSE,FALSE,FALSE
1085,"",FALSE,FALSE,FALSE,FALSE,FALSE,FALSE,FALSE
1086,"Project:",FALSE,FALSE,FALSE,FALSE,FALSE,FALSE,FALSE
1087,"                                                                                                                             Te bestellen",FALSE,FALSE,FALSE,FALSE,FALSE,FALSE,TRUE
1088,"             0411_MO07199_Hoekdressing - opklapbed (4-7)",FALSE,FALSE,FALSE,FALSE,FALSE,FALSE,FALSE
1089," N°            Onderdeel            opmerking        Materiaal              Lengte   Breedte   Dikte                Opmerkingen",FALSE,FALSE,FALSE,FALSE,FALSE,FALSE,FALSE
1090,"",FALSE,FALSE,FALSE,FALSE,FALSE,FALSE,FALSE
1091,"  1               Led_                              Dummy 02mm               1000      300      2                   (niet ingeven)",TRUE,FALSE,FALSE,FALSE,FALSE,FALSE,FALSE
1092,"",FALSE,FALSE,FALSE,FALSE,FALSE,FALSE,FALSE
1093,"  2        LED_SNOER standaard                      Dummy 03mm               3000       3       3",TRUE,FALSE,FALSE,FALSE,FALSE,FALSE,FALSE
1094,"",FALSE,FALSE,FALSE,FALSE,FALSE,FALSE,FALSE
1095,"  3        LED_SNOER standaard                      Dummy 03mm               3000       3       3",TRUE,FALSE,FALSE,FALSE,FALSE,FALSE,FALSE
1096,"",FALSE,FALSE,FALSE,FALSE,FALSE,FALSE,FALSE
1097,"  4        LED_SNOER standaard                      Dummy 03mm               3000       3       3",TRUE,FALSE,FALSE,FALSE,FALSE,FALSE,FALSE
1098,"",FALSE,FALSE,FALSE,FALSE,FALSE,FALSE,FALSE
1099,"  5        LED_SNOER standaard                      Dummy 03mm               3000       3       3",TRUE,FALSE,FALSE,FALSE,FALSE,FALSE,FALSE
1100,"",FALSE,FALSE,FALSE,FALSE,FALSE,FALSE,FALSE
1101,"  6        LED_SNOER standaard                      Dummy 03mm               3000       3       3",TRUE,FALSE,FALSE,FALSE,FALSE,FALSE,FALSE
1102,"",FALSE,FALSE,FALSE,FALSE,FALSE,FALSE,FALSE
1103,"  7        LED_SNOER standaard                      Dummy 03mm               3000       3       3",TRUE,FALSE,FALSE,FALSE,FALSE,FALSE,FALSE
1104,"",FALSE,FALSE,FALSE,FALSE,FALSE,FALSE,FALSE
1105,"  8        LED_SNOER standaard                      Dummy 03mm               3000       3       3",TRUE,FALSE,FALSE,FALSE,FALSE,FALSE,FALSE
1106,"",FALSE,FALSE,FALSE,FALSE,FALSE,FALSE,FALSE
1107,"  9           LED_Strip_4x8                         Dummy 04mm               2571       8       4               Lengte delen door 5000",TRUE,FALSE,FALSE,FALSE,FALSE,FALSE,FALSE
1108,"",FALSE,FALSE,FALSE,FALSE,FALSE,FALSE,FALSE
1109," 10           LED_Strip_4x8                         Dummy 04mm               2571       8       4               Lengte delen door 5000",TRUE,FALSE,FALSE,FALSE,FALSE,FALSE,FALSE
1110,"",FALSE,FALSE,FALSE,FALSE,FALSE,FALSE,FALSE
1111," 11           LED_Strip_4x8                         Dummy 04mm               2571       8       4               Lengte delen door 5000",TRUE,FALSE,FALSE,FALSE,FALSE,FALSE,FALSE
1112,"",FALSE,FALSE,FALSE,FALSE,FALSE,FALSE,FALSE
1113," 12           LED_Strip_4x8                         Dummy 04mm               2571       8       4               Lengte delen door 5000",TRUE,FALSE,FALSE,FALSE,FALSE,FALSE,FALSE
1114,"",FALSE,FALSE,FALSE,FALSE,FALSE,FALSE,FALSE
1115," 13           LED_Strip_4x8                         Dummy 04mm               2571       8       4               Lengte delen door 5000",TRUE,FALSE,FALSE,FALSE,FALSE,FALSE,FALSE
1116,"",FALSE,FALSE,FALSE,FALSE,FALSE,FALSE,FALSE
1117," 14           LED_Strip_4x8                         Dummy 04mm               2571       8       4               Lengte delen door 5000",TRUE,FALSE,FALSE,FALSE,FALSE,FALSE,FALSE
1118,"",FALSE,FALSE,FALSE,FALSE,FALSE,FALSE,FALSE
1119," 15          LED_Strip_4x09                         Dummy 04mm               996        8       4               Lengte delen door 5000",TRUE,FALSE,FALSE,FALSE,FALSE,FALSE,FALSE
1120,"",FALSE,FALSE,FALSE,FALSE,FALSE,FALSE,FALSE
1121,"",FALSE,FALSE,FALSE,FALSE,FALSE,FALSE,FALSE
1122,"0411_MO07199_Hoekdressing - opklapbed (4-7)                                                                                                      Page 19 of 21",FALSE,FALSE,FALSE,FALSE,FALSE,FALSE,FALSE
1123," N°          Onderdeel             opmerking       Materiaal    Lengte    Breedte   Dikte             Opmerkingen",FALSE,FALSE,FALSE,FALSE,FALSE,FALSE,FALSE
1124,"",FALSE,FALSE,FALSE,FALSE,FALSE,FALSE,FALSE
1125," 16",FALSE,FALSE,FALSE,FALSE,FALSE,FALSE,FALSE
1126," Opklapscharnieren duo lift FORTE                 Dummy 10mm     200        90       10                  1 set",FALSE,FALSE,FALSE,FALSE,FALSE,FALSE,FALSE
1127,"",FALSE,FALSE,FALSE,FALSE,FALSE,FALSE,FALSE
1128," 17      Opklapsysteem bed                        Dummy 10mm      90        200      10                  90x200",TRUE,FALSE,FALSE,FALSE,FALSE,FALSE,FALSE
1129,"",FALSE,FALSE,FALSE,FALSE,FALSE,FALSE,FALSE
1130," 18      Infreesgreep FOLD                        Dummy 10mm      90        200      10     174x46mm, ZWART (VIE0542-128-ZW)",TRUE,FALSE,FALSE,TRUE,FALSE,FALSE,FALSE
1131,"",FALSE,FALSE,FALSE,FALSE,FALSE,FALSE,FALSE
1132,"Magneetsluiting",FALSE,FALSE,FALSE,FALSE,FALSE,FALSE,FALSE
1133,"19              A45 voor opklapbed0711 CA45       Dummy 10mm     200        90       10",TRUE,FALSE,FALSE,FALSE,FALSE,FALSE,FALSE
1134,"",FALSE,FALSE,FALSE,FALSE,FALSE,FALSE,FALSE
1135," 20       Hangbaar_ZWART             GB00031695   Metaal 15mm   699.333     30       15",TRUE,FALSE,FALSE,FALSE,FALSE,FALSE,FALSE
1136,"",FALSE,FALSE,FALSE,FALSE,FALSE,FALSE,FALSE
1137," 21       Hangbaar_ZWART             GB00031695   Metaal 15mm   730.333     30       15",TRUE,FALSE,FALSE,FALSE,FALSE,FALSE,FALSE
1138,"",FALSE,FALSE,FALSE,FALSE,FALSE,FALSE,FALSE
1139," 22       Hangbaar_ZWART             GB00031695   Metaal 15mm   852.667     30       15",TRUE,FALSE,FALSE,FALSE,FALSE,FALSE,FALSE
1140,"",FALSE,FALSE,FALSE,FALSE,FALSE,FALSE,FALSE
1141," 23       Hangbaar_ZWART             GB00031695   Metaal 15mm   852.667     30       15",TRUE,FALSE,FALSE,FALSE,FALSE,FALSE,FALSE
1142,"",FALSE,FALSE,FALSE,FALSE,FALSE,FALSE,FALSE
1143,"                                                                                                                               Aantal onderdelen: 23",FALSE,FALSE,TRUE,FALSE,FALSE,FALSE,FALSE
1144,"",FALSE,FALSE,FALSE,FALSE,FALSE,FALSE,FALSE
1145,"",FALSE,FALSE,FALSE,FALSE,FALSE,FALSE,FALSE
1146,"",FALSE,FALSE,FALSE,FALSE,FALSE,FALSE,FALSE
1147,"",FALSE,FALSE,FALSE,FALSE,FALSE,FALSE,FALSE
1148,"0411_MO07199_Hoekdressing - opklapbed (4-7)                                                                                            Page 20 of 21",FALSE,FALSE,FALSE,FALSE,FALSE,FALSE,FALSE
1149,"                                                                    MO07199",FALSE,FALSE,FALSE,FALSE,FALSE,FALSE,FALSE
1150,"                                                                                                 S04479",FALSE,FALSE,FALSE,FALSE,FALSE,FALSE,FALSE
1151,"                S8           Project:",FALSE,FALSE,FALSE,FALSE,FALSE,FALSE,FALSE
1152,"                                        0411_MO07199_Hoekdressing - opklapbed (4-7)",FALSE,FALSE,FALSE,FALSE,FALSE,FALSE,FALSE
1153,"                             Klant:",FALSE,FALSE,FALSE,FALSE,FALSE,FALSE,FALSE
1154,"                                       Rudi Matterne",FALSE,FALSE,FALSE,FALSE,FALSE,FALSE,FALSE
1155,"info:                        Tekenaar: JW",FALSE,FALSE,FALSE,FALSE,FALSE,FALSE,FALSE
1156,"",FALSE,FALSE,FALSE,FALSE,FALSE,FALSE,FALSE
1157,"",FALSE,FALSE,FALSE,FALSE,FALSE,FALSE,FALSE
1158,"              Schuren                    Lakstraat: uurregistratie.",FALSE,FALSE,FALSE,FALSE,FALSE,FALSE,FALSE
1159,"                                         Opgelet: Controlelijst en tekeningen meegeven naar de lakstraat!",FALSE,TRUE,FALSE,FALSE,FALSE,FALSE,FALSE
1160,"Totaal aantal onderdelen:                                (bij bicolour dubbel afdrukken!)",FALSE,FALSE,TRUE,FALSE,FALSE,FALSE,FALSE
1161,"",FALSE,FALSE,FALSE,FALSE,FALSE,FALSE,FALSE
1162,"                            Opmerkingen:",FALSE,FALSE,FALSE,FALSE,FALSE,FALSE,FALSE
1163,"",FALSE,FALSE,FALSE,FALSE,FALSE,FALSE,FALSE
1164,"",FALSE,FALSE,FALSE,FALSE,FALSE,FALSE,FALSE
1165,"",FALSE,FALSE,FALSE,FALSE,FALSE,FALSE,FALSE
1166,"",FALSE,FALSE,FALSE,FALSE,FALSE,FALSE,FALSE
1167,"m²",FALSE,FALSE,FALSE,FALSE,FALSE,FALSE,FALSE
1168,"",FALSE,FALSE,FALSE,FALSE,FALSE,FALSE,FALSE
1169,"",FALSE,FALSE,FALSE,FALSE,FALSE,FALSE,FALSE
1170,"",FALSE,FALSE,FALSE,FALSE,FALSE,FALSE,FALSE
1171,"",FALSE,FALSE,FALSE,FALSE,FALSE,FALSE,FALSE
1172,"Bezetting",FALSE,FALSE,FALSE,FALSE,FALSE,FALSE,FALSE
1173,"                                                                     Opus:",FALSE,FALSE,FALSE,FALSE,FALSE,FALSE,FALSE
1174,"",FALSE,FALSE,FALSE,FALSE,FALSE,FALSE,FALSE
1175,"                                                             Macro deursensors",FALSE,FALSE,FALSE,FALSE,FALSE,FALSE,FALSE
1176,"",FALSE,FALSE,FALSE,FALSE,FALSE,FALSE,FALSE
1177,"",FALSE,FALSE,FALSE,FALSE,FALSE,FALSE,FALSE
1178,"",FALSE,FALSE,FALSE,FALSE,FALSE,FALSE,FALSE
1179,"",FALSE,FALSE,FALSE,FALSE,FALSE,FALSE,FALSE
1180,"Stelstukken",FALSE,FALSE,FALSE,FALSE,FALSE,FALSE,FALSE
1181,"",FALSE,FALSE,FALSE,FALSE,FALSE,FALSE,FALSE
1182,"",FALSE,FALSE,FALSE,FALSE,FALSE,FALSE,FALSE
1183,"",FALSE,FALSE,FALSE,FALSE,FALSE,FALSE,FALSE
1184,"",FALSE,FALSE,FALSE,FALSE,FALSE,FALSE,FALSE
1185,"Datum:                      begin:                                       einde:",FALSE,FALSE,FALSE,FALSE,FALSE,FALSE,FALSE
1186,"",FALSE,FALSE,FALSE,FALSE,FALSE,FALSE,FALSE
1187,"",FALSE,FALSE,FALSE,FALSE,FALSE,FALSE,FALSE
1188,"",FALSE,FALSE,FALSE,FALSE,FALSE,FALSE,FALSE
1189,"",FALSE,FALSE,FALSE,FALSE,FALSE,FALSE,FALSE
1190,"Stilstanden / oorzaak",FALSE,FALSE,FALSE,FALSE,FALSE,FALSE,FALSE
1191,"",FALSE,FALSE,FALSE,FALSE,FALSE,FALSE,FALSE
1192,"",FALSE,FALSE,FALSE,FALSE,FALSE,FALSE,FALSE
1193,"",FALSE,FALSE,FALSE,FALSE,FALSE,FALSE,FALSE
1194,"",FALSE,FALSE,FALSE,FALSE,FALSE,FALSE,FALSE
1195,"                                                                                                            Page 21 of 21",FALSE,FALSE,FALSE,FALSE,FALSE,FALSE,FALSE
1196,"",FALSE,FALSE,FALSE,FALSE,FALSE,FALSE,FALSE
